date,region,product,category,revenue,cost,profit,units,customer,channel,inventory,discount
2024-01-01,North,Atlas,Hardware,1647.28,829.29,817.99,23,C-01317,Online,123,0.0632
2024-01-01,North,Nova,Software,1557.24,1081.42,475.82,17,C-01954,Partner,147,0.1092
2024-01-01,North,Pulse,Services,1670.89,1172.11,498.77,19,C-00692,Partner,115,0.0713
2024-01-01,South,Atlas,Hardware,1614.36,993.4,620.96,24,C-00910,Partner,128,0.165
2024-01-01,South,Nova,Software,1772.94,1211.13,561.81,16,C-01990,Direct,117,0.1294
2024-01-01,South,Pulse,Services,1591.27,1078.92,512.36,20,C-01920,Online,125,0.0729
2024-01-01,East,Atlas,Hardware,1840.02,1265.05,574.96,20,C-02013,Direct,126,0.1198
2024-01-01,East,Nova,Software,1914.63,1139.74,774.89,22,C-00094,Direct,155,0.0444
2024-01-01,East,Pulse,Services,1697.55,1105.77,591.78,19,C-01414,Partner,137,0.1536
2024-01-01,West,Atlas,Hardware,2048.13,1283.38,764.75,17,C-02482,Online,92,0.0943
2024-01-01,West,Nova,Software,1799.78,1098.03,701.75,15,C-01263,Online,135,0.1324
2024-01-01,West,Pulse,Services,1888.24,1158.02,730.22,13,C-01929,Online,131,0.1306
2024-01-02,North,Atlas,Hardware,1539.33,1056.87,482.46,13,C-00416,Partner,109,0.1106
2024-01-02,North,Nova,Software,1595.83,909.93,685.9,11,C-00916,Online,98,0.0341
2024-01-02,North,Pulse,Services,1552.56,892.17,660.39,22,C-01843,Direct,97,0.1685
2024-01-02,South,Atlas,Hardware,1668.23,1095.43,572.8,14,C-01368,Direct,85,0.1478
2024-01-02,South,Nova,Software,1727.85,1299.56,428.29,17,C-00237,Partner,95,0.0862
2024-01-02,South,Pulse,Services,1743.39,1159.32,584.07,18,C-01695,Direct,91,0.1199
2024-01-02,East,Atlas,Hardware,1734.63,1187.28,547.34,19,C-00737,Direct,84,0.0683
2024-01-02,East,Nova,Software,1680.13,1417.98,262.15,11,C-01103,Online,96,0.1241
2024-01-02,East,Pulse,Services,1518.24,906.62,611.62,16,C-00712,Direct,145,0.122
2024-01-02,West,Atlas,Hardware,1960.16,1187.78,772.39,19,C-00298,Direct,126,0.1029
2024-01-02,West,Nova,Software,2193.74,1222.03,971.71,12,C-00592,Direct,102,0.1159
2024-01-02,West,Pulse,Services,2246.02,1583.92,662.1,22,C-01588,Direct,116,0.073
2024-01-03,North,Atlas,Hardware,1605.77,889.93,715.84,13,C-02424,Online,124,0.0805
2024-01-03,North,Nova,Software,1840.65,1346.29,494.36,24,C-00056,Online,110,0.1172
2024-01-03,North,Pulse,Services,1772.1,982.25,789.85,21,C-02370,Direct,159,0.1293
2024-01-03,South,Atlas,Hardware,1971.62,1109.05,862.57,13,C-00702,Direct,135,0.1019
2024-01-03,South,Nova,Software,1664.47,1229.25,435.22,13,C-00699,Direct,135,0.1098
2024-01-03,South,Pulse,Services,1424.41,824.06,600.35,20,C-02161,Online,141,0.1078
2024-01-03,East,Atlas,Hardware,1639.36,1164.26,475.1,17,C-01271,Partner,152,0.1114
2024-01-03,East,Nova,Software,1809.28,1169.4,639.88,20,C-01873,Partner,180,0.0787
2024-01-03,East,Pulse,Services,2103.83,1259.46,844.37,22,C-02118,Direct,148,0.0716
2024-01-03,West,Atlas,Hardware,1835.97,1038.48,797.49,14,C-02334,Online,173,0.0806
2024-01-03,West,Nova,Software,1864.92,1025.48,839.44,17,C-02487,Online,164,0.0705
2024-01-03,West,Pulse,Services,2362.92,1798.2,564.72,19,C-00797,Direct,114,0.0573
2024-01-04,North,Atlas,Hardware,1728.69,939.99,788.7,15,C-01351,Direct,113,0.1296
2024-01-04,North,Nova,Software,1649.64,1073.72,575.92,19,C-02071,Direct,121,0.085
2024-01-04,North,Pulse,Services,1615.99,1352.56,263.43,8,C-00571,Direct,157,0.0775
2024-01-04,South,Atlas,Hardware,1781.92,1001.67,780.25,16,C-00234,Online,126,0.0757
2024-01-04,South,Nova,Software,1795.6,1112.46,683.14,22,C-01848,Direct,113,0.0315
2024-01-04,South,Pulse,Services,1748.1,1140.38,607.72,17,C-00625,Direct,111,0.1762
2024-01-04,East,Atlas,Hardware,1581.25,1107.62,473.64,14,C-01843,Direct,118,0.1248
2024-01-04,East,Nova,Software,1683.31,1129.05,554.25,18,C-02402,Online,130,0.0949
2024-01-04,East,Pulse,Services,1956.03,1387.36,568.68,20,C-00088,Direct,138,0.0967
2024-01-04,West,Atlas,Hardware,1918.33,1313.34,604.99,22,C-02492,Online,95,0.1627
2024-01-04,West,Nova,Software,1950.73,1159.39,791.34,11,C-00324,Partner,134,0.0553
2024-01-04,West,Pulse,Services,1613.74,966.02,647.72,18,C-02113,Direct,82,0.1237
2024-01-05,North,Atlas,Hardware,1834.28,1278.42,555.85,17,C-01827,Partner,125,0.1266
2024-01-05,North,Nova,Software,1654.25,1041.06,613.19,16,C-02404,Direct,143,0.1222
2024-01-05,North,Pulse,Services,1466.78,854.31,612.46,21,C-00902,Online,140,0.1044
2024-01-05,South,Atlas,Hardware,1731.92,1302.92,429.0,20,C-00081,Online,122,0.1698
2024-01-05,South,Nova,Software,1920.15,1122.15,797.99,15,C-00031,Direct,132,0.0379
2024-01-05,South,Pulse,Services,1770.32,1219.99,550.33,15,C-01665,Online,104,0.0464
2024-01-05,East,Atlas,Hardware,1860.31,1098.83,761.47,24,C-01134,Direct,124,0.1442
2024-01-05,East,Nova,Software,1959.24,1237.79,721.45,20,C-00391,Direct,72,0.0923
2024-01-05,East,Pulse,Services,1652.27,1144.13,508.14,23,C-02421,Online,124,0.0433
2024-01-05,West,Atlas,Hardware,2108.2,1549.0,559.2,7,C-01371,Partner,99,0.1697
2024-01-05,West,Nova,Software,1864.08,1297.86,566.21,14,C-01307,Online,86,0.0434
2024-01-05,West,Pulse,Services,2007.22,1199.62,807.61,21,C-01926,Direct,94,0.0632
2024-01-06,North,Atlas,Hardware,1529.67,1017.75,511.93,20,C-00621,Online,111,0.1293
2024-01-06,North,Nova,Software,1410.4,937.09,473.31,13,C-02285,Partner,169,0.158
2024-01-06,North,Pulse,Services,1634.61,1084.26,550.35,15,C-01002,Partner,127,0.1172
2024-01-06,South,Atlas,Hardware,1613.71,980.96,632.75,19,C-00747,Partner,166,0.0385
2024-01-06,South,Nova,Software,1894.91,1175.03,719.89,19,C-01468,Partner,134,0.0667
2024-01-06,South,Pulse,Services,1685.35,1385.09,300.27,17,C-02405,Partner,154,0.1579
2024-01-06,East,Atlas,Hardware,1857.82,1087.63,770.18,18,C-00615,Direct,99,0.1361
2024-01-06,East,Nova,Software,1941.06,1303.96,637.1,9,C-01219,Direct,142,0.1588
2024-01-06,East,Pulse,Services,1578.99,931.03,647.96,16,C-01672,Direct,48,0.0949
2024-01-06,West,Atlas,Hardware,1875.74,1261.54,614.2,22,C-00361,Online,112,0.2189
2024-01-06,West,Nova,Software,1968.97,1352.25,616.72,14,C-01779,Direct,141,0.1061
2024-01-06,West,Pulse,Services,2190.74,1334.21,856.53,13,C-00822,Direct,123,0.0663
2024-01-07,North,Atlas,Hardware,1666.27,1014.09,652.18,13,C-02352,Direct,82,0.1804
2024-01-07,North,Nova,Software,1721.26,1006.83,714.42,19,C-00673,Direct,100,0.0858
2024-01-07,North,Pulse,Services,1664.73,1089.13,575.6,20,C-01813,Partner,136,0.1019
2024-01-07,South,Atlas,Hardware,1834.91,1435.73,399.18,18,C-00925,Partner,112,0.1273
2024-01-07,South,Nova,Software,1629.56,984.31,645.25,16,C-01293,Direct,118,0.0635
2024-01-07,South,Pulse,Services,1787.3,1236.38,550.92,13,C-00648,Direct,104,0.1123
2024-01-07,East,Atlas,Hardware,1928.34,1269.51,658.83,19,C-00426,Online,124,0.1185
2024-01-07,East,Nova,Software,1637.87,1089.91,547.96,18,C-01288,Online,92,0.1701
2024-01-07,East,Pulse,Services,1806.22,1007.22,799.01,12,C-01625,Partner,125,0.0618
2024-01-07,West,Atlas,Hardware,2192.43,1149.66,1042.77,15,C-00745,Direct,109,0.055
2024-01-07,West,Nova,Software,1883.34,1373.35,509.99,17,C-00555,Partner,104,0.1466
2024-01-07,West,Pulse,Services,2037.29,1337.42,699.87,8,C-01907,Online,130,0.1443
2024-01-08,North,Atlas,Hardware,1516.14,905.17,610.97,22,C-00255,Partner,109,0.0523
2024-01-08,North,Nova,Software,1637.75,987.0,650.75,20,C-01750,Online,152,0.1221
2024-01-08,North,Pulse,Services,1482.21,906.56,575.64,16,C-01775,Partner,112,0.0014
2024-01-08,South,Atlas,Hardware,1701.59,1151.49,550.1,14,C-01125,Online,136,0.1015
2024-01-08,South,Nova,Software,2040.73,1393.96,646.77,17,C-00467,Online,89,0.1177
2024-01-08,South,Pulse,Services,1492.15,936.78,555.36,25,C-00258,Partner,93,0.1174
2024-01-08,East,Atlas,Hardware,1938.25,1404.99,533.26,17,C-01125,Partner,79,0.1244
2024-01-08,East,Nova,Software,1850.55,963.4,887.14,15,C-01402,Direct,131,0.0694
2024-01-08,East,Pulse,Services,1777.3,1048.66,728.64,19,C-02137,Direct,140,0.0
2024-01-08,West,Atlas,Hardware,2013.75,1265.27,748.48,19,C-01588,Partner,135,0.2172
2024-01-08,West,Nova,Software,2144.59,1491.26,653.34,22,C-00799,Direct,108,0.0865
2024-01-08,West,Pulse,Services,1901.5,917.24,984.26,17,C-01849,Direct,101,0.1241
2024-01-09,North,Atlas,Hardware,1300.91,933.93,366.98,17,C-00119,Direct,95,0.0666
2024-01-09,North,Nova,Software,1629.1,1106.32,522.78,21,C-01227,Partner,135,0.1572
2024-01-09,North,Pulse,Services,1635.38,1022.52,612.86,23,C-00688,Partner,82,0.1416
2024-01-09,South,Atlas,Hardware,1846.79,1327.77,519.02,23,C-01494,Direct,84,0.0942
2024-01-09,South,Nova,Software,1613.54,903.89,709.65,16,C-01237,Partner,130,0.1758
2024-01-09,South,Pulse,Services,1755.81,1143.15,612.66,13,C-02333,Direct,139,0.1347
2024-01-09,East,Atlas,Hardware,1622.48,922.47,700.01,14,C-01719,Online,122,0.0089
2024-01-09,East,Nova,Software,1992.33,1150.53,841.8,13,C-00728,Direct,112,0.1909
2024-01-09,East,Pulse,Services,1710.17,1171.08,539.09,22,C-00283,Partner,149,0.2022
2024-01-09,West,Atlas,Hardware,2059.49,1060.94,998.55,11,C-00959,Direct,106,0.1433
2024-01-09,West,Nova,Software,1781.78,1172.17,609.61,21,C-00370,Partner,120,0.1857
2024-01-09,West,Pulse,Services,1996.76,1095.85,900.91,13,C-00663,Direct,118,0.0608
2024-01-10,North,Atlas,Hardware,1902.26,1073.31,828.95,24,C-00456,Direct,102,0.1502
2024-01-10,North,Nova,Software,1460.32,922.06,538.25,20,C-00130,Partner,145,0.133
2024-01-10,North,Pulse,Services,1790.36,1189.02,601.34,19,C-01880,Online,150,0.1118
2024-01-10,South,Atlas,Hardware,1911.11,1145.8,765.31,18,C-00897,Partner,107,0.104
2024-01-10,South,Nova,Software,1660.54,1094.5,566.04,17,C-00900,Online,108,0.124
2024-01-10,South,Pulse,Services,1960.09,1258.45,701.64,18,C-01615,Partner,117,0.0577
2024-01-10,East,Atlas,Hardware,2037.67,1143.25,894.42,22,C-01947,Online,101,0.0
2024-01-10,East,Nova,Software,1731.93,1067.71,664.22,14,C-00526,Online,120,0.0953
2024-01-10,East,Pulse,Services,2115.9,1825.0,290.89,17,C-01429,Partner,103,0.1058
2024-01-10,West,Atlas,Hardware,2112.12,1356.35,755.77,18,C-00907,Partner,120,0.0937
2024-01-10,West,Nova,Software,2020.42,1154.18,866.24,16,C-00496,Direct,118,0.1291
2024-01-10,West,Pulse,Services,1983.79,1213.11,770.67,14,C-00143,Partner,118,0.0788
2024-01-11,North,Atlas,Hardware,1686.29,855.9,830.39,28,C-02210,Direct,119,0.0646
2024-01-11,North,Nova,Software,1613.82,1065.48,548.34,28,C-02354,Direct,109,0.1053
2024-01-11,North,Pulse,Services,1283.11,784.51,498.6,19,C-00205,Direct,112,0.0333
2024-01-11,South,Atlas,Hardware,1908.01,1016.03,891.99,21,C-02089,Partner,122,0.0796
2024-01-11,South,Nova,Software,1734.48,1082.7,651.78,27,C-01817,Direct,121,0.1815
2024-01-11,South,Pulse,Services,1599.8,954.2,645.6,17,C-02198,Online,147,0.0762
2024-01-11,East,Atlas,Hardware,2074.12,1281.28,792.84,15,C-00092,Online,122,0.1338
2024-01-11,East,Nova,Software,1783.0,1192.76,590.23,18,C-02064,Partner,121,0.1025
2024-01-11,East,Pulse,Services,1866.73,1044.32,822.41,13,C-00411,Direct,142,0.1302
2024-01-11,West,Atlas,Hardware,2101.42,1521.48,579.95,16,C-02428,Partner,111,0.1195
2024-01-11,West,Nova,Software,2024.55,1051.47,973.09,22,C-02099,Direct,131,0.0
2024-01-11,West,Pulse,Services,1807.31,1440.43,366.88,16,C-00136,Online,129,0.078
2024-01-12,North,Atlas,Hardware,1884.54,1201.41,683.13,17,C-01382,Online,113,0.1159
2024-01-12,North,Nova,Software,1542.48,975.72,566.76,12,C-01242,Partner,134,0.1516
2024-01-12,North,Pulse,Services,1505.14,814.01,691.13,17,C-00183,Partner,131,0.0631
2024-01-12,South,Atlas,Hardware,1538.14,1052.46,485.69,20,C-02470,Partner,127,0.1203
2024-01-12,South,Nova,Software,1716.21,1085.19,631.02,16,C-02236,Partner,138,0.0883
2024-01-12,South,Pulse,Services,1777.66,1046.96,730.71,17,C-01742,Partner,135,0.1159
2024-01-12,East,Atlas,Hardware,1870.53,1296.16,574.37,20,C-00763,Direct,90,0.1253
2024-01-12,East,Nova,Software,2079.23,1182.1,897.13,23,C-00431,Direct,113,0.0875
2024-01-12,East,Pulse,Services,1821.25,896.86,924.39,14,C-01923,Online,67,0.1379
2024-01-12,West,Atlas,Hardware,1985.32,1338.03,647.29,17,C-01349,Partner,119,0.1098
2024-01-12,West,Nova,Software,2123.08,1216.88,906.21,26,C-02142,Partner,136,0.0849
2024-01-12,West,Pulse,Services,1994.87,1337.81,657.06,25,C-00053,Online,115,0.0757
2024-01-13,North,Atlas,Hardware,1670.22,1086.46,583.76,17,C-01585,Direct,122,0.22
2024-01-13,North,Nova,Software,1718.8,1236.26,482.54,14,C-01428,Direct,118,0.1031
2024-01-13,North,Pulse,Services,1498.88,938.63,560.26,23,C-01513,Direct,114,0.1305
2024-01-13,South,Atlas,Hardware,1533.36,1282.88,250.48,13,C-02195,Online,154,0.0689
2024-01-13,South,Nova,Software,1799.66,1165.69,633.97,22,C-00560,Partner,86,0.1032
2024-01-13,South,Pulse,Services,1540.49,986.83,553.66,17,C-00738,Online,124,0.1394
2024-01-13,East,Atlas,Hardware,1779.19,1213.2,565.99,17,C-00922,Online,93,0.1652
2024-01-13,East,Nova,Software,1975.92,1380.81,595.12,23,C-00589,Online,113,0.049
2024-01-13,East,Pulse,Services,1707.24,1228.12,479.12,13,C-00815,Direct,128,0.0992
2024-01-13,West,Atlas,Hardware,1840.97,1143.41,697.56,22,C-01867,Online,117,0.1303
2024-01-13,West,Nova,Software,1948.95,1153.76,795.19,23,C-00109,Direct,116,0.0156
2024-01-13,West,Pulse,Services,2171.14,1390.11,781.03,21,C-01786,Partner,64,0.1128
2024-01-14,North,Atlas,Hardware,1368.31,921.03,447.28,21,C-00844,Direct,144,0.0856
2024-01-14,North,Nova,Software,1807.91,1171.06,636.85,20,C-00460,Online,155,0.1183
2024-01-14,North,Pulse,Services,1303.16,810.79,492.36,14,C-00630,Online,96,0.0462
2024-01-14,South,Atlas,Hardware,1643.71,1010.14,633.57,21,C-02328,Partner,74,0.2206
2024-01-14,South,Nova,Software,1751.58,1027.59,724.0,21,C-00395,Partner,128,0.0651
2024-01-14,South,Pulse,Services,1829.07,1251.63,577.44,19,C-00906,Direct,86,0.0506
2024-01-14,East,Atlas,Hardware,1832.68,1139.99,692.69,18,C-01187,Direct,166,0.1264
2024-01-14,East,Nova,Software,2162.8,1223.97,938.83,20,C-01037,Direct,108,0.0547
2024-01-14,East,Pulse,Services,1939.47,1144.55,794.92,23,C-00611,Direct,174,0.1054
2024-01-14,West,Atlas,Hardware,2031.67,1198.79,832.88,14,C-01749,Direct,86,0.1499
2024-01-14,West,Nova,Software,1725.99,1154.29,571.7,21,C-00359,Online,98,0.0088
2024-01-14,West,Pulse,Services,2064.51,1403.11,661.4,27,C-02313,Direct,93,0.1428
2024-01-15,North,Atlas,Hardware,1491.03,957.04,534.0,17,C-01637,Direct,134,0.1139
2024-01-15,North,Nova,Software,1887.76,1138.0,749.76,19,C-01100,Partner,121,0.1675
2024-01-15,North,Pulse,Services,1602.97,1134.44,468.53,17,C-02424,Partner,100,0.0287
2024-01-15,South,Atlas,Hardware,1816.52,1157.67,658.85,16,C-01331,Direct,108,0.0774
2024-01-15,South,Nova,Software,1917.64,1220.63,697.0,14,C-01332,Direct,99,0.1144
2024-01-15,South,Pulse,Services,1868.73,1385.58,483.15,20,C-02118,Partner,128,0.1393
2024-01-15,East,Atlas,Hardware,1792.31,1296.83,495.48,19,C-00378,Online,71,0.1111
2024-01-15,East,Nova,Software,1998.13,1275.55,722.58,22,C-02471,Partner,139,0.1127
2024-01-15,East,Pulse,Services,1907.34,1255.1,652.24,22,C-00602,Online,82,0.0902
2024-01-15,West,Atlas,Hardware,1896.83,937.21,959.62,19,C-00975,Online,138,0.0579
2024-01-15,West,Nova,Software,1956.32,871.62,1084.7,19,C-00320,Partner,91,0.0
2024-01-15,West,Pulse,Services,2109.4,1621.15,488.25,15,C-00166,Direct,129,0.0796
2024-01-16,North,Atlas,Hardware,1451.59,926.75,524.83,13,C-01977,Partner,125,0.1636
2024-01-16,North,Nova,Software,1807.2,1250.48,556.72,14,C-01231,Partner,94,0.1232
2024-01-16,North,Pulse,Services,1794.02,1488.59,305.43,11,C-02211,Partner,100,0.1222
2024-01-16,South,Atlas,Hardware,1838.95,1082.66,756.29,28,C-01363,Direct,117,0.1298
2024-01-16,South,Nova,Software,1740.25,1201.7,538.55,23,C-00012,Online,131,0.1353
2024-01-16,South,Pulse,Services,1722.37,1056.77,665.6,19,C-02473,Direct,78,0.0872
2024-01-16,East,Atlas,Hardware,2011.91,1338.96,672.95,27,C-00751,Partner,124,0.0929
2024-01-16,East,Nova,Software,1929.15,1191.79,737.36,21,C-02157,Partner,77,0.1763
2024-01-16,East,Pulse,Services,1900.58,1412.92,487.65,17,C-00217,Direct,131,0.1662
2024-01-16,West,Atlas,Hardware,1725.59,1173.9,551.69,14,C-02178,Online,148,0.1938
2024-01-16,West,Nova,Software,1949.94,1342.78,607.16,10,C-00911,Online,135,0.1008
2024-01-16,West,Pulse,Services,1995.64,1058.18,937.46,22,C-01563,Online,152,0.1331
2024-01-17,North,Atlas,Hardware,1547.53,993.45,554.07,17,C-00814,Online,114,0.2103
2024-01-17,North,Nova,Software,1727.72,1205.45,522.27,20,C-02020,Direct,135,0.1731
2024-01-17,North,Pulse,Services,1779.19,935.0,844.19,14,C-01328,Partner,117,0.0978
2024-01-17,South,Atlas,Hardware,1717.29,1019.17,698.12,18,C-02434,Direct,86,0.0
2024-01-17,South,Nova,Software,1989.7,1190.79,798.92,18,C-01793,Direct,132,0.1035
2024-01-17,South,Pulse,Services,1765.83,1414.38,351.45,17,C-01927,Partner,162,0.0922
2024-01-17,East,Atlas,Hardware,1942.9,1305.98,636.92,29,C-01573,Online,120,0.1533
2024-01-17,East,Nova,Software,1704.57,1103.99,600.58,14,C-00968,Direct,119,0.0488
2024-01-17,East,Pulse,Services,1563.33,841.07,722.26,15,C-02007,Direct,160,0.1014
2024-01-17,West,Atlas,Hardware,2066.34,1449.46,616.88,21,C-01969,Partner,127,0.1353
2024-01-17,West,Nova,Software,2027.01,1145.22,881.79,12,C-00373,Direct,93,0.0823
2024-01-17,West,Pulse,Services,2047.9,1229.47,818.42,22,C-00693,Direct,151,0.0582
2024-01-18,North,Atlas,Hardware,1723.14,1097.61,625.53,17,C-00437,Direct,123,0.1005
2024-01-18,North,Nova,Software,1685.1,880.02,805.08,15,C-01349,Online,102,0.1347
2024-01-18,North,Pulse,Services,1865.49,1169.32,696.18,19,C-01261,Online,145,0.0958
2024-01-18,South,Atlas,Hardware,1959.03,1329.94,629.09,18,C-01129,Partner,143,0.1023
2024-01-18,South,Nova,Software,1616.35,843.55,772.8,14,C-01927,Online,156,0.2004
2024-01-18,South,Pulse,Services,1747.42,1285.17,462.25,17,C-01573,Online,77,0.1478
2024-01-18,East,Atlas,Hardware,1778.78,1048.23,730.55,13,C-01574,Online,111,0.1348
2024-01-18,East,Nova,Software,1695.74,1181.32,514.42,14,C-02448,Direct,110,0.0817
2024-01-18,East,Pulse,Services,1915.54,1140.82,774.71,22,C-00856,Online,123,0.0733
2024-01-18,West,Atlas,Hardware,2111.06,1401.54,709.51,15,C-01448,Partner,85,0.0386
2024-01-18,West,Nova,Software,1822.2,1146.69,675.51,7,C-01823,Online,103,0.1113
2024-01-18,West,Pulse,Services,1987.94,1135.21,852.73,16,C-01411,Partner,86,0.0371
2024-01-19,North,Atlas,Hardware,1474.94,968.6,506.35,17,C-00179,Direct,94,0.1022
2024-01-19,North,Nova,Software,1671.42,1033.17,638.26,18,C-01009,Partner,132,0.161
2024-01-19,North,Pulse,Services,1707.7,1062.76,644.94,22,C-00297,Direct,121,0.1002
2024-01-19,South,Atlas,Hardware,1691.07,1150.63,540.44,17,C-01967,Partner,138,0.1339
2024-01-19,South,Nova,Software,1959.84,1402.16,557.67,14,C-01354,Direct,100,0.1187
2024-01-19,South,Pulse,Services,1810.55,1159.8,650.75,21,C-00469,Partner,84,0.1092
2024-01-19,East,Atlas,Hardware,1972.33,1269.67,702.66,12,C-01681,Partner,148,0.0014
2024-01-19,East,Nova,Software,1873.49,1269.36,604.12,25,C-00724,Online,114,0.0788
2024-01-19,East,Pulse,Services,1672.15,1280.67,391.48,16,C-00178,Online,103,0.1275
2024-01-19,West,Atlas,Hardware,2041.87,1294.03,747.84,15,C-01526,Online,123,0.1101
2024-01-19,West,Nova,Software,2074.64,1380.71,693.93,16,C-02338,Online,113,0.0998
2024-01-19,West,Pulse,Services,1791.79,1066.54,725.26,19,C-01132,Partner,107,0.0639
2024-01-20,North,Atlas,Hardware,1719.47,911.18,808.28,27,C-01312,Online,107,0.1036
2024-01-20,North,Nova,Software,1502.4,778.78,723.62,22,C-01020,Direct,92,0.1285
2024-01-20,North,Pulse,Services,1611.97,1246.38,365.59,21,C-00308,Partner,126,0.1164
2024-01-20,South,Atlas,Hardware,1942.13,1330.1,612.02,22,C-00322,Direct,95,0.1026
2024-01-20,South,Nova,Software,1811.87,989.85,822.02,16,C-00333,Direct,86,0.0837
2024-01-20,South,Pulse,Services,1697.42,974.6,722.83,10,C-01838,Partner,121,0.1965
2024-01-20,East,Atlas,Hardware,1908.96,1029.04,879.91,20,C-01037,Partner,141,0.1059
2024-01-20,East,Nova,Software,1705.11,1044.88,660.22,22,C-01889,Direct,132,0.1015
2024-01-20,East,Pulse,Services,1713.3,1134.15,579.15,23,C-00517,Direct,141,0.1402
2024-01-20,West,Atlas,Hardware,1901.21,1363.06,538.15,15,C-00849,Partner,161,0.0821
2024-01-20,West,Nova,Software,2342.32,1371.59,970.73,12,C-01399,Online,94,0.0636
2024-01-20,West,Pulse,Services,1860.99,1071.48,789.51,11,C-02082,Online,109,0.1035
2024-01-21,North,Atlas,Hardware,1698.06,1122.05,576.01,18,C-02325,Partner,125,0.0517
2024-01-21,North,Nova,Software,1525.01,715.92,809.09,10,C-01287,Online,136,0.1758
2024-01-21,North,Pulse,Services,1863.49,1325.1,538.39,17,C-00361,Direct,119,0.1599
2024-01-21,South,Atlas,Hardware,1837.33,1133.79,703.53,21,C-02439,Direct,106,0.0965
2024-01-21,South,Nova,Software,1733.38,1059.66,673.72,16,C-00724,Online,73,0.1082
2024-01-21,South,Pulse,Services,1866.79,1216.98,649.81,15,C-01597,Partner,135,0.11
2024-01-21,East,Atlas,Hardware,2042.85,1399.6,643.26,26,C-01671,Online,136,0.1318
2024-01-21,East,Nova,Software,2032.4,1141.77,890.62,22,C-01593,Partner,133,0.1801
2024-01-21,East,Pulse,Services,1920.37,1107.96,812.41,17,C-01061,Direct,120,0.1199
2024-01-21,West,Atlas,Hardware,2145.07,1377.75,767.32,17,C-02462,Partner,110,0.0426
2024-01-21,West,Nova,Software,2113.52,1452.09,661.43,20,C-00026,Direct,103,0.0811
2024-01-21,West,Pulse,Services,1993.17,1367.1,626.07,13,C-01688,Partner,153,0.157
2024-01-22,North,Atlas,Hardware,1840.2,1208.07,632.13,25,C-02244,Direct,106,0.123
2024-01-22,North,Nova,Software,1602.36,1107.37,494.99,28,C-02303,Partner,154,0.0563
2024-01-22,North,Pulse,Services,1455.92,942.13,513.79,16,C-00814,Partner,126,0.1426
2024-01-22,South,Atlas,Hardware,1647.49,1172.55,474.95,22,C-02162,Partner,92,0.119
2024-01-22,South,Nova,Software,1489.08,1000.23,488.85,14,C-00209,Direct,94,0.098
2024-01-22,South,Pulse,Services,1721.29,1176.22,545.07,26,C-01296,Online,120,0.1582
2024-01-22,East,Atlas,Hardware,1933.07,842.43,1090.64,19,C-00152,Partner,46,0.0889
2024-01-22,East,Nova,Software,1822.38,1026.8,795.58,13,C-01758,Online,73,0.1561
2024-01-22,East,Pulse,Services,2075.41,1434.67,640.74,21,C-00943,Direct,110,0.1075
2024-01-22,West,Atlas,Hardware,1896.55,1209.37,687.18,14,C-00500,Online,103,0.1682
2024-01-22,West,Nova,Software,1905.47,928.68,976.79,15,C-01356,Direct,76,0.0526
2024-01-22,West,Pulse,Services,1912.64,1231.64,681.0,10,C-00351,Direct,77,0.0691
2024-01-23,North,Atlas,Hardware,1600.95,889.83,711.12,23,C-00629,Partner,105,0.1197
2024-01-23,North,Nova,Software,1719.6,1012.14,707.46,13,C-00332,Direct,125,0.0812
2024-01-23,North,Pulse,Services,1682.93,1040.94,641.98,17,C-01065,Direct,160,0.0906
2024-01-23,South,Atlas,Hardware,1611.42,1208.98,402.44,12,C-00840,Partner,124,0.1446
2024-01-23,South,Nova,Software,1724.51,1068.69,655.82,18,C-01582,Partner,101,0.1114
2024-01-23,South,Pulse,Services,1688.86,1116.79,572.07,22,C-01255,Partner,107,0.0488
2024-01-23,East,Atlas,Hardware,2236.83,1471.0,765.82,17,C-01985,Partner,146,0.0897
2024-01-23,East,Nova,Software,1902.12,1048.98,853.13,23,C-00379,Online,135,0.06
2024-01-23,East,Pulse,Services,1914.3,1136.67,777.63,15,C-01370,Partner,131,0.1816
2024-01-23,West,Atlas,Hardware,2027.9,1108.57,919.34,15,C-00409,Partner,133,0.0745
2024-01-23,West,Nova,Software,1648.5,1009.24,639.26,13,C-01009,Partner,137,0.1192
2024-01-23,West,Pulse,Services,1958.7,1380.07,578.63,20,C-01002,Partner,165,0.1548
2024-01-24,North,Atlas,Hardware,1589.12,1072.43,516.7,23,C-00105,Online,93,0.0479
2024-01-24,North,Nova,Software,1811.02,1205.51,605.51,12,C-00742,Online,108,0.0549
2024-01-24,North,Pulse,Services,1437.34,958.1,479.24,16,C-02064,Partner,115,0.0829
2024-01-24,South,Atlas,Hardware,1949.68,1201.1,748.58,26,C-02362,Direct,72,0.1085
2024-01-24,South,Nova,Software,1771.89,1140.68,631.22,14,C-02451,Partner,98,0.1125
2024-01-24,South,Pulse,Services,1868.87,1329.83,539.04,14,C-00878,Online,117,0.1274
2024-01-24,East,Atlas,Hardware,1851.96,1286.98,564.98,17,C-01911,Direct,100,0.0817
2024-01-24,East,Nova,Software,1657.64,978.06,679.58,22,C-00334,Direct,113,0.1795
2024-01-24,East,Pulse,Services,1845.57,1208.48,637.1,23,C-02448,Partner,131,0.173
2024-01-24,West,Atlas,Hardware,2161.95,1393.14,768.81,17,C-00463,Direct,125,0.1189
2024-01-24,West,Nova,Software,2141.84,1380.92,760.92,18,C-00937,Partner,124,0.135
2024-01-24,West,Pulse,Services,2349.77,1519.97,829.8,17,C-01674,Online,110,0.0864
2024-01-25,North,Atlas,Hardware,1750.84,1224.26,526.58,13,C-00567,Online,150,0.0741
2024-01-25,North,Nova,Software,1690.08,996.53,693.55,12,C-00651,Direct,97,0.0951
2024-01-25,North,Pulse,Services,1839.65,1271.57,568.08,18,C-00948,Direct,94,0.0936
2024-01-25,South,Atlas,Hardware,1846.37,1269.24,577.13,16,C-01228,Partner,107,0.137
2024-01-25,South,Nova,Software,1676.97,1219.67,457.3,18,C-02246,Direct,78,0.1686
2024-01-25,South,Pulse,Services,1706.78,1056.54,650.24,16,C-00770,Direct,128,0.0823
2024-01-25,East,Atlas,Hardware,1931.34,1185.58,745.77,10,C-00257,Partner,125,0.1316
2024-01-25,East,Nova,Software,1653.79,1291.22,362.57,12,C-02174,Partner,137,0.0649
2024-01-25,East,Pulse,Services,1788.84,912.41,876.43,15,C-01742,Direct,120,0.065
2024-01-25,West,Atlas,Hardware,2002.65,1294.42,708.23,18,C-00725,Partner,145,0.0734
2024-01-25,West,Nova,Software,1991.17,1213.83,777.34,22,C-02476,Online,143,0.0895
2024-01-25,West,Pulse,Services,2221.14,1423.28,797.86,19,C-00075,Partner,104,0.19
2024-01-26,North,Atlas,Hardware,1492.44,872.21,620.23,19,C-01312,Online,125,0.1142
2024-01-26,North,Nova,Software,1729.73,1165.76,563.97,23,C-00052,Direct,89,0.1361
2024-01-26,North,Pulse,Services,1937.36,1198.55,738.81,22,C-00486,Online,100,0.0684
2024-01-26,South,Atlas,Hardware,1615.77,855.14,760.63,15,C-01542,Direct,118,0.1524
2024-01-26,South,Nova,Software,1986.87,940.41,1046.46,21,C-02181,Partner,91,0.0634
2024-01-26,South,Pulse,Services,1865.99,883.71,982.28,19,C-02067,Direct,123,0.1211
2024-01-26,East,Atlas,Hardware,1899.58,1187.24,712.34,15,C-02062,Partner,109,0.1315
2024-01-26,East,Nova,Software,1988.22,1290.12,698.1,17,C-00994,Online,89,0.0609
2024-01-26,East,Pulse,Services,2201.35,1410.92,790.43,18,C-00782,Online,126,0.0854
2024-01-26,West,Atlas,Hardware,2104.34,1489.81,614.53,24,C-01634,Direct,130,0.1263
2024-01-26,West,Nova,Software,2203.36,1553.24,650.12,15,C-02477,Online,101,0.1641
2024-01-26,West,Pulse,Services,1964.28,1307.92,656.35,14,C-00713,Online,166,0.0962
2024-01-27,North,Atlas,Hardware,1713.77,1130.31,583.46,13,C-00727,Partner,121,0.1681
2024-01-27,North,Nova,Software,1783.77,1420.61,363.16,15,C-00875,Partner,130,0.1265
2024-01-27,North,Pulse,Services,1894.21,1280.81,613.4,15,C-02016,Online,155,0.1613
2024-01-27,South,Atlas,Hardware,1846.4,1215.4,631.0,23,C-01427,Direct,108,0.155
2024-01-27,South,Nova,Software,1834.11,1149.43,684.68,10,C-02111,Partner,115,0.2345
2024-01-27,South,Pulse,Services,1939.53,1445.23,494.31,15,C-00978,Partner,135,0.0664
2024-01-27,East,Atlas,Hardware,2021.96,984.59,1037.37,24,C-01317,Partner,127,0.1083
2024-01-27,East,Nova,Software,2107.17,1722.05,385.12,17,C-00872,Direct,146,0.1807
2024-01-27,East,Pulse,Services,1875.6,1169.08,706.52,26,C-01878,Online,158,0.0703
2024-01-27,West,Atlas,Hardware,1990.4,1279.8,710.6,10,C-00656,Online,113,0.0002
2024-01-27,West,Nova,Software,2156.43,1287.42,869.01,16,C-00149,Partner,136,0.041
2024-01-27,West,Pulse,Services,2204.68,1274.03,930.64,14,C-02096,Partner,109,0.108
2024-01-28,North,Atlas,Hardware,1689.21,1197.0,492.21,19,C-00474,Partner,103,0.081
2024-01-28,North,Nova,Software,1590.23,753.68,836.54,15,C-01388,Online,98,0.0359
2024-01-28,North,Pulse,Services,1944.26,1158.3,785.96,19,C-01818,Partner,64,0.0334
2024-01-28,South,Atlas,Hardware,1555.91,1006.78,549.14,16,C-00940,Direct,170,0.0974
2024-01-28,South,Nova,Software,1742.14,1240.29,501.86,14,C-00093,Online,122,0.1092
2024-01-28,South,Pulse,Services,1790.61,1022.76,767.84,12,C-00468,Partner,143,0.0669
2024-01-28,East,Atlas,Hardware,1916.97,1326.12,590.85,18,C-01867,Online,182,0.1132
2024-01-28,East,Nova,Software,1881.25,1133.54,747.71,27,C-02113,Direct,132,0.0894
2024-01-28,East,Pulse,Services,1815.79,1085.26,730.53,20,C-02181,Direct,74,0.0915
2024-01-28,West,Atlas,Hardware,1863.17,1100.78,762.4,13,C-02488,Direct,109,0.0509
2024-01-28,West,Nova,Software,2237.55,1465.19,772.36,20,C-01286,Online,113,0.1398
2024-01-28,West,Pulse,Services,2309.18,1461.66,847.52,22,C-02018,Partner,122,0.0703
2024-01-29,North,Atlas,Hardware,1842.67,1179.02,663.65,15,C-00117,Online,103,0.172
2024-01-29,North,Nova,Software,1830.78,1156.05,674.73,18,C-01896,Online,106,0.0757
2024-01-29,North,Pulse,Services,1898.34,1279.31,619.03,15,C-02040,Partner,142,0.1349
2024-01-29,South,Atlas,Hardware,2050.36,1225.91,824.46,19,C-01816,Direct,125,0.1261
2024-01-29,South,Nova,Software,1946.43,1441.37,505.06,19,C-00926,Partner,78,0.1156
2024-01-29,South,Pulse,Services,1798.51,1142.23,656.28,10,C-01505,Partner,145,0.1902
2024-01-29,East,Atlas,Hardware,1861.13,1210.08,651.05,17,C-01951,Partner,145,0.1617
2024-01-29,East,Nova,Software,1814.24,1222.1,592.14,17,C-01091,Partner,112,0.037
2024-01-29,East,Pulse,Services,2053.9,1386.35,667.55,19,C-00130,Partner,117,0.1079
2024-01-29,West,Atlas,Hardware,1986.84,979.62,1007.22,22,C-00750,Direct,154,0.0162
2024-01-29,West,Nova,Software,2265.79,1519.81,745.97,19,C-00864,Partner,131,0.1262
2024-01-29,West,Pulse,Services,2379.3,1510.56,868.74,18,C-01748,Partner,100,0.1388
2024-01-30,North,Atlas,Hardware,1583.88,1121.0,462.87,23,C-02066,Online,128,0.167
2024-01-30,North,Nova,Software,1790.36,1184.6,605.75,24,C-00013,Partner,100,0.1547
2024-01-30,North,Pulse,Services,2036.63,1186.16,850.47,22,C-02278,Online,126,0.1311
2024-01-30,South,Atlas,Hardware,1556.13,1124.34,431.78,17,C-00458,Partner,96,0.1567
2024-01-30,South,Nova,Software,1805.13,1259.37,545.76,19,C-01418,Partner,110,0.1472
2024-01-30,South,Pulse,Services,1564.39,916.75,647.63,18,C-01737,Online,103,0.0794
2024-01-30,East,Atlas,Hardware,1844.58,1160.5,684.08,13,C-01960,Online,155,0.1792
2024-01-30,East,Nova,Software,1825.19,1313.8,511.39,16,C-01241,Online,136,0.1081
2024-01-30,East,Pulse,Services,2118.7,1269.18,849.52,17,C-01684,Partner,117,0.0952
2024-01-30,West,Atlas,Hardware,1913.06,1444.03,469.04,18,C-00881,Direct,126,0.0669
2024-01-30,West,Nova,Software,2400.56,1752.56,648.0,15,C-02404,Direct,119,0.0624
2024-01-30,West,Pulse,Services,1968.67,1321.93,646.73,19,C-00630,Partner,103,0.1221
2024-01-31,North,Atlas,Hardware,1677.13,1026.46,650.67,22,C-01295,Online,119,0.0457
2024-01-31,North,Nova,Software,1632.42,1100.19,532.23,16,C-01999,Direct,128,0.1411
2024-01-31,North,Pulse,Services,1954.54,1387.13,567.41,13,C-01185,Online,84,0.1329
2024-01-31,South,Atlas,Hardware,1857.97,1141.54,716.43,11,C-02266,Online,142,0.031
2024-01-31,South,Nova,Software,1909.32,1333.61,575.7,11,C-01479,Online,125,0.1166
2024-01-31,South,Pulse,Services,1811.95,1168.22,643.73,16,C-00254,Direct,123,0.128
2024-01-31,East,Atlas,Hardware,2098.21,1088.09,1010.13,20,C-01905,Online,105,0.0611
2024-01-31,East,Nova,Software,1893.75,1044.38,849.37,16,C-01149,Online,88,0.0693
2024-01-31,East,Pulse,Services,2197.98,1261.4,936.58,20,C-01883,Online,178,0.0892
2024-01-31,West,Atlas,Hardware,2259.35,1165.05,1094.31,19,C-01600,Direct,147,0.0716
2024-01-31,West,Nova,Software,2209.18,1353.0,856.18,20,C-01191,Partner,122,0.0889
2024-01-31,West,Pulse,Services,2213.96,1533.19,680.77,25,C-01525,Direct,103,0.0561
2024-02-01,North,Atlas,Hardware,1496.9,885.29,611.61,17,C-01306,Online,162,0.086
2024-02-01,North,Nova,Software,1851.09,1129.29,721.79,20,C-01308,Partner,133,0.1446
2024-02-01,North,Pulse,Services,1664.11,988.02,676.08,17,C-00927,Partner,145,0.1309
2024-02-01,South,Atlas,Hardware,1897.15,1137.59,759.56,16,C-00780,Online,155,0.1143
2024-02-01,South,Nova,Software,1825.62,1254.73,570.88,20,C-02450,Partner,113,0.0746
2024-02-01,South,Pulse,Services,1924.49,1349.45,575.04,17,C-01629,Partner,99,0.081
2024-02-01,East,Atlas,Hardware,1967.12,1069.48,897.64,17,C-02203,Direct,111,0.1877
2024-02-01,East,Nova,Software,1890.38,1309.47,580.91,11,C-01174,Partner,83,0.086
2024-02-01,East,Pulse,Services,1994.7,1260.37,734.33,12,C-02210,Online,166,0.1404
2024-02-01,West,Atlas,Hardware,1820.03,1227.66,592.37,14,C-00311,Partner,133,0.2222
2024-02-01,West,Nova,Software,2094.8,1501.4,593.41,16,C-01483,Direct,137,0.1638
2024-02-01,West,Pulse,Services,1964.99,1365.74,599.26,13,C-00296,Partner,116,0.063
2024-02-02,North,Atlas,Hardware,1942.67,1122.31,820.36,13,C-00424,Partner,135,0.1716
2024-02-02,North,Nova,Software,1621.59,1095.72,525.87,21,C-02284,Partner,121,0.2477
2024-02-02,North,Pulse,Services,1818.16,922.44,895.72,16,C-01642,Direct,66,0.027
2024-02-02,South,Atlas,Hardware,1653.46,1093.59,559.88,13,C-00314,Direct,138,0.0858
2024-02-02,South,Nova,Software,2010.6,1306.72,703.88,13,C-01172,Online,112,0.1099
2024-02-02,South,Pulse,Services,1726.64,1025.01,701.63,25,C-02279,Direct,143,0.129
2024-02-02,East,Atlas,Hardware,1966.58,1064.99,901.59,16,C-02482,Direct,107,0.0712
2024-02-02,East,Nova,Software,1895.89,1054.23,841.66,26,C-00486,Partner,108,0.1119
2024-02-02,East,Pulse,Services,2228.93,1729.92,499.01,19,C-01796,Partner,163,0.1099
2024-02-02,West,Atlas,Hardware,1917.32,1056.24,861.08,19,C-01512,Online,103,0.151
2024-02-02,West,Nova,Software,2195.47,1357.21,838.26,19,C-00332,Direct,140,0.146
2024-02-02,West,Pulse,Services,2236.02,1154.48,1081.53,19,C-00175,Direct,110,0.1575
2024-02-03,North,Atlas,Hardware,1630.12,1009.8,620.32,11,C-00794,Online,125,0.1839
2024-02-03,North,Nova,Software,1970.99,1220.79,750.2,11,C-00877,Online,68,0.129
2024-02-03,North,Pulse,Services,1591.35,1235.79,355.56,13,C-00012,Partner,119,0.1339
2024-02-03,South,Atlas,Hardware,1893.12,1398.44,494.69,15,C-00323,Online,168,0.0769
2024-02-03,South,Nova,Software,1844.27,1104.93,739.33,20,C-01683,Online,127,0.1563
2024-02-03,South,Pulse,Services,1735.26,1099.67,635.59,25,C-01220,Direct,115,0.1044
2024-02-03,East,Atlas,Hardware,1996.57,1307.23,689.34,18,C-02110,Direct,125,0.0505
2024-02-03,East,Nova,Software,2159.62,1266.29,893.33,16,C-01629,Direct,175,0.1388
2024-02-03,East,Pulse,Services,2077.8,1042.73,1035.07,25,C-00219,Partner,113,0.095
2024-02-03,West,Atlas,Hardware,2176.22,1410.86,765.36,20,C-01349,Direct,106,0.2162
2024-02-03,West,Nova,Software,1977.49,1192.04,785.45,25,C-00445,Online,90,0.1576
2024-02-03,West,Pulse,Services,2286.66,1465.58,821.08,11,C-02347,Online,87,0.1281
2024-02-04,North,Atlas,Hardware,1620.81,897.82,722.99,20,C-01777,Partner,146,0.1223
2024-02-04,North,Nova,Software,1813.33,1151.39,661.94,15,C-00012,Partner,117,0.1163
2024-02-04,North,Pulse,Services,1613.72,1087.6,526.12,15,C-02297,Direct,141,0.0878
2024-02-04,South,Atlas,Hardware,2059.16,1306.94,752.22,14,C-01561,Online,92,0.1548
2024-02-04,South,Nova,Software,1788.7,1292.32,496.38,11,C-01266,Online,179,0.0886
2024-02-04,South,Pulse,Services,1877.47,1258.78,618.69,16,C-01166,Online,99,0.0969
2024-02-04,East,Atlas,Hardware,2087.31,1521.09,566.22,21,C-00741,Direct,119,0.1193
2024-02-04,East,Nova,Software,1712.57,963.12,749.45,12,C-00116,Direct,107,0.0534
2024-02-04,East,Pulse,Services,1894.48,1376.66,517.81,13,C-00162,Online,142,0.1433
2024-02-04,West,Atlas,Hardware,1959.04,1334.88,624.17,20,C-01195,Online,107,0.1922
2024-02-04,West,Nova,Software,2186.02,1201.12,984.9,26,C-02066,Direct,125,0.1574
2024-02-04,West,Pulse,Services,2248.99,1557.24,691.75,23,C-00728,Direct,116,0.1827
2024-02-05,North,Atlas,Hardware,1626.98,1119.58,507.4,20,C-01448,Direct,125,0.0538
2024-02-05,North,Nova,Software,1827.19,1216.69,610.5,25,C-01313,Online,103,0.1081
2024-02-05,North,Pulse,Services,1754.0,1277.97,476.03,12,C-00436,Online,132,0.0819
2024-02-05,South,Atlas,Hardware,2142.45,1337.05,805.41,21,C-02045,Direct,110,0.1015
2024-02-05,South,Nova,Software,1910.47,1254.68,655.79,21,C-01971,Online,98,0.1476
2024-02-05,South,Pulse,Services,1917.16,1585.54,331.62,18,C-00330,Partner,85,0.104
2024-02-05,East,Atlas,Hardware,1865.24,1282.1,583.14,28,C-01794,Direct,128,0.1077
2024-02-05,East,Nova,Software,1839.45,1314.28,525.17,15,C-00741,Partner,143,0.0821
2024-02-05,East,Pulse,Services,1972.18,1314.66,657.52,15,C-00690,Online,84,0.145
2024-02-05,West,Atlas,Hardware,1973.23,1127.35,845.88,8,C-00745,Direct,111,0.1354
2024-02-05,West,Nova,Software,1878.98,1047.27,831.72,14,C-00813,Direct,145,0.046
2024-02-05,West,Pulse,Services,1887.72,1132.34,755.39,21,C-00449,Partner,112,0.1007
2024-02-06,North,Atlas,Hardware,1910.34,1265.47,644.87,20,C-00257,Direct,106,0.1293
2024-02-06,North,Nova,Software,1756.16,1248.96,507.2,17,C-01158,Partner,88,0.1072
2024-02-06,North,Pulse,Services,1925.39,983.7,941.68,21,C-00331,Direct,105,0.2105
2024-02-06,South,Atlas,Hardware,1727.57,1051.36,676.21,8,C-01179,Partner,94,0.1072
2024-02-06,South,Nova,Software,1986.3,1374.3,612.0,19,C-01214,Direct,92,0.0882
2024-02-06,South,Pulse,Services,2021.67,1362.52,659.15,15,C-01994,Online,99,0.0716
2024-02-06,East,Atlas,Hardware,1774.46,1130.1,644.36,17,C-01448,Direct,143,0.1493
2024-02-06,East,Nova,Software,1916.48,1108.96,807.53,14,C-00835,Partner,122,0.1254
2024-02-06,East,Pulse,Services,1811.82,1209.68,602.14,16,C-00480,Direct,119,0.1249
2024-02-06,West,Atlas,Hardware,2034.8,1276.99,757.81,19,C-02226,Direct,73,0.0732
2024-02-06,West,Nova,Software,1916.05,1172.66,743.39,18,C-02338,Partner,138,0.1532
2024-02-06,West,Pulse,Services,1999.4,1089.43,909.97,16,C-00314,Direct,110,0.1687
2024-02-07,North,Atlas,Hardware,1604.73,1089.25,515.48,12,C-01320,Direct,134,0.1002
2024-02-07,North,Nova,Software,1817.98,1233.53,584.45,17,C-01316,Partner,142,0.1073
2024-02-07,North,Pulse,Services,1895.38,1306.45,588.93,25,C-01406,Online,109,0.249
2024-02-07,South,Atlas,Hardware,1790.47,1282.19,508.27,15,C-00602,Online,116,0.1391
2024-02-07,South,Nova,Software,1766.71,1091.97,674.74,10,C-01196,Partner,138,0.1611
2024-02-07,South,Pulse,Services,1995.83,1279.98,715.84,22,C-02189,Partner,74,0.1228
2024-02-07,East,Atlas,Hardware,1916.23,1291.84,624.38,18,C-01544,Direct,80,0.1125
2024-02-07,East,Nova,Software,1923.38,1265.51,657.86,16,C-00865,Direct,132,0.1444
2024-02-07,East,Pulse,Services,1840.89,1074.34,766.55,25,C-00449,Partner,55,0.1129
2024-02-07,West,Atlas,Hardware,1993.75,1268.19,725.56,16,C-01487,Partner,125,0.0864
2024-02-07,West,Nova,Software,1949.25,1208.89,740.37,16,C-00052,Online,122,0.1319
2024-02-07,West,Pulse,Services,2046.86,1308.81,738.06,20,C-00076,Direct,135,0.0409
2024-02-08,North,Atlas,Hardware,1717.02,1137.94,579.08,25,C-00644,Partner,103,0.0666
2024-02-08,North,Nova,Software,1746.85,928.54,818.31,21,C-00974,Direct,94,0.1292
2024-02-08,North,Pulse,Services,1507.15,1027.99,479.16,17,C-00938,Partner,113,0.0742
2024-02-08,South,Atlas,Hardware,1598.06,942.99,655.07,26,C-00851,Online,83,0.0878
2024-02-08,South,Nova,Software,1686.6,1276.72,409.88,21,C-01978,Direct,119,0.1419
2024-02-08,South,Pulse,Services,1549.2,1003.97,545.23,21,C-01041,Online,123,0.019
2024-02-08,East,Atlas,Hardware,2155.62,1231.96,923.66,20,C-01857,Partner,129,0.1104
2024-02-08,East,Nova,Software,2032.72,1072.56,960.17,28,C-00612,Online,111,0.1336
2024-02-08,East,Pulse,Services,1993.04,1289.52,703.52,13,C-01320,Partner,166,0.0524
2024-02-08,West,Atlas,Hardware,2374.93,1703.82,671.11,18,C-02331,Direct,109,0.1121
2024-02-08,West,Nova,Software,2229.4,1539.37,690.03,13,C-01520,Direct,99,0.0858
2024-02-08,West,Pulse,Services,2121.77,1373.06,748.71,24,C-01117,Direct,88,0.0676
2024-02-09,North,Atlas,Hardware,1560.84,965.81,595.03,19,C-00701,Direct,133,0.1321
2024-02-09,North,Nova,Software,1571.29,1130.79,440.5,20,C-01511,Partner,108,0.1375
2024-02-09,North,Pulse,Services,1890.07,1244.77,645.29,18,C-00450,Online,114,0.1539
2024-02-09,South,Atlas,Hardware,1695.32,1255.99,439.33,16,C-01056,Direct,144,0.067
2024-02-09,South,Nova,Software,2027.61,1485.33,542.29,22,C-00998,Online,91,0.0996
2024-02-09,South,Pulse,Services,1894.53,1284.89,609.64,22,C-00152,Direct,132,0.1842
2024-02-09,East,Atlas,Hardware,1779.01,1131.08,647.93,17,C-00011,Partner,135,0.0818
2024-02-09,East,Nova,Software,1875.64,1079.56,796.08,13,C-00630,Direct,129,0.1118
2024-02-09,East,Pulse,Services,1789.19,1121.69,667.5,24,C-01103,Partner,128,0.0407
2024-02-09,West,Atlas,Hardware,2159.44,1512.51,646.93,19,C-00370,Online,124,0.0499
2024-02-09,West,Nova,Software,2142.15,1273.65,868.5,20,C-00508,Direct,145,0.1031
2024-02-09,West,Pulse,Services,1980.79,1411.05,569.74,19,C-00184,Direct,142,0.1356
2024-02-10,North,Atlas,Hardware,1728.04,1119.66,608.38,13,C-00696,Partner,115,0.1005
2024-02-10,North,Nova,Software,1964.97,1325.06,639.91,15,C-01351,Direct,137,0.1854
2024-02-10,North,Pulse,Services,1878.51,1122.25,756.26,17,C-00552,Direct,128,0.1263
2024-02-10,South,Atlas,Hardware,1901.66,1490.56,411.11,14,C-00836,Direct,118,0.1351
2024-02-10,South,Nova,Software,1919.49,1121.03,798.46,19,C-02312,Online,118,0.2015
2024-02-10,South,Pulse,Services,2070.05,1686.04,384.01,15,C-00004,Direct,106,0.191
2024-02-10,East,Atlas,Hardware,1727.32,937.47,789.85,11,C-01515,Partner,121,0.1728
2024-02-10,East,Nova,Software,2101.57,1339.28,762.29,11,C-02478,Partner,101,0.0359
2024-02-10,East,Pulse,Services,1900.67,969.93,930.74,17,C-01055,Partner,148,0.0891
2024-02-10,West,Atlas,Hardware,1992.99,1187.96,805.03,16,C-02205,Online,145,0.1257
2024-02-10,West,Nova,Software,2085.43,1309.64,775.78,18,C-01691,Online,113,0.201
2024-02-10,West,Pulse,Services,2288.46,1731.3,557.16,29,C-00252,Online,104,0.1207
2024-02-11,North,Atlas,Hardware,1728.5,1271.69,456.81,19,C-00551,Direct,154,0.0435
2024-02-11,North,Nova,Software,1805.45,1199.46,605.99,14,C-02012,Partner,165,0.1484
2024-02-11,North,Pulse,Services,1636.72,998.3,638.42,24,C-02145,Direct,115,0.1102
2024-02-11,South,Atlas,Hardware,1648.84,1071.06,577.79,17,C-00706,Direct,132,0.1104
2024-02-11,South,Nova,Software,1960.47,1110.99,849.48,16,C-02009,Direct,103,0.023
2024-02-11,South,Pulse,Services,1889.78,1150.16,739.62,20,C-00926,Online,126,0.0815
2024-02-11,East,Atlas,Hardware,1812.38,1251.06,561.32,18,C-02023,Online,73,0.1292
2024-02-11,East,Nova,Software,1796.5,1128.93,667.57,26,C-01721,Online,90,0.1677
2024-02-11,East,Pulse,Services,1980.91,1340.21,640.69,21,C-00024,Direct,115,0.0699
2024-02-11,West,Atlas,Hardware,2184.78,1500.45,684.33,20,C-00039,Direct,121,0.1036
2024-02-11,West,Nova,Software,1984.87,1333.57,651.29,13,C-01133,Partner,121,0.0713
2024-02-11,West,Pulse,Services,2199.21,1621.01,578.19,19,C-00554,Direct,135,0.1521
2024-02-12,North,Atlas,Hardware,1812.64,1521.11,291.53,15,C-01583,Online,121,0.1211
2024-02-12,North,Nova,Software,1707.03,1035.85,671.18,21,C-00324,Direct,101,0.088
2024-02-12,North,Pulse,Services,1524.01,797.56,726.46,19,C-00714,Direct,102,0.1384
2024-02-12,South,Atlas,Hardware,2070.14,1434.7,635.44,22,C-02156,Partner,108,0.0973
2024-02-12,South,Nova,Software,1852.9,1128.25,724.65,21,C-01323,Partner,127,0.0528
2024-02-12,South,Pulse,Services,1967.33,1320.53,646.8,19,C-00362,Partner,138,0.1071
2024-02-12,East,Atlas,Hardware,1928.01,1111.59,816.42,16,C-00696,Partner,118,0.0495
2024-02-12,East,Nova,Software,1718.3,1262.29,456.01,16,C-02042,Direct,90,0.1269
2024-02-12,East,Pulse,Services,1943.97,1179.25,764.72,28,C-00893,Online,111,0.1119
2024-02-12,West,Atlas,Hardware,2206.45,1155.8,1050.65,32,C-00217,Online,140,0.0435
2024-02-12,West,Nova,Software,2094.5,1384.63,709.87,20,C-02100,Online,56,0.0956
2024-02-12,West,Pulse,Services,1981.13,1305.02,676.1,12,C-01837,Online,107,0.1172
2024-02-13,North,Atlas,Hardware,1739.6,1076.78,662.83,19,C-00075,Partner,149,0.1617
2024-02-13,North,Nova,Software,1765.96,1235.81,530.15,15,C-00968,Partner,125,0.1005
2024-02-13,North,Pulse,Services,1612.04,944.28,667.76,16,C-00788,Partner,126,0.0665
2024-02-13,South,Atlas,Hardware,1969.03,1069.6,899.44,25,C-00589,Partner,127,0.1038
2024-02-13,South,Nova,Software,2153.52,1791.22,362.3,16,C-01996,Direct,100,0.1139
2024-02-13,South,Pulse,Services,1970.91,1274.01,696.9,19,C-00805,Direct,92,0.0766
2024-02-13,East,Atlas,Hardware,1996.7,1377.7,619.0,17,C-01878,Online,159,0.0916
2024-02-13,East,Nova,Software,1746.42,1156.22,590.2,27,C-00848,Direct,120,0.0608
2024-02-13,East,Pulse,Services,1846.37,1233.6,612.77,16,C-00472,Partner,127,0.0879
2024-02-13,West,Atlas,Hardware,1916.44,1269.95,646.49,18,C-01565,Direct,101,0.1233
2024-02-13,West,Nova,Software,2113.34,1245.16,868.18,20,C-00132,Partner,86,0.0659
2024-02-13,West,Pulse,Services,1765.94,961.08,804.86,14,C-01178,Online,104,0.0625
2024-02-14,North,Atlas,Hardware,1825.19,1138.6,686.59,16,C-01672,Direct,178,0.1389
2024-02-14,North,Nova,Software,1547.38,1136.83,410.55,21,C-01033,Direct,108,0.0628
2024-02-14,North,Pulse,Services,1587.17,943.43,643.74,13,C-00716,Direct,129,0.0093
2024-02-14,South,Atlas,Hardware,1935.48,1240.4,695.08,19,C-02032,Partner,138,0.0958
2024-02-14,South,Nova,Software,1682.48,1165.74,516.74,14,C-01832,Online,146,0.0455
2024-02-14,South,Pulse,Services,1946.12,1254.8,691.33,18,C-00451,Partner,122,0.1194
2024-02-14,East,Atlas,Hardware,1954.5,1243.96,710.54,15,C-00105,Online,72,0.0723
2024-02-14,East,Nova,Software,1990.59,1264.76,725.84,25,C-01652,Direct,120,0.1082
2024-02-14,East,Pulse,Services,1708.23,994.15,714.07,20,C-01637,Online,152,0.0758
2024-02-14,West,Atlas,Hardware,2183.6,1245.45,938.15,17,C-01851,Online,105,0.0895
2024-02-14,West,Nova,Software,1958.6,1486.69,471.91,22,C-02042,Online,127,0.0396
2024-02-14,West,Pulse,Services,2153.98,1427.91,726.07,17,C-02036,Partner,111,0.0986
2024-02-15,North,Atlas,Hardware,1583.71,1062.34,521.36,17,C-00735,Online,98,0.0737
2024-02-15,North,Nova,Software,1823.13,1243.62,579.51,18,C-01680,Direct,144,0.0635
2024-02-15,North,Pulse,Services,1746.4,1227.13,519.27,13,C-00536,Partner,173,0.0808
2024-02-15,South,Atlas,Hardware,2099.35,1220.43,878.92,15,C-01178,Direct,128,0.0962
2024-02-15,South,Nova,Software,1929.22,1365.36,563.85,18,C-02227,Online,120,0.1409
2024-02-15,South,Pulse,Services,1920.36,1109.74,810.62,19,C-01304,Partner,104,0.1263
2024-02-15,East,Atlas,Hardware,2094.06,1427.41,666.65,13,C-01401,Online,123,0.1024
2024-02-15,East,Nova,Software,2320.86,1500.33,820.54,17,C-00860,Direct,119,0.1092
2024-02-15,East,Pulse,Services,1792.73,1076.3,716.43,22,C-01990,Direct,121,0.0667
2024-02-15,West,Atlas,Hardware,2240.99,1570.06,670.94,17,C-01180,Partner,134,0.1055
2024-02-15,West,Nova,Software,2097.76,1250.29,847.47,10,C-01663,Partner,129,0.121
2024-02-15,West,Pulse,Services,1992.53,1244.59,747.94,20,C-02473,Partner,116,0.1066
2024-02-16,North,Atlas,Hardware,1990.69,1202.98,787.71,15,C-00865,Partner,140,0.0553
2024-02-16,North,Nova,Software,1796.68,1046.96,749.72,21,C-00868,Partner,109,0.0933
2024-02-16,North,Pulse,Services,1894.81,1055.51,839.3,12,C-00590,Direct,77,0.2124
2024-02-16,South,Atlas,Hardware,1975.19,1342.23,632.96,15,C-00244,Online,101,0.1468
2024-02-16,South,Nova,Software,2163.7,1578.1,585.6,22,C-00072,Online,120,0.0942
2024-02-16,South,Pulse,Services,1976.41,1153.03,823.38,17,C-00597,Partner,147,0.1351
2024-02-16,East,Atlas,Hardware,2146.71,1483.99,662.72,13,C-00479,Online,128,0.0782
2024-02-16,East,Nova,Software,2113.68,1321.11,792.57,16,C-01416,Online,144,0.106
2024-02-16,East,Pulse,Services,1894.24,1252.8,641.44,22,C-01217,Partner,202,0.1257
2024-02-16,West,Atlas,Hardware,2156.73,1394.55,762.18,23,C-01322,Online,117,0.0929
2024-02-16,West,Nova,Software,1864.06,1083.54,780.52,14,C-00702,Direct,106,0.0922
2024-02-16,West,Pulse,Services,2167.76,1185.3,982.46,10,C-01256,Online,132,0.1702
2024-02-17,North,Atlas,Hardware,1593.61,905.65,687.96,15,C-01767,Partner,132,0.0998
2024-02-17,North,Nova,Software,1942.63,1097.65,844.97,18,C-00232,Direct,129,0.1373
2024-02-17,North,Pulse,Services,1837.52,1186.2,651.32,15,C-02443,Partner,176,0.0155
2024-02-17,South,Atlas,Hardware,1894.51,1288.91,605.6,19,C-00489,Direct,150,0.1273
2024-02-17,South,Nova,Software,1776.45,1176.51,599.94,17,C-00748,Online,72,0.1227
2024-02-17,South,Pulse,Services,1977.09,1266.56,710.53,16,C-00978,Partner,146,0.2054
2024-02-17,East,Atlas,Hardware,1958.89,1235.44,723.45,18,C-01959,Online,121,0.1115
2024-02-17,East,Nova,Software,2208.78,1497.5,711.28,17,C-00104,Partner,91,0.1644
2024-02-17,East,Pulse,Services,1908.75,1385.85,522.9,10,C-01698,Direct,124,0.1288
2024-02-17,West,Atlas,Hardware,2151.49,1249.16,902.33,22,C-01344,Online,101,0.1065
2024-02-17,West,Nova,Software,2150.92,1282.13,868.78,18,C-02500,Direct,113,0.1088
2024-02-17,West,Pulse,Services,2055.86,1476.58,579.28,15,C-01776,Direct,111,0.1317
2024-02-18,North,Atlas,Hardware,1834.3,1285.37,548.92,21,C-01952,Partner,108,0.1604
2024-02-18,North,Nova,Software,1676.08,923.54,752.54,12,C-02351,Partner,129,0.1254
2024-02-18,North,Pulse,Services,2059.38,1283.48,775.9,24,C-01942,Direct,96,0.1277
2024-02-18,South,Atlas,Hardware,2106.21,1287.48,818.73,25,C-02061,Online,102,0.0
2024-02-18,South,Nova,Software,1803.38,955.48,847.89,18,C-01368,Partner,150,0.1041
2024-02-18,South,Pulse,Services,1912.83,1164.84,747.98,21,C-01934,Partner,102,0.1303
2024-02-18,East,Atlas,Hardware,1925.75,1514.44,411.31,24,C-01617,Direct,62,0.1105
2024-02-18,East,Nova,Software,2059.3,1353.41,705.89,22,C-00725,Direct,118,0.1117
2024-02-18,East,Pulse,Services,2100.88,1239.29,861.59,19,C-00636,Partner,84,0.0856
2024-02-18,West,Atlas,Hardware,2138.87,1190.43,948.44,16,C-02012,Online,144,0.068
2024-02-18,West,Nova,Software,2205.7,1399.12,806.57,12,C-01236,Partner,106,0.0715
2024-02-18,West,Pulse,Services,2173.96,1216.65,957.31,20,C-01701,Direct,84,0.0698
2024-02-19,North,Atlas,Hardware,1646.28,1002.01,644.27,17,C-00528,Online,128,0.0762
2024-02-19,North,Nova,Software,1844.38,1275.44,568.94,15,C-02343,Partner,105,0.0934
2024-02-19,North,Pulse,Services,1630.46,989.57,640.89,17,C-01781,Direct,166,0.1897
2024-02-19,South,Atlas,Hardware,1950.54,1196.4,754.14,12,C-02495,Partner,134,0.1314
2024-02-19,South,Nova,Software,1669.02,942.53,726.49,15,C-00060,Partner,92,0.1819
2024-02-19,South,Pulse,Services,1941.52,1070.43,871.09,17,C-00020,Direct,108,0.113
2024-02-19,East,Atlas,Hardware,1915.81,1154.61,761.21,21,C-01946,Partner,118,0.1796
2024-02-19,East,Nova,Software,1769.07,1039.08,729.99,15,C-01544,Online,99,0.1743
2024-02-19,East,Pulse,Services,2194.45,1186.05,1008.39,21,C-02417,Online,95,0.124
2024-02-19,West,Atlas,Hardware,2230.72,1194.35,1036.36,16,C-01255,Partner,80,0.1177
2024-02-19,West,Nova,Software,2201.91,1344.03,857.87,16,C-01035,Online,86,0.127
2024-02-19,West,Pulse,Services,1985.67,1121.03,864.64,21,C-01191,Online,120,0.125
2024-02-20,North,Atlas,Hardware,2001.48,1092.61,908.86,21,C-00993,Direct,134,0.1103
2024-02-20,North,Nova,Software,2156.46,1412.15,744.31,15,C-01409,Partner,118,0.082
2024-02-20,North,Pulse,Services,1955.94,1250.16,705.79,19,C-02066,Direct,178,0.0822
2024-02-20,South,Atlas,Hardware,1789.96,1256.69,533.27,23,C-01476,Direct,132,0.1234
2024-02-20,South,Nova,Software,1945.79,1304.02,641.77,22,C-00182,Partner,121,0.0868
2024-02-20,South,Pulse,Services,1815.48,1121.21,694.27,21,C-00332,Online,98,0.1862
2024-02-20,East,Atlas,Hardware,1911.81,1159.52,752.29,17,C-01609,Online,125,0.0664
2024-02-20,East,Nova,Software,1945.89,1353.93,591.97,23,C-00264,Online,158,0.043
2024-02-20,East,Pulse,Services,2127.11,1322.28,804.83,18,C-01456,Direct,150,0.0646
2024-02-20,West,Atlas,Hardware,2019.87,1403.75,616.11,12,C-02175,Direct,127,0.1141
2024-02-20,West,Nova,Software,2108.43,1314.54,793.89,17,C-01760,Partner,103,0.1134
2024-02-20,West,Pulse,Services,2335.99,1249.94,1086.05,13,C-00310,Direct,128,0.1509
2024-02-21,North,Atlas,Hardware,1668.97,851.68,817.29,14,C-00503,Online,133,0.1235
2024-02-21,North,Nova,Software,1804.66,1069.39,735.27,12,C-00723,Online,128,0.0
2024-02-21,North,Pulse,Services,2059.83,1432.42,627.42,19,C-02347,Partner,135,0.1831
2024-02-21,South,Atlas,Hardware,1805.14,1170.22,634.93,15,C-00096,Direct,124,0.1243
2024-02-21,South,Nova,Software,2004.7,1326.7,678.0,21,C-00702,Partner,145,0.1301
2024-02-21,South,Pulse,Services,1964.16,1361.69,602.47,14,C-01075,Partner,139,0.0696
2024-02-21,East,Atlas,Hardware,2043.15,1379.97,663.18,18,C-02451,Partner,79,0.168
2024-02-21,East,Nova,Software,1955.12,1211.21,743.9,11,C-00185,Partner,128,0.1482
2024-02-21,East,Pulse,Services,2131.37,1540.2,591.16,24,C-02126,Partner,137,0.1491
2024-02-21,West,Atlas,Hardware,2137.98,1396.69,741.29,17,C-02417,Partner,151,0.1076
2024-02-21,West,Nova,Software,1966.26,1200.23,766.03,15,C-00403,Direct,106,0.0906
2024-02-21,West,Pulse,Services,2372.12,1511.2,860.93,20,C-00731,Partner,140,0.0
2024-02-22,North,Atlas,Hardware,2071.43,1224.47,846.96,15,C-01315,Partner,77,0.1275
2024-02-22,North,Nova,Software,1577.76,877.3,700.46,14,C-00487,Partner,94,0.0697
2024-02-22,North,Pulse,Services,1736.28,1106.08,630.2,26,C-01203,Online,118,0.0828
2024-02-22,South,Atlas,Hardware,1803.76,1279.65,524.11,20,C-01372,Online,109,0.1177
2024-02-22,South,Nova,Software,1935.8,1154.76,781.04,17,C-01223,Partner,81,0.1062
2024-02-22,South,Pulse,Services,1862.7,1295.82,566.88,25,C-02376,Online,101,0.1355
2024-02-22,East,Atlas,Hardware,1653.39,1090.06,563.34,18,C-02329,Online,129,0.0899
2024-02-22,East,Nova,Software,2140.54,1385.07,755.48,18,C-01417,Partner,105,0.0677
2024-02-22,East,Pulse,Services,1930.58,1209.22,721.36,22,C-01825,Partner,146,0.0781
2024-02-22,West,Atlas,Hardware,2177.2,1448.42,728.77,20,C-01650,Partner,117,0.1219
2024-02-22,West,Nova,Software,2291.17,1175.64,1115.53,18,C-01124,Direct,137,0.1104
2024-02-22,West,Pulse,Services,2218.13,1505.27,712.86,17,C-02105,Online,106,0.129
2024-02-23,North,Atlas,Hardware,1968.64,1379.63,589.02,20,C-01691,Online,126,0.0703
2024-02-23,North,Nova,Software,1830.22,1316.05,514.18,17,C-00682,Partner,94,0.0
2024-02-23,North,Pulse,Services,1854.88,1136.7,718.18,14,C-00799,Direct,101,0.0953
2024-02-23,South,Atlas,Hardware,2048.25,1294.83,753.42,20,C-02020,Partner,118,0.1466
2024-02-23,South,Nova,Software,1890.52,1070.89,819.63,20,C-00997,Direct,140,0.1214
2024-02-23,South,Pulse,Services,1954.07,1167.33,786.75,14,C-01771,Partner,140,0.1327
2024-02-23,East,Atlas,Hardware,1884.66,1245.91,638.75,16,C-02315,Partner,148,0.0854
2024-02-23,East,Nova,Software,2081.14,1565.14,515.99,23,C-02108,Partner,56,0.0655
2024-02-23,East,Pulse,Services,1978.4,1148.46,829.94,15,C-00144,Direct,118,0.1394
2024-02-23,West,Atlas,Hardware,2142.35,1418.07,724.28,18,C-02211,Online,82,0.0943
2024-02-23,West,Nova,Software,1946.52,1010.64,935.87,12,C-01998,Direct,137,0.1105
2024-02-23,West,Pulse,Services,2123.83,1485.05,638.78,16,C-01466,Online,109,0.1614
2024-02-24,North,Atlas,Hardware,1814.47,1102.59,711.88,24,C-02124,Direct,167,0.1344
2024-02-24,North,Nova,Software,1723.14,1056.17,666.97,21,C-00674,Direct,119,0.0844
2024-02-24,North,Pulse,Services,1836.16,1249.77,586.39,21,C-00997,Online,108,0.0039
2024-02-24,South,Atlas,Hardware,1823.32,1083.91,739.41,18,C-01186,Online,114,0.1761
2024-02-24,South,Nova,Software,2106.97,1188.07,918.9,21,C-01566,Direct,81,0.025
2024-02-24,South,Pulse,Services,1814.36,1212.45,601.91,16,C-01754,Direct,95,0.0193
2024-02-24,East,Atlas,Hardware,1808.08,1063.82,744.26,16,C-01434,Partner,112,0.0587
2024-02-24,East,Nova,Software,2001.64,1450.83,550.81,19,C-01283,Direct,104,0.2017
2024-02-24,East,Pulse,Services,1954.1,1341.76,612.34,14,C-00613,Direct,99,0.1
2024-02-24,West,Atlas,Hardware,2153.35,1392.57,760.78,25,C-00857,Online,124,0.0695
2024-02-24,West,Nova,Software,1944.8,1372.23,572.57,14,C-02492,Partner,132,0.056
2024-02-24,West,Pulse,Services,1981.46,1229.53,751.94,22,C-01635,Partner,111,0.0856
2024-02-25,North,Atlas,Hardware,1846.58,1254.11,592.46,17,C-00193,Direct,93,0.1817
2024-02-25,North,Nova,Software,1692.93,1232.22,460.71,18,C-02398,Partner,109,0.0715
2024-02-25,North,Pulse,Services,1511.87,1190.5,321.37,20,C-01972,Partner,138,0.1132
2024-02-25,South,Atlas,Hardware,1784.3,1154.73,629.57,19,C-01918,Direct,118,0.0869
2024-02-25,South,Nova,Software,1964.57,1283.06,681.51,13,C-01053,Direct,86,0.1538
2024-02-25,South,Pulse,Services,2086.57,1202.3,884.27,14,C-01929,Direct,132,0.1638
2024-02-25,East,Atlas,Hardware,1977.85,1362.69,615.16,19,C-01397,Direct,128,0.0799
2024-02-25,East,Nova,Software,1958.16,1512.2,445.96,25,C-00105,Partner,128,0.0981
2024-02-25,East,Pulse,Services,2030.13,1288.28,741.85,16,C-01494,Online,146,0.148
2024-02-25,West,Atlas,Hardware,2443.23,1409.04,1034.18,16,C-01036,Partner,135,0.1136
2024-02-25,West,Nova,Software,2180.71,1333.15,847.56,17,C-01873,Online,112,0.088
2024-02-25,West,Pulse,Services,2193.04,983.1,1209.94,16,C-00057,Partner,105,0.102
2024-02-26,North,Atlas,Hardware,1838.23,1251.95,586.28,23,C-01688,Direct,78,0.1353
2024-02-26,North,Nova,Software,2092.32,1379.46,712.87,13,C-01717,Online,139,0.0453
2024-02-26,North,Pulse,Services,1590.49,1065.65,524.84,26,C-00451,Partner,111,0.107
2024-02-26,South,Atlas,Hardware,2039.94,1262.8,777.14,20,C-00650,Partner,130,0.1122
2024-02-26,South,Nova,Software,1960.77,1061.15,899.61,13,C-00900,Online,119,0.0384
2024-02-26,South,Pulse,Services,1977.72,1158.21,819.51,19,C-01863,Online,110,0.0911
2024-02-26,East,Atlas,Hardware,1885.46,1184.24,701.22,18,C-00127,Partner,74,0.0908
2024-02-26,East,Nova,Software,2205.21,1567.85,637.37,10,C-01318,Partner,137,0.1469
2024-02-26,East,Pulse,Services,1924.92,1120.88,804.04,26,C-01532,Partner,76,0.0357
2024-02-26,West,Atlas,Hardware,1838.31,1041.5,796.82,12,C-02096,Partner,144,0.1718
2024-02-26,West,Nova,Software,2207.53,1417.64,789.89,8,C-00043,Partner,113,0.1167
2024-02-26,West,Pulse,Services,2090.22,1468.1,622.13,24,C-00520,Online,149,0.1133
2024-02-27,North,Atlas,Hardware,1750.31,1171.1,579.21,16,C-02483,Direct,140,0.1078
2024-02-27,North,Nova,Software,1720.24,1074.36,645.88,13,C-00835,Online,151,0.0657
2024-02-27,North,Pulse,Services,1678.15,916.58,761.57,25,C-00607,Partner,132,0.077
2024-02-27,South,Atlas,Hardware,1892.99,1076.08,816.91,11,C-01087,Direct,158,0.1584
2024-02-27,South,Nova,Software,2080.79,1293.82,786.96,14,C-00514,Partner,115,0.1039
2024-02-27,South,Pulse,Services,1895.57,1290.86,604.72,13,C-01594,Partner,115,0.1105
2024-02-27,East,Atlas,Hardware,1937.01,1195.21,741.81,15,C-00110,Partner,107,0.1394
2024-02-27,East,Nova,Software,2254.5,1455.72,798.77,18,C-00099,Online,120,0.1316
2024-02-27,East,Pulse,Services,2041.54,1365.67,675.86,17,C-02476,Partner,106,0.0485
2024-02-27,West,Atlas,Hardware,2217.63,1586.78,630.85,16,C-02231,Online,122,0.1018
2024-02-27,West,Nova,Software,2379.51,1530.65,848.86,23,C-02294,Partner,135,0.0758
2024-02-27,West,Pulse,Services,2022.68,994.74,1027.94,28,C-00450,Partner,84,0.0809
2024-02-28,North,Atlas,Hardware,2056.86,1044.36,1012.51,19,C-01850,Direct,144,0.118
2024-02-28,North,Nova,Software,2146.11,1229.82,916.29,22,C-01612,Direct,115,0.1427
2024-02-28,North,Pulse,Services,2129.27,1263.01,866.26,19,C-00410,Direct,118,0.1727
2024-02-28,South,Atlas,Hardware,2366.96,1514.59,852.36,15,C-00713,Partner,94,0.0615
2024-02-28,South,Nova,Software,1947.94,1439.3,508.64,25,C-01237,Direct,121,0.133
2024-02-28,South,Pulse,Services,1762.6,1069.04,693.55,13,C-00633,Online,91,0.083
2024-02-28,East,Atlas,Hardware,1803.08,1104.25,698.83,21,C-01012,Partner,129,0.0994
2024-02-28,East,Nova,Software,2149.83,1268.45,881.39,23,C-01743,Direct,148,0.0853
2024-02-28,East,Pulse,Services,2170.71,1542.84,627.87,21,C-01192,Online,121,0.1371
2024-02-28,West,Atlas,Hardware,2112.58,1654.44,458.14,19,C-00719,Online,114,0.1265
2024-02-28,West,Nova,Software,2024.53,1416.0,608.53,24,C-00593,Partner,138,0.1251
2024-02-28,West,Pulse,Services,2271.72,1438.47,833.26,20,C-01840,Online,161,0.1575
2024-02-29,North,Atlas,Hardware,2039.67,1339.54,700.13,14,C-01655,Direct,141,0.1453
2024-02-29,North,Nova,Software,1897.4,1014.16,883.23,19,C-00015,Partner,137,0.1339
2024-02-29,North,Pulse,Services,1716.11,1169.22,546.89,16,C-01292,Online,75,0.1493
2024-02-29,South,Atlas,Hardware,1953.19,1041.42,911.77,19,C-00400,Direct,96,0.0888
2024-02-29,South,Nova,Software,2067.01,1212.11,854.9,22,C-01752,Online,162,0.1234
2024-02-29,South,Pulse,Services,2004.96,1297.55,707.41,13,C-02499,Partner,102,0.0696
2024-02-29,East,Atlas,Hardware,2039.21,1562.6,476.61,19,C-02028,Partner,112,0.1379
2024-02-29,East,Nova,Software,2241.21,1511.55,729.66,23,C-01902,Direct,119,0.1421
2024-02-29,East,Pulse,Services,2200.83,1173.35,1027.48,15,C-01840,Partner,99,0.1442
2024-02-29,West,Atlas,Hardware,2158.46,1460.97,697.49,21,C-01540,Partner,129,0.1833
2024-02-29,West,Nova,Software,2213.16,1252.18,960.98,10,C-00104,Direct,141,0.1237
2024-02-29,West,Pulse,Services,2200.98,1427.31,773.67,22,C-01679,Direct,118,0.1609
2024-03-01,North,Atlas,Hardware,1731.18,1104.34,626.84,14,C-02304,Direct,127,0.0566
2024-03-01,North,Nova,Software,1971.84,1202.72,769.12,16,C-01937,Online,107,0.0728
2024-03-01,North,Pulse,Services,1848.03,1440.79,407.25,15,C-02096,Direct,163,0.1966
2024-03-01,South,Atlas,Hardware,1938.85,1231.96,706.89,15,C-02123,Direct,121,0.1902
2024-03-01,South,Nova,Software,2068.2,1277.81,790.39,24,C-01192,Partner,143,0.1094
2024-03-01,South,Pulse,Services,2115.73,1580.29,535.43,18,C-00893,Direct,89,0.08
2024-03-01,East,Atlas,Hardware,2009.79,1086.12,923.66,13,C-00715,Direct,104,0.0681
2024-03-01,East,Nova,Software,1927.94,1392.55,535.39,25,C-01825,Partner,148,0.1229
2024-03-01,East,Pulse,Services,2002.82,1059.56,943.27,15,C-01858,Direct,93,0.1429
2024-03-01,West,Atlas,Hardware,2231.37,1572.91,658.47,19,C-00137,Online,80,0.145
2024-03-01,West,Nova,Software,2246.87,1586.3,660.56,15,C-01544,Direct,115,0.1531
2024-03-01,West,Pulse,Services,2152.26,1392.35,759.91,16,C-00648,Online,174,0.1422
2024-03-02,North,Atlas,Hardware,1612.21,925.9,686.32,26,C-02174,Direct,105,0.1242
2024-03-02,North,Nova,Software,1819.75,1157.89,661.86,23,C-00269,Online,103,0.1245
2024-03-02,North,Pulse,Services,1598.47,1000.68,597.79,21,C-02383,Online,162,0.1085
2024-03-02,South,Atlas,Hardware,1791.5,1306.4,485.1,15,C-01029,Partner,141,0.0774
2024-03-02,South,Nova,Software,2021.72,1155.89,865.84,19,C-00086,Partner,139,0.1027
2024-03-02,South,Pulse,Services,2154.93,1320.86,834.07,25,C-00167,Direct,94,0.1267
2024-03-02,East,Atlas,Hardware,1922.96,1232.92,690.04,15,C-02179,Direct,139,0.1386
2024-03-02,East,Nova,Software,2166.2,1276.87,889.33,10,C-01363,Partner,63,0.1959
2024-03-02,East,Pulse,Services,2020.72,1208.29,812.43,21,C-01606,Direct,137,0.0855
2024-03-02,West,Atlas,Hardware,2049.36,1205.08,844.28,10,C-01283,Direct,97,0.0878
2024-03-02,West,Nova,Software,2086.35,1394.02,692.32,17,C-00132,Partner,83,0.0549
2024-03-02,West,Pulse,Services,2070.9,1182.22,888.68,17,C-00921,Direct,135,0.0917
2024-03-03,North,Atlas,Hardware,1716.59,1071.26,645.33,17,C-00315,Direct,102,0.1482
2024-03-03,North,Nova,Software,1921.94,1074.71,847.23,24,C-02424,Partner,66,0.108
2024-03-03,North,Pulse,Services,1915.36,1306.59,608.77,18,C-02470,Partner,118,0.0555
2024-03-03,South,Atlas,Hardware,2185.66,1245.05,940.62,16,C-02136,Partner,116,0.1871
2024-03-03,South,Nova,Software,2024.75,1213.75,811.0,19,C-01358,Online,158,0.0815
2024-03-03,South,Pulse,Services,2304.41,1556.95,747.46,23,C-00111,Direct,90,0.1301
2024-03-03,East,Atlas,Hardware,2035.44,1079.87,955.57,17,C-01942,Direct,146,0.1188
2024-03-03,East,Nova,Software,2041.49,1376.63,664.86,12,C-00562,Online,94,0.1282
2024-03-03,East,Pulse,Services,1973.43,1237.11,736.32,10,C-02493,Online,121,0.1171
2024-03-03,West,Atlas,Hardware,2188.17,1449.49,738.68,25,C-01485,Online,102,0.1521
2024-03-03,West,Nova,Software,2205.35,1509.12,696.23,28,C-00163,Online,117,0.095
2024-03-03,West,Pulse,Services,1980.61,1171.63,808.98,20,C-02337,Online,154,0.1003
2024-03-04,North,Atlas,Hardware,1947.89,1250.95,696.93,16,C-00489,Direct,180,0.0924
2024-03-04,North,Nova,Software,1863.61,1353.01,510.6,14,C-00618,Online,14,0.1398
2024-03-04,North,Pulse,Services,1933.83,862.42,1071.41,19,C-02039,Online,119,0.1963
2024-03-04,South,Atlas,Hardware,1605.35,1093.14,512.21,14,C-01670,Partner,75,0.1301
2024-03-04,South,Nova,Software,2046.42,1081.51,964.9,23,C-02030,Online,129,0.1887
2024-03-04,South,Pulse,Services,1738.71,1091.78,646.93,22,C-00426,Direct,112,0.145
2024-03-04,East,Atlas,Hardware,2057.17,1278.52,778.65,25,C-02228,Partner,144,0.1176
2024-03-04,East,Nova,Software,2042.25,1381.79,660.46,18,C-01931,Online,129,0.1243
2024-03-04,East,Pulse,Services,2060.19,1351.92,708.28,21,C-00622,Direct,107,0.0963
2024-03-04,West,Atlas,Hardware,2440.93,1796.46,644.47,21,C-01241,Direct,98,0.0929
2024-03-04,West,Nova,Software,2428.73,1666.41,762.32,22,C-02058,Direct,125,0.0942
2024-03-04,West,Pulse,Services,2108.53,1518.39,590.13,24,C-00189,Direct,120,0.0825
2024-03-05,North,Atlas,Hardware,1694.41,1104.2,590.21,19,C-01761,Online,140,0.1202
2024-03-05,North,Nova,Software,1384.55,963.38,421.17,19,C-02340,Direct,196,0.1272
2024-03-05,North,Pulse,Services,1860.62,1340.23,520.38,21,C-00927,Online,68,0.1188
2024-03-05,South,Atlas,Hardware,1953.36,996.03,957.33,20,C-01183,Direct,135,0.1717
2024-03-05,South,Nova,Software,1690.32,1150.85,539.47,13,C-00512,Direct,132,0.1611
2024-03-05,South,Pulse,Services,2074.6,1308.89,765.71,18,C-01197,Direct,127,0.0282
2024-03-05,East,Atlas,Hardware,2220.65,1289.43,931.23,19,C-01324,Direct,127,0.1617
2024-03-05,East,Nova,Software,1564.41,1212.29,352.12,18,C-01351,Direct,123,0.2185
2024-03-05,East,Pulse,Services,1988.04,1439.87,548.17,24,C-01451,Direct,118,0.1843
2024-03-05,West,Atlas,Hardware,2329.68,1518.82,810.86,18,C-01395,Partner,105,0.2242
2024-03-05,West,Nova,Software,2128.32,1353.79,774.53,15,C-00348,Online,132,0.0408
2024-03-05,West,Pulse,Services,2036.42,1307.32,729.1,22,C-00625,Direct,146,0.0772
2024-03-06,North,Atlas,Hardware,1697.17,1110.59,586.58,15,C-00052,Direct,129,0.1276
2024-03-06,North,Nova,Software,1773.05,1096.17,676.89,20,C-00938,Online,96,0.0473
2024-03-06,North,Pulse,Services,1819.46,1223.87,595.59,20,C-02272,Partner,141,0.0847
2024-03-06,South,Atlas,Hardware,2063.0,1383.64,679.36,17,C-00213,Direct,110,0.0914
2024-03-06,South,Nova,Software,1758.46,1187.9,570.55,13,C-02424,Online,180,0.1166
2024-03-06,South,Pulse,Services,1894.48,1239.3,655.18,19,C-00972,Direct,115,0.0858
2024-03-06,East,Atlas,Hardware,1774.3,958.35,815.94,14,C-02088,Direct,113,0.1517
2024-03-06,East,Nova,Software,2059.57,1456.84,602.73,23,C-01697,Partner,133,0.1316
2024-03-06,East,Pulse,Services,2055.88,1106.43,949.46,18,C-01707,Online,113,0.1554
2024-03-06,West,Atlas,Hardware,2284.25,1653.66,630.59,19,C-00894,Online,95,0.109
2024-03-06,West,Nova,Software,2241.19,1642.19,599.0,18,C-00950,Online,168,0.0827
2024-03-06,West,Pulse,Services,2196.9,1328.8,868.1,12,C-01114,Online,150,0.2202
2024-03-07,North,Atlas,Hardware,2011.63,1279.01,732.61,24,C-00321,Online,157,0.1609
2024-03-07,North,Nova,Software,1897.07,1324.17,572.9,25,C-00122,Partner,167,0.1989
2024-03-07,North,Pulse,Services,2015.78,1526.31,489.48,25,C-02059,Partner,130,0.1112
2024-03-07,South,Atlas,Hardware,1961.14,1490.99,470.15,16,C-00794,Direct,121,0.0952
2024-03-07,South,Nova,Software,1828.21,1196.08,632.13,23,C-00912,Direct,116,0.1422
2024-03-07,South,Pulse,Services,2030.25,1363.58,666.66,24,C-00705,Direct,114,0.1241
2024-03-07,East,Atlas,Hardware,2311.25,1324.35,986.91,18,C-01477,Direct,141,0.232
2024-03-07,East,Nova,Software,2149.42,1137.27,1012.15,18,C-02223,Direct,93,0.1177
2024-03-07,East,Pulse,Services,2174.48,1165.85,1008.63,19,C-01718,Online,53,0.121
2024-03-07,West,Atlas,Hardware,2351.26,1677.44,673.82,21,C-00128,Partner,65,0.028
2024-03-07,West,Nova,Software,2274.52,1476.35,798.16,18,C-01340,Partner,138,0.0286
2024-03-07,West,Pulse,Services,1963.67,1147.04,816.63,16,C-01291,Partner,122,0.1659
2024-03-08,North,Atlas,Hardware,2067.43,1315.84,751.59,22,C-01333,Online,120,0.1297
2024-03-08,North,Nova,Software,1788.84,1050.9,737.95,20,C-00620,Direct,115,0.0846
2024-03-08,North,Pulse,Services,1948.26,1181.23,767.03,15,C-00735,Direct,108,0.0
2024-03-08,South,Atlas,Hardware,1648.16,943.35,704.81,14,C-01729,Direct,125,0.1515
2024-03-08,South,Nova,Software,2190.07,1393.47,796.6,19,C-01830,Direct,134,0.1191
2024-03-08,South,Pulse,Services,1523.17,954.74,568.44,21,C-02110,Partner,80,0.1345
2024-03-08,East,Atlas,Hardware,2168.28,1158.33,1009.95,20,C-00493,Partner,116,0.1444
2024-03-08,East,Nova,Software,2052.22,1401.57,650.66,17,C-01656,Online,131,0.0331
2024-03-08,East,Pulse,Services,2079.03,1540.13,538.89,21,C-02483,Partner,112,0.081
2024-03-08,West,Atlas,Hardware,2083.93,1444.2,639.72,20,C-00055,Online,118,0.0964
2024-03-08,West,Nova,Software,1981.18,1389.56,591.62,23,C-01341,Partner,139,0.0495
2024-03-08,West,Pulse,Services,2153.17,1677.87,475.3,13,C-00130,Partner,135,0.077
2024-03-09,North,Atlas,Hardware,1770.66,1068.68,701.98,17,C-00366,Online,123,0.0627
2024-03-09,North,Nova,Software,1920.86,1326.07,594.8,13,C-00942,Direct,96,0.1839
2024-03-09,North,Pulse,Services,1691.34,1091.87,599.47,19,C-01633,Direct,169,0.0501
2024-03-09,South,Atlas,Hardware,1828.83,888.45,940.39,17,C-02408,Online,93,0.2023
2024-03-09,South,Nova,Software,1802.92,1382.55,420.36,17,C-01241,Partner,125,0.0482
2024-03-09,South,Pulse,Services,1771.55,1259.91,511.64,22,C-00640,Online,99,0.0949
2024-03-09,East,Atlas,Hardware,2213.28,1329.75,883.53,23,C-00785,Partner,127,0.108
2024-03-09,East,Nova,Software,2093.82,1234.36,859.46,12,C-00239,Online,114,0.0982
2024-03-09,East,Pulse,Services,2089.65,1145.23,944.43,17,C-00393,Online,108,0.0784
2024-03-09,West,Atlas,Hardware,2115.17,1314.56,800.6,14,C-00174,Direct,85,0.1999
2024-03-09,West,Nova,Software,2291.86,1432.96,858.89,21,C-01741,Direct,124,0.1321
2024-03-09,West,Pulse,Services,2307.83,1305.99,1001.84,19,C-00673,Partner,116,0.0438
2024-03-10,North,Atlas,Hardware,2060.76,1221.15,839.6,22,C-01087,Online,150,0.1854
2024-03-10,North,Nova,Software,1757.8,1341.98,415.82,11,C-00171,Partner,80,0.0739
2024-03-10,North,Pulse,Services,1799.44,1071.46,727.98,28,C-00026,Partner,108,0.0635
2024-03-10,South,Atlas,Hardware,2194.9,1394.48,800.43,19,C-01842,Online,151,0.1346
2024-03-10,South,Nova,Software,1693.01,1112.48,580.53,23,C-00172,Direct,128,0.0959
2024-03-10,South,Pulse,Services,1849.51,1188.4,661.1,18,C-00663,Partner,73,0.1115
2024-03-10,East,Atlas,Hardware,2015.57,1257.49,758.08,24,C-02194,Partner,140,0.1554
2024-03-10,East,Nova,Software,1878.52,1313.81,564.7,25,C-01955,Direct,102,0.1001
2024-03-10,East,Pulse,Services,2090.66,1309.75,780.91,16,C-01081,Direct,80,0.1771
2024-03-10,West,Atlas,Hardware,2385.4,1422.21,963.19,14,C-00781,Online,143,0.0752
2024-03-10,West,Nova,Software,2211.09,1312.7,898.4,15,C-02053,Partner,103,0.1443
2024-03-10,West,Pulse,Services,2396.19,1537.56,858.62,21,C-01300,Direct,119,0.0958
2024-03-11,North,Atlas,Hardware,1982.73,1388.94,593.78,12,C-00495,Direct,163,0.0802
2024-03-11,North,Nova,Software,1830.42,1038.64,791.79,13,C-02194,Direct,147,0.0993
2024-03-11,North,Pulse,Services,1848.32,1345.35,502.97,14,C-00279,Direct,108,0.0882
2024-03-11,South,Atlas,Hardware,2226.11,1581.68,644.44,21,C-01302,Partner,125,0.1209
2024-03-11,South,Nova,Software,2097.47,1197.97,899.5,24,C-01553,Partner,131,0.0578
2024-03-11,South,Pulse,Services,1916.43,1215.89,700.54,17,C-02317,Partner,128,0.0808
2024-03-11,East,Atlas,Hardware,1778.99,1123.72,655.27,19,C-02173,Direct,159,0.1342
2024-03-11,East,Nova,Software,2214.49,1460.96,753.53,22,C-00625,Online,149,0.013
2024-03-11,East,Pulse,Services,1934.52,1439.34,495.18,15,C-01099,Direct,106,0.1133
2024-03-11,West,Atlas,Hardware,2017.06,1429.32,587.74,21,C-02303,Direct,157,0.0258
2024-03-11,West,Nova,Software,2079.09,1635.88,443.21,19,C-01958,Online,111,0.0993
2024-03-11,West,Pulse,Services,2366.52,1527.53,838.99,19,C-00651,Partner,162,0.0449
2024-03-12,North,Atlas,Hardware,2137.88,1514.45,623.43,17,C-00011,Online,113,0.1072
2024-03-12,North,Nova,Software,1870.25,1329.88,540.36,15,C-01451,Direct,154,0.0874
2024-03-12,North,Pulse,Services,1879.24,961.23,918.01,18,C-01685,Online,87,0.0988
2024-03-12,South,Atlas,Hardware,2147.42,1467.88,679.53,22,C-00626,Direct,96,0.1114
2024-03-12,South,Nova,Software,2137.67,1369.44,768.22,13,C-00512,Direct,100,0.126
2024-03-12,South,Pulse,Services,2265.57,1577.96,687.61,14,C-00604,Partner,147,0.0839
2024-03-12,East,Atlas,Hardware,1953.47,1484.24,469.22,11,C-00768,Online,97,0.1584
2024-03-12,East,Nova,Software,2308.94,1498.13,810.81,12,C-02316,Online,123,0.1381
2024-03-12,East,Pulse,Services,1818.11,1113.91,704.2,18,C-02411,Direct,137,0.1408
2024-03-12,West,Atlas,Hardware,2015.55,1077.6,937.95,23,C-02315,Direct,130,0.133
2024-03-12,West,Nova,Software,2175.17,1683.59,491.58,13,C-00323,Partner,148,0.047
2024-03-12,West,Pulse,Services,2001.63,1146.9,854.73,17,C-01908,Partner,86,0.0637
2024-03-13,North,Atlas,Hardware,1831.27,1027.18,804.08,18,C-00895,Partner,162,0.1477
2024-03-13,North,Nova,Software,1868.12,1176.96,691.15,19,C-00860,Partner,117,0.0649
2024-03-13,North,Pulse,Services,1852.33,1179.14,673.19,23,C-01862,Online,143,0.1388
2024-03-13,South,Atlas,Hardware,1803.16,1178.9,624.26,15,C-01376,Direct,156,0.1659
2024-03-13,South,Nova,Software,2016.93,1401.47,615.46,21,C-00275,Direct,134,0.1193
2024-03-13,South,Pulse,Services,1991.85,1514.82,477.03,15,C-00455,Online,119,0.1658
2024-03-13,East,Atlas,Hardware,2011.78,1242.21,769.57,14,C-00849,Direct,119,0.1758
2024-03-13,East,Nova,Software,1981.21,1393.32,587.89,25,C-00927,Direct,143,0.1158
2024-03-13,East,Pulse,Services,2037.49,1399.94,637.55,24,C-01129,Direct,182,0.144
2024-03-13,West,Atlas,Hardware,2398.85,1366.72,1032.12,16,C-01486,Direct,99,0.142
2024-03-13,West,Nova,Software,2180.62,1362.72,817.91,10,C-00432,Direct,111,0.0153
2024-03-13,West,Pulse,Services,2437.51,1555.17,882.33,18,C-00334,Partner,101,0.1398
2024-03-14,North,Atlas,Hardware,2006.2,1300.54,705.66,16,C-02064,Online,119,0.0911
2024-03-14,North,Nova,Software,1985.53,1472.12,513.41,18,C-00028,Partner,138,0.1303
2024-03-14,North,Pulse,Services,1883.32,1119.93,763.39,20,C-02491,Online,104,0.1538
2024-03-14,South,Atlas,Hardware,1870.07,1006.31,863.77,24,C-01358,Direct,98,0.1286
2024-03-14,South,Nova,Software,2029.77,1451.35,578.42,19,C-01934,Direct,125,0.1199
2024-03-14,South,Pulse,Services,2129.08,1013.01,1116.08,15,C-01241,Online,112,0.1514
2024-03-14,East,Atlas,Hardware,2246.82,1401.11,845.7,17,C-01086,Partner,82,0.1807
2024-03-14,East,Nova,Software,2173.91,1385.28,788.63,23,C-00096,Partner,160,0.1406
2024-03-14,East,Pulse,Services,1668.71,1037.8,630.91,20,C-00054,Partner,104,0.0669
2024-03-14,West,Atlas,Hardware,2199.02,1381.86,817.17,17,C-00359,Online,78,0.1383
2024-03-14,West,Nova,Software,2256.6,1679.19,577.41,22,C-00337,Partner,109,0.0897
2024-03-14,West,Pulse,Services,2178.63,1468.99,709.64,11,C-01930,Partner,109,0.1364
2024-03-15,North,Atlas,Hardware,1885.26,1121.18,764.08,17,C-00732,Online,129,0.1287
2024-03-15,North,Nova,Software,2110.9,1273.52,837.38,19,C-01650,Direct,116,0.1454
2024-03-15,North,Pulse,Services,1715.6,1175.05,540.55,22,C-00221,Partner,137,0.167
2024-03-15,South,Atlas,Hardware,1776.83,1059.01,717.82,16,C-00505,Partner,94,0.1034
2024-03-15,South,Nova,Software,1962.91,1267.46,695.44,19,C-00213,Partner,146,0.1129
2024-03-15,South,Pulse,Services,1886.19,1525.39,360.8,23,C-00188,Online,103,0.1037
2024-03-15,East,Atlas,Hardware,2065.16,1227.12,838.04,22,C-02380,Direct,111,0.1329
2024-03-15,East,Nova,Software,2015.96,1244.83,771.14,16,C-01907,Partner,137,0.0499
2024-03-15,East,Pulse,Services,2183.49,1237.87,945.61,13,C-00261,Direct,120,0.1349
2024-03-15,West,Atlas,Hardware,2077.75,1448.94,628.81,14,C-00920,Partner,99,0.1143
2024-03-15,West,Nova,Software,2033.15,1270.54,762.61,19,C-01616,Online,76,0.129
2024-03-15,West,Pulse,Services,2476.96,1460.6,1016.36,19,C-00676,Partner,109,0.22
2024-03-16,North,Atlas,Hardware,1981.5,1179.05,802.45,21,C-01969,Direct,178,0.1049
2024-03-16,North,Nova,Software,1806.11,1105.47,700.64,16,C-00825,Direct,78,0.1347
2024-03-16,North,Pulse,Services,1982.6,1234.41,748.19,14,C-02079,Online,90,0.0611
2024-03-16,South,Atlas,Hardware,2064.22,1253.81,810.42,16,C-01197,Partner,142,0.0876
2024-03-16,South,Nova,Software,1859.92,1058.01,801.92,17,C-01049,Partner,108,0.1881
2024-03-16,South,Pulse,Services,1923.95,1176.8,747.15,12,C-01205,Partner,101,0.1461
2024-03-16,East,Atlas,Hardware,1940.02,981.98,958.03,17,C-01101,Partner,156,0.0584
2024-03-16,East,Nova,Software,2246.47,1073.32,1173.15,14,C-02082,Online,114,0.0837
2024-03-16,East,Pulse,Services,2349.33,1449.13,900.2,16,C-02099,Direct,134,0.0323
2024-03-16,West,Atlas,Hardware,2291.83,1703.12,588.71,16,C-01432,Partner,155,0.1903
2024-03-16,West,Nova,Software,2269.93,1450.29,819.63,15,C-00412,Online,136,0.1248
2024-03-16,West,Pulse,Services,2172.92,1465.03,707.88,13,C-00271,Direct,90,0.0741
2024-03-17,North,Atlas,Hardware,2117.36,1310.6,806.76,19,C-00115,Online,111,0.1796
2024-03-17,North,Nova,Software,1774.05,961.74,812.32,15,C-01269,Partner,169,0.1943
2024-03-17,North,Pulse,Services,1870.09,1096.04,774.05,21,C-02093,Online,90,0.0981
2024-03-17,South,Atlas,Hardware,2201.52,1645.67,555.85,20,C-00664,Direct,93,0.162
2024-03-17,South,Nova,Software,1720.26,1190.61,529.65,16,C-01093,Partner,128,0.0809
2024-03-17,South,Pulse,Services,1870.89,1247.71,623.17,19,C-02228,Partner,156,0.1129
2024-03-17,East,Atlas,Hardware,2016.58,1444.74,571.83,14,C-01566,Online,138,0.1573
2024-03-17,East,Nova,Software,2029.19,1146.03,883.16,16,C-02005,Direct,121,0.1257
2024-03-17,East,Pulse,Services,2007.45,1266.67,740.78,15,C-01935,Online,176,0.1075
2024-03-17,West,Atlas,Hardware,2349.34,1082.96,1266.38,23,C-00224,Online,86,0.1223
2024-03-17,West,Nova,Software,2161.46,1443.8,717.66,17,C-00634,Direct,128,0.1193
2024-03-17,West,Pulse,Services,2120.4,1450.91,669.49,16,C-00087,Partner,56,0.1722
2024-03-18,North,Atlas,Hardware,1423.58,880.99,542.59,18,C-00679,Partner,119,0.1673
2024-03-18,North,Nova,Software,1680.27,1131.63,548.64,14,C-01252,Partner,88,0.0911
2024-03-18,North,Pulse,Services,2091.93,1253.07,838.86,26,C-01012,Direct,135,0.1134
2024-03-18,South,Atlas,Hardware,1768.54,1106.97,661.58,16,C-01213,Direct,90,0.1589
2024-03-18,South,Nova,Software,2087.87,1353.95,733.91,17,C-00792,Online,114,0.0706
2024-03-18,South,Pulse,Services,2093.01,1321.07,771.94,13,C-00359,Direct,119,0.093
2024-03-18,East,Atlas,Hardware,2231.84,1575.45,656.39,27,C-00232,Partner,99,0.0627
2024-03-18,East,Nova,Software,2101.08,1187.79,913.29,17,C-01000,Direct,102,0.0558
2024-03-18,East,Pulse,Services,2155.3,1385.31,769.99,22,C-01828,Online,175,0.0724
2024-03-18,West,Atlas,Hardware,2289.11,1203.9,1085.21,16,C-01341,Online,114,0.0833
2024-03-18,West,Nova,Software,2137.22,1154.99,982.23,18,C-01957,Direct,145,0.095
2024-03-18,West,Pulse,Services,2193.32,1287.5,905.83,10,C-02386,Partner,86,0.0659
2024-03-19,North,Atlas,Hardware,1987.47,1211.07,776.4,28,C-00157,Partner,106,0.1152
2024-03-19,North,Nova,Software,1841.66,1106.35,735.31,20,C-01909,Partner,123,0.1059
2024-03-19,North,Pulse,Services,2043.51,1572.61,470.91,16,C-01088,Direct,136,0.198
2024-03-19,South,Atlas,Hardware,1949.82,1149.57,800.25,17,C-01416,Direct,63,0.1081
2024-03-19,South,Nova,Software,2229.43,1473.7,755.73,17,C-01002,Direct,90,0.1001
2024-03-19,South,Pulse,Services,2327.2,1724.68,602.52,19,C-00073,Online,133,0.1589
2024-03-19,East,Atlas,Hardware,2166.74,1201.37,965.37,14,C-00880,Partner,129,0.1986
2024-03-19,East,Nova,Software,1928.29,1162.86,765.43,17,C-01227,Partner,113,0.1433
2024-03-19,East,Pulse,Services,2094.54,1187.4,907.14,21,C-00349,Direct,131,0.1413
2024-03-19,West,Atlas,Hardware,1987.77,1166.28,821.49,16,C-00963,Online,81,0.0699
2024-03-19,West,Nova,Software,1970.52,1177.44,793.08,15,C-01409,Partner,110,0.095
2024-03-19,West,Pulse,Services,2221.6,1296.31,925.29,18,C-01538,Direct,122,0.0802
2024-03-20,North,Atlas,Hardware,2047.54,1316.42,731.11,16,C-01348,Online,150,0.083
2024-03-20,North,Nova,Software,1899.96,1439.45,460.51,7,C-01439,Partner,110,0.0982
2024-03-20,North,Pulse,Services,1804.76,1293.78,510.98,22,C-02245,Online,123,0.0554
2024-03-20,South,Atlas,Hardware,2148.18,1396.06,752.13,14,C-01279,Partner,137,0.0131
2024-03-20,South,Nova,Software,2021.12,1421.0,600.12,15,C-01614,Partner,182,0.1549
2024-03-20,South,Pulse,Services,1898.12,1123.32,774.8,20,C-02383,Partner,113,0.1773
2024-03-20,East,Atlas,Hardware,2320.36,1521.35,799.01,24,C-02432,Partner,111,0.1297
2024-03-20,East,Nova,Software,2098.48,1293.98,804.5,19,C-00790,Partner,128,0.1632
2024-03-20,East,Pulse,Services,2269.38,1342.3,927.08,19,C-00385,Direct,140,0.1568
2024-03-20,West,Atlas,Hardware,2195.29,1320.96,874.33,16,C-00863,Direct,149,0.0629
2024-03-20,West,Nova,Software,2011.61,1461.92,549.69,17,C-01191,Online,133,0.108
2024-03-20,West,Pulse,Services,2350.97,1596.99,753.98,25,C-00827,Partner,143,0.1016
2024-03-21,North,Atlas,Hardware,2042.36,1334.9,707.46,23,C-01569,Online,111,0.1184
2024-03-21,North,Nova,Software,1668.82,1109.1,559.72,20,C-00286,Online,132,0.1373
2024-03-21,North,Pulse,Services,1816.4,1138.25,678.15,12,C-01397,Direct,111,0.0739
2024-03-21,South,Atlas,Hardware,2346.8,1651.29,695.51,16,C-01211,Partner,109,0.0753
2024-03-21,South,Nova,Software,2216.5,1349.6,866.9,30,C-01587,Partner,149,0.1355
2024-03-21,South,Pulse,Services,2002.71,1316.99,685.72,20,C-00497,Partner,89,0.1911
2024-03-21,East,Atlas,Hardware,2080.11,1334.38,745.74,19,C-00599,Direct,135,0.12
2024-03-21,East,Nova,Software,2117.41,1343.15,774.26,18,C-00205,Direct,108,0.0485
2024-03-21,East,Pulse,Services,2317.06,1583.34,733.73,18,C-00667,Direct,115,0.1724
2024-03-21,West,Atlas,Hardware,2252.2,1553.36,698.84,23,C-02389,Direct,106,0.0901
2024-03-21,West,Nova,Software,2126.48,1256.91,869.57,15,C-00178,Online,106,0.0618
2024-03-21,West,Pulse,Services,2175.89,1505.12,670.77,28,C-01360,Partner,121,0.0645
2024-03-22,North,Atlas,Hardware,1798.86,1063.97,734.89,12,C-01941,Direct,112,0.0733
2024-03-22,North,Nova,Software,1711.3,990.38,720.92,24,C-01510,Online,122,0.118
2024-03-22,North,Pulse,Services,1969.25,1151.82,817.43,16,C-02023,Direct,89,0.1071
2024-03-22,South,Atlas,Hardware,2063.11,1473.84,589.27,14,C-01818,Direct,103,0.0678
2024-03-22,South,Nova,Software,2040.13,1568.13,472.0,14,C-00524,Direct,146,0.1627
2024-03-22,South,Pulse,Services,1848.28,1243.28,605.0,18,C-01729,Online,130,0.1289
2024-03-22,East,Atlas,Hardware,2226.33,1274.34,951.99,23,C-01597,Direct,122,0.0874
2024-03-22,East,Nova,Software,2050.52,1162.88,887.64,16,C-00971,Online,148,0.1853
2024-03-22,East,Pulse,Services,2258.94,1350.37,908.58,20,C-00852,Partner,164,0.0911
2024-03-22,West,Atlas,Hardware,2273.29,1361.04,912.25,18,C-02127,Direct,113,0.1355
2024-03-22,West,Nova,Software,2097.57,1113.16,984.41,28,C-00025,Direct,110,0.1619
2024-03-22,West,Pulse,Services,2428.17,1409.39,1018.78,22,C-00943,Partner,129,0.0827
2024-03-23,North,Atlas,Hardware,1752.25,1127.44,624.81,17,C-00658,Online,105,0.1222
2024-03-23,North,Nova,Software,1900.33,1210.25,690.07,22,C-01173,Direct,127,0.0831
2024-03-23,North,Pulse,Services,1613.42,1216.59,396.83,24,C-01807,Partner,124,0.0771
2024-03-23,South,Atlas,Hardware,1916.49,1100.85,815.64,21,C-02460,Partner,58,0.1093
2024-03-23,South,Nova,Software,1823.0,1343.81,479.19,19,C-01754,Partner,109,0.1759
2024-03-23,South,Pulse,Services,1836.16,1128.22,707.94,18,C-02278,Partner,116,0.1616
2024-03-23,East,Atlas,Hardware,2290.29,1300.18,990.11,17,C-00313,Direct,136,0.1864
2024-03-23,East,Nova,Software,2068.05,1509.83,558.22,13,C-00541,Partner,132,0.1124
2024-03-23,East,Pulse,Services,2186.57,1408.15,778.42,18,C-00503,Direct,95,0.1717
2024-03-23,West,Atlas,Hardware,2227.95,1353.75,874.2,15,C-00710,Direct,119,0.0938
2024-03-23,West,Nova,Software,2218.03,1520.13,697.9,15,C-02191,Online,134,0.0902
2024-03-23,West,Pulse,Services,2006.43,1094.99,911.43,15,C-00219,Direct,118,0.0706
2024-03-24,North,Atlas,Hardware,1763.18,1117.25,645.94,10,C-02314,Online,117,0.1136
2024-03-24,North,Nova,Software,1770.13,830.42,939.72,16,C-01427,Direct,141,0.1272
2024-03-24,North,Pulse,Services,1767.37,1478.08,289.3,19,C-01559,Online,74,0.1108
2024-03-24,South,Atlas,Hardware,1903.71,1096.89,806.82,24,C-01286,Partner,142,0.0
2024-03-24,South,Nova,Software,1734.4,1074.34,660.06,18,C-00042,Online,125,0.0505
2024-03-24,South,Pulse,Services,1966.54,1059.49,907.05,24,C-00249,Online,112,0.1347
2024-03-24,East,Atlas,Hardware,2074.02,1537.08,536.94,15,C-02372,Online,96,0.1572
2024-03-24,East,Nova,Software,1781.17,1286.27,494.9,12,C-00420,Online,109,0.1585
2024-03-24,East,Pulse,Services,2174.29,1423.67,750.61,18,C-01563,Partner,147,0.0599
2024-03-24,West,Atlas,Hardware,2209.3,1174.2,1035.1,27,C-00223,Direct,128,0.0048
2024-03-24,West,Nova,Software,2421.27,1609.09,812.18,20,C-00858,Partner,145,0.0841
2024-03-24,West,Pulse,Services,2092.3,1462.06,630.24,18,C-00518,Online,138,0.1154
2024-03-25,North,Atlas,Hardware,1907.88,1384.57,523.32,19,C-02262,Partner,95,0.1269
2024-03-25,North,Nova,Software,1905.96,1203.12,702.84,22,C-01593,Partner,47,0.0032
2024-03-25,North,Pulse,Services,1822.86,1139.8,683.06,17,C-00674,Direct,88,0.1252
2024-03-25,South,Atlas,Hardware,1960.08,1284.62,675.46,17,C-01737,Online,77,0.0532
2024-03-25,South,Nova,Software,2125.48,1269.56,855.91,16,C-01277,Partner,102,0.0123
2024-03-25,South,Pulse,Services,1723.24,1219.89,503.35,16,C-00599,Partner,127,0.074
2024-03-25,East,Atlas,Hardware,2122.69,1332.93,789.76,20,C-00487,Direct,83,0.1532
2024-03-25,East,Nova,Software,1717.19,1035.9,681.29,17,C-00657,Direct,108,0.127
2024-03-25,East,Pulse,Services,2160.77,1617.69,543.07,17,C-00642,Direct,130,0.1368
2024-03-25,West,Atlas,Hardware,2661.66,1521.85,1139.82,12,C-00915,Direct,110,0.1246
2024-03-25,West,Nova,Software,2124.62,1429.82,694.8,17,C-00636,Direct,136,0.0473
2024-03-25,West,Pulse,Services,2229.16,1352.09,877.07,22,C-02147,Partner,129,0.1402
2024-03-26,North,Atlas,Hardware,1792.86,964.44,828.43,15,C-02306,Partner,126,0.0736
2024-03-26,North,Nova,Software,2064.81,1240.81,824.01,16,C-01839,Online,119,0.1349
2024-03-26,North,Pulse,Services,1853.31,954.34,898.97,20,C-01974,Direct,109,0.1054
2024-03-26,South,Atlas,Hardware,2095.03,1200.48,894.55,14,C-01317,Online,122,0.0662
2024-03-26,South,Nova,Software,1930.33,1089.11,841.22,14,C-01137,Online,142,0.108
2024-03-26,South,Pulse,Services,2028.11,1221.02,807.09,21,C-02008,Partner,115,0.0433
2024-03-26,East,Atlas,Hardware,1932.23,1181.83,750.39,24,C-02419,Direct,107,0.1932
2024-03-26,East,Nova,Software,1877.23,1167.91,709.31,14,C-01729,Partner,137,0.0795
2024-03-26,East,Pulse,Services,2062.59,1320.71,741.88,19,C-02018,Partner,79,0.1025
2024-03-26,West,Atlas,Hardware,2183.8,1544.39,639.41,20,C-01081,Direct,163,0.0964
2024-03-26,West,Nova,Software,2307.27,1615.45,691.82,13,C-00397,Online,100,0.0915
2024-03-26,West,Pulse,Services,2277.32,1435.15,842.18,19,C-00640,Online,47,0.1652
2024-03-27,North,Atlas,Hardware,1660.94,999.12,661.83,15,C-01690,Direct,110,0.1091
2024-03-27,North,Nova,Software,1887.58,1125.94,761.63,14,C-01708,Online,106,0.1204
2024-03-27,North,Pulse,Services,2038.56,1610.44,428.11,22,C-01853,Online,149,0.104
2024-03-27,South,Atlas,Hardware,2142.94,1854.95,287.99,12,C-01874,Partner,115,0.0827
2024-03-27,South,Nova,Software,1901.91,1288.08,613.83,20,C-02498,Direct,75,0.0919
2024-03-27,South,Pulse,Services,1884.52,1239.93,644.58,20,C-01332,Online,125,0.0416
2024-03-27,East,Atlas,Hardware,2034.54,1437.24,597.29,21,C-01981,Direct,148,0.0588
2024-03-27,East,Nova,Software,2031.14,955.68,1075.45,18,C-01743,Direct,122,0.1394
2024-03-27,East,Pulse,Services,2043.25,1455.2,588.05,15,C-01992,Online,103,0.189
2024-03-27,West,Atlas,Hardware,2107.87,1333.4,774.47,19,C-00398,Partner,88,0.0579
2024-03-27,West,Nova,Software,2237.45,1411.81,825.64,17,C-02137,Online,96,0.1347
2024-03-27,West,Pulse,Services,2431.19,1551.6,879.59,13,C-00541,Online,105,0.066
2024-03-28,North,Atlas,Hardware,1966.45,1227.3,739.15,13,C-00348,Direct,134,0.0179
2024-03-28,North,Nova,Software,1695.84,1239.99,455.85,13,C-00525,Partner,71,0.0574
2024-03-28,North,Pulse,Services,1882.19,1234.08,648.11,17,C-02423,Partner,73,0.124
2024-03-28,South,Atlas,Hardware,2013.45,1488.37,525.08,23,C-01065,Direct,133,0.0671
2024-03-28,South,Nova,Software,1784.66,1074.66,709.99,15,C-01222,Direct,145,0.121
2024-03-28,South,Pulse,Services,1980.76,1258.72,722.05,11,C-00522,Direct,126,0.0601
2024-03-28,East,Atlas,Hardware,2076.6,1641.58,435.01,24,C-01040,Online,134,0.1017
2024-03-28,East,Nova,Software,2055.58,1484.14,571.44,22,C-01653,Online,106,0.094
2024-03-28,East,Pulse,Services,1973.83,1397.3,576.53,23,C-00857,Direct,86,0.1749
2024-03-28,West,Atlas,Hardware,2016.31,1306.57,709.73,19,C-01001,Direct,131,0.1487
2024-03-28,West,Nova,Software,2078.73,1533.05,545.67,21,C-00557,Direct,143,0.0661
2024-03-28,West,Pulse,Services,2236.41,1536.68,699.72,16,C-01450,Direct,147,0.1814
2024-03-29,North,Atlas,Hardware,1822.81,1237.11,585.7,18,C-00833,Online,91,0.2031
2024-03-29,North,Nova,Software,1695.22,1086.26,608.96,19,C-01760,Online,115,0.1665
2024-03-29,North,Pulse,Services,1776.27,1185.98,590.28,23,C-01488,Online,134,0.1513
2024-03-29,South,Atlas,Hardware,2086.72,1360.7,726.02,19,C-00962,Online,114,0.166
2024-03-29,South,Nova,Software,2144.46,1318.36,826.1,19,C-02228,Online,118,0.0604
2024-03-29,South,Pulse,Services,1971.46,1408.38,563.08,18,C-00934,Direct,119,0.0746
2024-03-29,East,Atlas,Hardware,2023.85,1402.8,621.05,18,C-01997,Online,140,0.1097
2024-03-29,East,Nova,Software,2114.3,1148.51,965.79,14,C-01621,Partner,119,0.1784
2024-03-29,East,Pulse,Services,2035.9,1198.16,837.74,13,C-00360,Partner,139,0.0926
2024-03-29,West,Atlas,Hardware,2184.17,1284.28,899.89,10,C-00563,Online,133,0.2017
2024-03-29,West,Nova,Software,2010.92,1250.13,760.79,21,C-01905,Direct,79,0.0592
2024-03-29,West,Pulse,Services,2056.23,1399.97,656.26,15,C-00415,Online,119,0.0885
2024-03-30,North,Atlas,Hardware,2048.49,1081.93,966.56,16,C-00928,Partner,101,0.0727
2024-03-30,North,Nova,Software,1603.38,1126.97,476.41,27,C-01947,Online,146,0.1881
2024-03-30,North,Pulse,Services,1780.41,1205.34,575.07,23,C-00758,Partner,124,0.0857
2024-03-30,South,Atlas,Hardware,1976.07,1207.47,768.6,15,C-01703,Partner,85,0.045
2024-03-30,South,Nova,Software,2235.14,1169.66,1065.48,14,C-01500,Partner,128,0.109
2024-03-30,South,Pulse,Services,2094.81,1549.93,544.87,24,C-00656,Partner,115,0.1011
2024-03-30,East,Atlas,Hardware,2197.41,1477.23,720.18,14,C-01971,Online,135,0.0731
2024-03-30,East,Nova,Software,2335.68,1320.12,1015.55,19,C-02419,Online,120,0.1041
2024-03-30,East,Pulse,Services,1983.04,1259.63,723.41,17,C-02226,Partner,111,0.1261
2024-03-30,West,Atlas,Hardware,2237.03,1211.01,1026.02,16,C-01042,Online,107,0.081
2024-03-30,West,Nova,Software,2512.63,1666.76,845.87,25,C-01815,Partner,114,0.0506
2024-03-30,West,Pulse,Services,2393.05,1500.33,892.72,15,C-02486,Partner,129,0.0897
2024-03-31,North,Atlas,Hardware,1641.99,1183.6,458.39,29,C-01888,Online,147,0.1167
2024-03-31,North,Nova,Software,2114.16,1463.48,650.68,23,C-01977,Online,97,0.0752
2024-03-31,North,Pulse,Services,1977.1,1283.6,693.49,25,C-02015,Online,127,0.1525
2024-03-31,South,Atlas,Hardware,2076.49,1309.87,766.62,14,C-00763,Partner,126,0.1192
2024-03-31,South,Nova,Software,2236.08,1107.44,1128.64,18,C-02225,Direct,128,0.0887
2024-03-31,South,Pulse,Services,1577.93,1051.22,526.71,27,C-01975,Direct,125,0.066
2024-03-31,East,Atlas,Hardware,2188.53,1594.22,594.31,13,C-00174,Online,153,0.0958
2024-03-31,East,Nova,Software,2048.82,1358.37,690.45,16,C-01049,Online,130,0.0671
2024-03-31,East,Pulse,Services,1950.63,1345.15,605.48,14,C-02155,Partner,124,0.1385
2024-03-31,West,Atlas,Hardware,2528.25,1727.3,800.95,15,C-02138,Online,102,0.0709
2024-03-31,West,Nova,Software,2074.48,1318.14,756.35,19,C-01448,Direct,134,0.1651
2024-03-31,West,Pulse,Services,2284.27,1627.19,657.08,16,C-02366,Online,136,0.0919
2024-04-01,North,Atlas,Hardware,1903.64,1147.09,756.55,17,C-02345,Direct,162,0.0516
2024-04-01,North,Nova,Software,2070.03,1317.71,752.32,14,C-02084,Direct,137,0.1029
2024-04-01,North,Pulse,Services,2037.91,1185.56,852.36,16,C-02469,Direct,108,0.0008
2024-04-01,South,Atlas,Hardware,2077.79,1366.51,711.27,15,C-00075,Partner,107,0.06
2024-04-01,South,Nova,Software,1883.9,1379.83,504.06,14,C-01636,Online,103,0.1712
2024-04-01,South,Pulse,Services,1880.79,1288.59,592.2,11,C-00712,Online,94,0.1005
2024-04-01,East,Atlas,Hardware,2207.23,1576.18,631.04,21,C-00836,Online,143,0.1304
2024-04-01,East,Nova,Software,1922.56,1290.17,632.38,20,C-00031,Direct,129,0.1045
2024-04-01,East,Pulse,Services,2083.53,1184.9,898.63,14,C-00282,Online,78,0.0769
2024-04-01,West,Atlas,Hardware,2224.32,1243.55,980.77,24,C-00951,Partner,172,0.1011
2024-04-01,West,Nova,Software,2375.39,1451.82,923.57,16,C-01040,Partner,102,0.1086
2024-04-01,West,Pulse,Services,2171.87,1286.28,885.6,19,C-01061,Partner,115,0.1054
2024-04-02,North,Atlas,Hardware,2156.61,1462.6,694.0,12,C-00849,Partner,90,0.1205
2024-04-02,North,Nova,Software,2145.24,1463.18,682.07,19,C-00912,Partner,133,0.0619
2024-04-02,North,Pulse,Services,1809.32,994.19,815.13,19,C-02212,Online,121,0.1598
2024-04-02,South,Atlas,Hardware,2053.7,1152.84,900.86,23,C-02161,Online,98,0.0334
2024-04-02,South,Nova,Software,2184.32,1244.31,940.01,20,C-00734,Online,129,0.11
2024-04-02,South,Pulse,Services,1840.87,1016.59,824.28,11,C-01318,Partner,98,0.0605
2024-04-02,East,Atlas,Hardware,2367.89,1290.66,1077.23,22,C-01448,Partner,122,0.1508
2024-04-02,East,Nova,Software,2175.9,1367.66,808.24,20,C-00702,Partner,109,0.1056
2024-04-02,East,Pulse,Services,2143.96,1222.22,921.74,22,C-01167,Partner,155,0.1285
2024-04-02,West,Atlas,Hardware,2242.42,1287.06,955.36,20,C-02467,Online,151,0.0915
2024-04-02,West,Nova,Software,2247.38,1644.67,602.71,14,C-00747,Online,123,0.0799
2024-04-02,West,Pulse,Services,2303.51,1223.66,1079.85,20,C-00561,Partner,118,0.0767
2024-04-03,North,Atlas,Hardware,1910.25,1064.84,845.41,18,C-00573,Online,135,0.1116
2024-04-03,North,Nova,Software,1961.14,1410.39,550.76,14,C-00150,Direct,96,0.1307
2024-04-03,North,Pulse,Services,1845.83,1153.64,692.19,23,C-01737,Online,115,0.142
2024-04-03,South,Atlas,Hardware,2106.46,1252.18,854.27,21,C-02245,Partner,115,0.1478
2024-04-03,South,Nova,Software,2228.45,1384.62,843.83,19,C-02140,Online,109,0.0912
2024-04-03,South,Pulse,Services,2162.65,1172.61,990.04,15,C-00615,Online,86,0.0831
2024-04-03,East,Atlas,Hardware,2202.48,1285.18,917.31,17,C-00577,Direct,130,0.0872
2024-04-03,East,Nova,Software,2180.95,1112.56,1068.39,17,C-00093,Online,106,0.0005
2024-04-03,East,Pulse,Services,2190.28,1534.31,655.97,7,C-00048,Online,173,0.1002
2024-04-03,West,Atlas,Hardware,2545.91,1837.28,708.63,12,C-01430,Direct,82,0.1835
2024-04-03,West,Nova,Software,2439.37,1461.1,978.27,18,C-02298,Online,142,0.1608
2024-04-03,West,Pulse,Services,1988.93,1306.1,682.83,22,C-02007,Direct,140,0.1229
2024-04-04,North,Atlas,Hardware,1708.64,832.27,876.37,24,C-02387,Online,170,0.0759
2024-04-04,North,Nova,Software,1905.88,1151.14,754.74,24,C-00493,Online,119,0.0729
2024-04-04,North,Pulse,Services,1809.96,1215.61,594.35,17,C-01699,Direct,123,0.0863
2024-04-04,South,Atlas,Hardware,2203.11,1337.45,865.66,19,C-00752,Direct,166,0.1024
2024-04-04,South,Nova,Software,1718.24,1074.08,644.17,17,C-00058,Partner,124,0.1057
2024-04-04,South,Pulse,Services,2229.47,1245.97,983.5,20,C-00154,Partner,110,0.1302
2024-04-04,East,Atlas,Hardware,2015.03,1234.22,780.81,17,C-02170,Direct,124,0.1324
2024-04-04,East,Nova,Software,2220.3,1407.37,812.94,10,C-01900,Partner,136,0.1149
2024-04-04,East,Pulse,Services,2000.31,1411.32,588.99,26,C-01608,Online,144,0.0688
2024-04-04,West,Atlas,Hardware,2283.82,1652.34,631.48,25,C-00589,Partner,132,0.123
2024-04-04,West,Nova,Software,2229.16,1439.05,790.11,12,C-01861,Partner,103,0.1156
2024-04-04,West,Pulse,Services,2197.36,1392.65,804.7,16,C-01587,Online,152,0.1239
2024-04-05,North,Atlas,Hardware,2105.59,1553.3,552.29,16,C-01034,Direct,88,0.1219
2024-04-05,North,Nova,Software,2184.84,1475.5,709.34,18,C-00797,Direct,127,0.158
2024-04-05,North,Pulse,Services,2001.21,1092.59,908.61,17,C-00609,Online,137,0.0845
2024-04-05,South,Atlas,Hardware,2091.28,1420.55,670.73,13,C-00089,Online,107,0.0745
2024-04-05,South,Nova,Software,2046.6,1338.93,707.66,12,C-00772,Online,89,0.1776
2024-04-05,South,Pulse,Services,2007.73,1445.16,562.57,15,C-01960,Partner,150,0.0998
2024-04-05,East,Atlas,Hardware,2096.36,1382.14,714.22,22,C-01167,Partner,130,0.0942
2024-04-05,East,Nova,Software,2212.99,1727.48,485.51,19,C-00854,Partner,139,0.0914
2024-04-05,East,Pulse,Services,2118.51,1312.55,805.97,21,C-00226,Online,119,0.1194
2024-04-05,West,Atlas,Hardware,2177.24,1299.46,877.79,9,C-01152,Online,74,0.0572
2024-04-05,West,Nova,Software,1935.47,1165.68,769.79,18,C-01689,Partner,119,0.1101
2024-04-05,West,Pulse,Services,2159.39,1756.18,403.2,18,C-02400,Online,133,0.1798
2024-04-06,North,Atlas,Hardware,1988.05,1286.32,701.74,22,C-01820,Partner,127,0.1429
2024-04-06,North,Nova,Software,2188.49,1267.48,921.01,17,C-00008,Online,142,0.1645
2024-04-06,North,Pulse,Services,2109.98,1380.94,729.04,12,C-01229,Direct,112,0.0753
2024-04-06,South,Atlas,Hardware,2141.01,1507.39,633.62,11,C-02096,Partner,108,0.1711
2024-04-06,South,Nova,Software,2150.72,1194.53,956.2,19,C-00672,Online,122,0.1597
2024-04-06,South,Pulse,Services,2008.89,1349.68,659.21,13,C-00755,Online,95,0.0665
2024-04-06,East,Atlas,Hardware,1844.21,1391.95,452.26,28,C-00342,Direct,76,0.1289
2024-04-06,East,Nova,Software,2157.61,1272.86,884.75,23,C-01445,Partner,66,0.0655
2024-04-06,East,Pulse,Services,2005.16,1263.45,741.72,12,C-02378,Direct,120,0.0729
2024-04-06,West,Atlas,Hardware,2302.66,1606.86,695.8,19,C-00657,Online,118,0.1167
2024-04-06,West,Nova,Software,2392.82,1897.87,494.94,27,C-01373,Online,107,0.0604
2024-04-06,West,Pulse,Services,2170.58,911.64,1258.94,17,C-02481,Online,120,0.1143
2024-04-07,North,Atlas,Hardware,2045.8,1227.33,818.47,10,C-01431,Partner,115,0.1689
2024-04-07,North,Nova,Software,2098.28,1496.81,601.47,21,C-00047,Direct,125,0.1181
2024-04-07,North,Pulse,Services,1926.63,1351.76,574.86,22,C-00556,Partner,105,0.1398
2024-04-07,South,Atlas,Hardware,1739.1,1180.73,558.37,13,C-00976,Partner,113,0.1325
2024-04-07,South,Nova,Software,1990.69,1107.4,883.29,15,C-01977,Partner,92,0.1761
2024-04-07,South,Pulse,Services,1778.68,1174.92,603.76,18,C-01176,Partner,134,0.1386
2024-04-07,East,Atlas,Hardware,2202.9,1346.56,856.34,22,C-02445,Online,138,0.0
2024-04-07,East,Nova,Software,2126.94,1331.76,795.19,26,C-00365,Partner,135,0.1779
2024-04-07,East,Pulse,Services,2067.87,1424.16,643.71,22,C-00204,Online,119,0.0491
2024-04-07,West,Atlas,Hardware,2555.87,1569.07,986.8,12,C-02387,Direct,97,0.1205
2024-04-07,West,Nova,Software,2182.0,1494.44,687.57,22,C-01787,Direct,112,0.1028
2024-04-07,West,Pulse,Services,2399.58,1537.28,862.3,14,C-00669,Partner,105,0.0486
2024-04-08,North,Atlas,Hardware,1826.91,1101.01,725.9,18,C-02253,Online,106,0.1003
2024-04-08,North,Nova,Software,2066.76,1238.06,828.7,16,C-00630,Online,153,0.1141
2024-04-08,North,Pulse,Services,1904.15,1175.48,728.67,19,C-01329,Online,136,0.0426
2024-04-08,South,Atlas,Hardware,2196.11,1552.41,643.71,26,C-00761,Direct,116,0.0802
2024-04-08,South,Nova,Software,1969.63,1320.15,649.48,17,C-00015,Partner,83,0.0709
2024-04-08,South,Pulse,Services,1817.3,1209.85,607.45,16,C-01416,Direct,67,0.0749
2024-04-08,East,Atlas,Hardware,1851.57,1296.96,554.61,21,C-00381,Direct,121,0.1099
2024-04-08,East,Nova,Software,2292.16,1474.29,817.87,18,C-02411,Online,103,0.0944
2024-04-08,East,Pulse,Services,2320.0,1412.92,907.08,21,C-02141,Partner,115,0.1223
2024-04-08,West,Atlas,Hardware,2009.03,1123.84,885.19,21,C-00177,Direct,123,0.0344
2024-04-08,West,Nova,Software,2216.65,1368.44,848.21,13,C-02057,Online,159,0.1297
2024-04-08,West,Pulse,Services,2470.56,1641.79,828.77,14,C-01654,Direct,153,0.0487
2024-04-09,North,Atlas,Hardware,2072.44,1437.65,634.79,21,C-02124,Online,115,0.1621
2024-04-09,North,Nova,Software,1845.86,1147.32,698.54,23,C-01558,Online,131,0.161
2024-04-09,North,Pulse,Services,1821.05,1389.68,431.37,25,C-00502,Partner,117,0.1948
2024-04-09,South,Atlas,Hardware,1825.06,1221.7,603.37,11,C-01154,Partner,117,0.1022
2024-04-09,South,Nova,Software,2117.21,1090.87,1026.34,24,C-00738,Direct,79,0.0589
2024-04-09,South,Pulse,Services,1989.74,1043.59,946.15,19,C-01183,Direct,110,0.0576
2024-04-09,East,Atlas,Hardware,1898.63,1138.67,759.95,11,C-01288,Online,151,0.1337
2024-04-09,East,Nova,Software,2276.7,1373.37,903.33,25,C-00791,Direct,85,0.1031
2024-04-09,East,Pulse,Services,1950.36,1456.83,493.52,20,C-00174,Direct,110,0.1524
2024-04-09,West,Atlas,Hardware,2060.66,1244.83,815.83,20,C-01984,Partner,155,0.2021
2024-04-09,West,Nova,Software,1954.64,1187.15,767.49,15,C-01849,Partner,108,0.1347
2024-04-09,West,Pulse,Services,2216.43,1696.94,519.49,14,C-00293,Partner,106,0.0643
2024-04-10,North,Atlas,Hardware,2152.48,1191.09,961.38,18,C-01435,Online,134,0.084
2024-04-10,North,Nova,Software,2081.56,1206.5,875.06,22,C-00030,Partner,83,0.1501
2024-04-10,North,Pulse,Services,1690.66,1200.29,490.37,23,C-02489,Partner,108,0.1354
2024-04-10,South,Atlas,Hardware,1735.78,1173.36,562.43,24,C-01183,Online,116,0.1451
2024-04-10,South,Nova,Software,2090.18,1420.37,669.81,20,C-00074,Partner,141,0.1342
2024-04-10,South,Pulse,Services,2052.76,1244.4,808.36,18,C-02356,Direct,103,0.0574
2024-04-10,East,Atlas,Hardware,2246.39,1691.45,554.94,20,C-01157,Direct,80,0.0462
2024-04-10,East,Nova,Software,2313.45,1468.91,844.54,16,C-00482,Online,158,0.1707
2024-04-10,East,Pulse,Services,1991.24,1216.24,775.0,12,C-00117,Direct,151,0.1888
2024-04-10,West,Atlas,Hardware,2365.87,1237.38,1128.49,18,C-01078,Direct,105,0.0492
2024-04-10,West,Nova,Software,2378.01,1582.53,795.49,20,C-01005,Online,82,0.1019
2024-04-10,West,Pulse,Services,2500.91,1663.52,837.4,22,C-01561,Direct,127,0.1552
2024-04-11,North,Atlas,Hardware,1705.21,1116.09,589.12,19,C-01534,Partner,105,0.1068
2024-04-11,North,Nova,Software,1965.04,1308.05,656.99,18,C-00701,Direct,104,0.1187
2024-04-11,North,Pulse,Services,1573.07,707.61,865.46,29,C-00068,Direct,154,0.0651
2024-04-11,South,Atlas,Hardware,2009.21,1488.04,521.18,14,C-01938,Partner,122,0.1503
2024-04-11,South,Nova,Software,1846.03,1048.47,797.57,16,C-00951,Direct,135,0.1145
2024-04-11,South,Pulse,Services,2223.1,1325.11,897.99,22,C-01603,Online,129,0.101
2024-04-11,East,Atlas,Hardware,2145.03,1211.97,933.07,15,C-00276,Online,102,0.2059
2024-04-11,East,Nova,Software,2175.51,1571.6,603.91,16,C-02375,Partner,162,0.141
2024-04-11,East,Pulse,Services,1909.81,1297.33,612.48,16,C-00803,Online,92,0.1717
2024-04-11,West,Atlas,Hardware,2153.85,1896.49,257.35,17,C-01090,Direct,102,0.1144
2024-04-11,West,Nova,Software,2040.17,1370.26,669.91,21,C-01225,Online,167,0.0954
2024-04-11,West,Pulse,Services,2121.53,1547.51,574.02,25,C-00047,Direct,145,0.1046
2024-04-12,North,Atlas,Hardware,1802.33,1215.57,586.77,13,C-01513,Online,106,0.1513
2024-04-12,North,Nova,Software,1836.4,1087.52,748.88,17,C-00211,Direct,113,0.0617
2024-04-12,North,Pulse,Services,1857.72,1113.93,743.8,26,C-00733,Online,79,0.1943
2024-04-12,South,Atlas,Hardware,1780.93,1273.9,507.02,16,C-01678,Partner,118,0.0557
2024-04-12,South,Nova,Software,2219.78,1500.74,719.05,16,C-00317,Online,124,0.1306
2024-04-12,South,Pulse,Services,1991.73,1232.43,759.29,18,C-02397,Direct,99,0.1345
2024-04-12,East,Atlas,Hardware,1927.3,1287.13,640.17,16,C-00406,Online,104,0.0
2024-04-12,East,Nova,Software,2186.96,1394.63,792.33,15,C-01459,Online,142,0.0637
2024-04-12,East,Pulse,Services,2132.19,1212.17,920.01,17,C-01837,Direct,110,0.0734
2024-04-12,West,Atlas,Hardware,2213.79,1566.23,647.56,21,C-01951,Online,128,0.0646
2024-04-12,West,Nova,Software,2385.84,1540.46,845.38,15,C-01413,Partner,122,0.1368
2024-04-12,West,Pulse,Services,2202.65,1440.66,761.99,22,C-00516,Online,160,0.0613
2024-04-13,North,Atlas,Hardware,1808.79,1313.79,495.0,19,C-00056,Direct,159,0.1677
2024-04-13,North,Nova,Software,1967.34,1386.22,581.12,17,C-00094,Partner,116,0.0705
2024-04-13,North,Pulse,Services,1928.84,1226.11,702.73,14,C-01034,Online,111,0.0872
2024-04-13,South,Atlas,Hardware,2155.41,1616.37,539.04,20,C-00029,Online,98,0.035
2024-04-13,South,Nova,Software,2091.61,1258.97,832.64,18,C-00758,Partner,88,0.082
2024-04-13,South,Pulse,Services,2010.77,1517.72,493.05,20,C-00131,Direct,94,0.0261
2024-04-13,East,Atlas,Hardware,2156.56,1237.91,918.64,9,C-01013,Direct,41,0.0668
2024-04-13,East,Nova,Software,2055.12,1488.2,566.92,17,C-00673,Partner,170,0.1079
2024-04-13,East,Pulse,Services,1912.96,1169.48,743.48,22,C-01342,Online,125,0.168
2024-04-13,West,Atlas,Hardware,2095.91,1221.47,874.44,27,C-01217,Online,109,0.0995
2024-04-13,West,Nova,Software,2292.04,1542.21,749.83,15,C-00825,Direct,139,0.1154
2024-04-13,West,Pulse,Services,2333.22,1593.49,739.73,12,C-01933,Partner,138,0.1026
2024-04-14,North,Atlas,Hardware,1896.47,1385.96,510.51,15,C-00502,Direct,149,0.0881
2024-04-14,North,Nova,Software,1817.86,1002.99,814.87,14,C-00392,Direct,139,0.1383
2024-04-14,North,Pulse,Services,1666.12,1231.5,434.63,19,C-02466,Online,176,0.0776
2024-04-14,South,Atlas,Hardware,1786.82,1138.72,648.1,20,C-02440,Partner,115,0.0187
2024-04-14,South,Nova,Software,1887.68,1184.28,703.4,17,C-01056,Partner,79,0.1295
2024-04-14,South,Pulse,Services,1984.88,1292.51,692.36,14,C-01455,Partner,95,0.0529
2024-04-14,East,Atlas,Hardware,2230.67,1164.87,1065.8,19,C-00218,Direct,93,0.1099
2024-04-14,East,Nova,Software,2170.51,1476.44,694.07,22,C-02063,Online,97,0.1099
2024-04-14,East,Pulse,Services,2175.7,1372.72,802.98,25,C-02044,Partner,110,0.107
2024-04-14,West,Atlas,Hardware,2040.62,1271.61,769.0,11,C-00979,Partner,124,0.1134
2024-04-14,West,Nova,Software,2152.82,1497.96,654.85,25,C-00739,Direct,86,0.0843
2024-04-14,West,Pulse,Services,2155.26,1433.16,722.1,28,C-00068,Partner,123,0.2077
2024-04-15,North,Atlas,Hardware,1820.65,1276.0,544.65,18,C-00601,Direct,121,0.0732
2024-04-15,North,Nova,Software,1772.82,1052.63,720.19,20,C-01560,Online,116,0.0916
2024-04-15,North,Pulse,Services,1788.95,1344.02,444.93,20,C-01683,Online,110,0.1103
2024-04-15,South,Atlas,Hardware,2031.43,1122.82,908.61,20,C-01862,Direct,107,0.0638
2024-04-15,South,Nova,Software,1958.74,969.95,988.79,12,C-00556,Direct,138,0.0844
2024-04-15,South,Pulse,Services,2204.07,1381.37,822.7,23,C-02230,Online,124,0.0793
2024-04-15,East,Atlas,Hardware,2247.52,1750.11,497.4,25,C-00525,Partner,91,0.1279
2024-04-15,East,Nova,Software,2246.34,1578.76,667.57,18,C-00581,Online,126,0.1343
2024-04-15,East,Pulse,Services,2019.69,1671.32,348.37,18,C-00503,Partner,143,0.1274
2024-04-15,West,Atlas,Hardware,2105.2,1240.65,864.54,14,C-00352,Direct,158,0.1159
2024-04-15,West,Nova,Software,2107.44,1152.68,954.76,13,C-02222,Online,114,0.1498
2024-04-15,West,Pulse,Services,2002.85,1068.95,933.9,20,C-01723,Direct,95,0.1783
2024-04-16,North,Atlas,Hardware,1872.23,1291.32,580.91,19,C-01980,Direct,100,0.1006
2024-04-16,North,Nova,Software,1853.44,1185.07,668.37,18,C-00593,Direct,88,0.0998
2024-04-16,North,Pulse,Services,1773.89,988.72,785.17,13,C-01097,Online,136,0.0663
2024-04-16,South,Atlas,Hardware,1897.15,1242.71,654.44,17,C-01478,Direct,85,0.0698
2024-04-16,South,Nova,Software,1844.99,1107.91,737.09,25,C-00567,Online,98,0.0525
2024-04-16,South,Pulse,Services,2077.43,1519.98,557.45,12,C-01152,Partner,109,0.0971
2024-04-16,East,Atlas,Hardware,2207.37,1453.25,754.11,28,C-02264,Direct,161,0.0943
2024-04-16,East,Nova,Software,1912.79,1123.47,789.32,13,C-01049,Online,135,0.1927
2024-04-16,East,Pulse,Services,1970.13,1223.91,746.22,17,C-00787,Direct,110,0.1176
2024-04-16,West,Atlas,Hardware,2603.92,1658.74,945.18,15,C-01059,Online,109,0.145
2024-04-16,West,Nova,Software,2307.54,1288.06,1019.48,22,C-01089,Online,119,0.0671
2024-04-16,West,Pulse,Services,1965.64,1089.97,875.67,16,C-00160,Direct,119,0.1149
2024-04-17,North,Atlas,Hardware,2036.38,1461.02,575.36,15,C-00981,Direct,94,0.0972
2024-04-17,North,Nova,Software,2136.3,1462.1,674.2,13,C-00723,Partner,122,0.0968
2024-04-17,North,Pulse,Services,1842.62,1114.24,728.38,23,C-02289,Online,87,0.0841
2024-04-17,South,Atlas,Hardware,2044.78,1277.16,767.62,17,C-02150,Direct,158,0.0406
2024-04-17,South,Nova,Software,1994.06,1169.39,824.67,21,C-00147,Partner,120,0.139
2024-04-17,South,Pulse,Services,1919.26,1007.07,912.19,11,C-00208,Online,108,0.0849
2024-04-17,East,Atlas,Hardware,2207.9,1348.81,859.1,12,C-00795,Online,103,0.1614
2024-04-17,East,Nova,Software,2100.59,1317.57,783.03,14,C-01100,Direct,120,0.0913
2024-04-17,East,Pulse,Services,1939.1,1327.28,611.81,14,C-02121,Direct,142,0.0984
2024-04-17,West,Atlas,Hardware,1945.83,1336.97,608.86,15,C-00815,Direct,156,0.0991
2024-04-17,West,Nova,Software,2177.66,1481.01,696.65,20,C-00817,Online,145,0.1701
2024-04-17,West,Pulse,Services,2222.41,1417.79,804.63,13,C-01491,Partner,118,0.1125
2024-04-18,North,Atlas,Hardware,2132.54,1358.51,774.04,18,C-01168,Direct,140,0.0901
2024-04-18,North,Nova,Software,1917.02,1358.98,558.04,14,C-00062,Online,115,0.153
2024-04-18,North,Pulse,Services,1708.91,1167.85,541.06,19,C-02490,Partner,86,0.1399
2024-04-18,South,Atlas,Hardware,2056.01,1383.74,672.27,17,C-01879,Direct,142,0.0851
2024-04-18,South,Nova,Software,1616.47,1117.37,499.11,12,C-00614,Partner,124,0.1185
2024-04-18,South,Pulse,Services,2011.75,1214.96,796.79,18,C-01771,Direct,132,0.1338
2024-04-18,East,Atlas,Hardware,2122.98,1135.35,987.63,20,C-00888,Partner,142,0.0938
2024-04-18,East,Nova,Software,1921.94,1329.31,592.63,16,C-00887,Direct,174,0.1346
2024-04-18,East,Pulse,Services,1782.84,1157.46,625.38,19,C-01674,Online,107,0.0891
2024-04-18,West,Atlas,Hardware,2152.0,1475.68,676.32,22,C-00234,Direct,92,0.1222
2024-04-18,West,Nova,Software,1984.91,1193.3,791.6,19,C-02500,Online,137,0.1098
2024-04-18,West,Pulse,Services,2032.92,1193.6,839.32,15,C-00984,Partner,127,0.1716
2024-04-19,North,Atlas,Hardware,1605.25,1144.49,460.76,14,C-01795,Direct,177,0.0965
2024-04-19,North,Nova,Software,1816.28,1094.93,721.35,18,C-01010,Partner,134,0.1279
2024-04-19,North,Pulse,Services,1896.87,1186.53,710.34,15,C-00949,Online,111,0.1344
2024-04-19,South,Atlas,Hardware,1767.52,1211.4,556.13,19,C-01875,Online,77,0.1479
2024-04-19,South,Nova,Software,1998.26,1392.23,606.03,22,C-01549,Partner,77,0.1307
2024-04-19,South,Pulse,Services,1988.59,1156.07,832.53,16,C-01393,Direct,90,0.1654
2024-04-19,East,Atlas,Hardware,2127.61,1287.9,839.71,16,C-00480,Partner,143,0.104
2024-04-19,East,Nova,Software,2384.65,1212.12,1172.52,16,C-01289,Online,80,0.1607
2024-04-19,East,Pulse,Services,2005.11,1496.49,508.63,15,C-00923,Partner,135,0.1099
2024-04-19,West,Atlas,Hardware,2053.32,1604.78,448.54,22,C-00993,Direct,144,0.1865
2024-04-19,West,Nova,Software,1784.56,989.75,794.81,16,C-01824,Direct,59,0.1012
2024-04-19,West,Pulse,Services,2291.46,1390.45,901.02,21,C-01755,Direct,114,0.0253
2024-04-20,North,Atlas,Hardware,1936.85,991.48,945.37,13,C-00196,Partner,114,0.0584
2024-04-20,North,Nova,Software,1941.26,1274.05,667.21,12,C-01212,Direct,144,0.0808
2024-04-20,North,Pulse,Services,1985.3,1243.12,742.18,14,C-00443,Direct,120,0.1299
2024-04-20,South,Atlas,Hardware,2096.15,1398.3,697.85,21,C-01643,Online,141,0.0539
2024-04-20,South,Nova,Software,2062.28,1352.68,709.6,18,C-00513,Partner,83,0.0439
2024-04-20,South,Pulse,Services,1766.04,1096.47,669.57,21,C-00798,Online,109,0.1153
2024-04-20,East,Atlas,Hardware,1930.18,1182.92,747.26,24,C-01136,Direct,140,0.072
2024-04-20,East,Nova,Software,2056.57,1222.33,834.24,29,C-01609,Partner,121,0.1014
2024-04-20,East,Pulse,Services,2202.82,1493.03,709.79,13,C-01410,Direct,137,0.0994
2024-04-20,West,Atlas,Hardware,2422.66,1609.64,813.02,14,C-00325,Partner,106,0.1015
2024-04-20,West,Nova,Software,2313.49,1554.54,758.95,13,C-01967,Direct,125,0.1324
2024-04-20,West,Pulse,Services,2253.69,1542.88,710.81,20,C-02397,Direct,72,0.025
2024-04-21,North,Atlas,Hardware,2087.1,1369.52,717.57,26,C-00239,Direct,108,0.1285
2024-04-21,North,Nova,Software,2021.62,1166.84,854.78,16,C-02036,Direct,169,0.0293
2024-04-21,North,Pulse,Services,1935.94,1027.19,908.75,27,C-01107,Direct,154,0.0813
2024-04-21,South,Atlas,Hardware,1860.29,1109.2,751.09,12,C-00729,Direct,134,0.0763
2024-04-21,South,Nova,Software,2296.33,1381.38,914.95,24,C-01594,Online,126,0.1043
2024-04-21,South,Pulse,Services,2167.97,1167.69,1000.27,20,C-02243,Direct,149,0.1262
2024-04-21,East,Atlas,Hardware,1942.97,1277.22,665.75,18,C-00218,Direct,130,0.099
2024-04-21,East,Nova,Software,1980.28,1522.21,458.08,24,C-01108,Partner,167,0.0359
2024-04-21,East,Pulse,Services,1985.61,1221.53,764.08,16,C-00006,Partner,120,0.1356
2024-04-21,West,Atlas,Hardware,2250.5,1564.23,686.26,13,C-02079,Online,85,0.0408
2024-04-21,West,Nova,Software,2314.42,1527.13,787.29,11,C-01481,Partner,68,0.0736
2024-04-21,West,Pulse,Services,2176.29,1551.72,624.58,8,C-01732,Partner,144,0.1626
2024-04-22,North,Atlas,Hardware,1500.0,877.85,622.14,27,C-00451,Partner,120,0.188
2024-04-22,North,Nova,Software,1862.09,1160.36,701.73,20,C-01951,Partner,113,0.1394
2024-04-22,North,Pulse,Services,1852.72,1163.92,688.8,21,C-01056,Direct,116,0.1567
2024-04-22,South,Atlas,Hardware,1902.11,1078.97,823.14,17,C-00449,Online,149,0.1042
2024-04-22,South,Nova,Software,1871.42,1292.55,578.87,22,C-02071,Online,130,0.11
2024-04-22,South,Pulse,Services,1745.62,1315.17,430.46,10,C-01161,Partner,122,0.0862
2024-04-22,East,Atlas,Hardware,2285.11,1300.05,985.06,22,C-00180,Direct,84,0.1018
2024-04-22,East,Nova,Software,2080.65,1443.72,636.93,16,C-02448,Direct,115,0.1473
2024-04-22,East,Pulse,Services,2180.07,1217.32,962.76,25,C-00438,Direct,114,0.1435
2024-04-22,West,Atlas,Hardware,2292.62,1211.87,1080.75,30,C-02093,Direct,132,0.1096
2024-04-22,West,Nova,Software,2278.51,1338.96,939.54,22,C-00593,Online,94,0.137
2024-04-22,West,Pulse,Services,2129.99,1682.45,447.53,18,C-01597,Online,80,0.0662
2024-04-23,North,Atlas,Hardware,2054.78,1300.33,754.45,14,C-00475,Online,91,0.0273
2024-04-23,North,Nova,Software,1900.5,1268.51,631.99,16,C-01166,Online,132,0.1552
2024-04-23,North,Pulse,Services,1785.99,1030.8,755.19,14,C-02309,Partner,101,0.0105
2024-04-23,South,Atlas,Hardware,1868.82,1213.86,654.95,12,C-00144,Direct,77,0.1169
2024-04-23,South,Nova,Software,1849.33,982.71,866.61,16,C-00446,Partner,163,0.0
2024-04-23,South,Pulse,Services,2031.12,1289.95,741.17,19,C-01787,Direct,97,0.0846
2024-04-23,East,Atlas,Hardware,1936.82,1344.92,591.91,16,C-01512,Direct,145,0.1041
2024-04-23,East,Nova,Software,2070.27,1176.24,894.03,26,C-01120,Online,78,0.247
2024-04-23,East,Pulse,Services,2164.78,1327.68,837.1,17,C-00075,Partner,175,0.0243
2024-04-23,West,Atlas,Hardware,2075.75,1224.6,851.16,18,C-00579,Partner,108,0.1032
2024-04-23,West,Nova,Software,2558.21,1821.44,736.77,20,C-01331,Partner,100,0.1287
2024-04-23,West,Pulse,Services,2348.07,1615.02,733.05,14,C-00064,Partner,153,0.0363
2024-04-24,North,Atlas,Hardware,1978.88,1010.96,967.92,12,C-02228,Online,95,0.1063
2024-04-24,North,Nova,Software,1892.59,1152.7,739.89,19,C-01050,Online,105,0.1154
2024-04-24,North,Pulse,Services,1873.58,1106.57,767.01,13,C-02142,Online,138,0.2278
2024-04-24,South,Atlas,Hardware,2123.33,1401.01,722.32,17,C-01521,Online,141,0.1197
2024-04-24,South,Nova,Software,1880.96,1312.78,568.18,18,C-00324,Direct,108,0.0777
2024-04-24,South,Pulse,Services,1872.44,1153.32,719.12,15,C-00408,Direct,118,0.0888
2024-04-24,East,Atlas,Hardware,2057.24,1287.01,770.23,18,C-00856,Online,130,0.0752
2024-04-24,East,Nova,Software,1911.19,1267.6,643.59,15,C-01161,Direct,108,0.0875
2024-04-24,East,Pulse,Services,2250.54,1375.32,875.21,15,C-01318,Online,71,0.056
2024-04-24,West,Atlas,Hardware,2120.95,1349.29,771.66,17,C-00006,Online,92,0.1337
2024-04-24,West,Nova,Software,2382.4,1390.97,991.43,23,C-02295,Direct,159,0.0851
2024-04-24,West,Pulse,Services,2211.51,1389.61,821.9,14,C-02121,Partner,127,0.1026
2024-04-25,North,Atlas,Hardware,1832.23,1166.12,666.11,15,C-02362,Direct,130,0.1109
2024-04-25,North,Nova,Software,1905.91,1404.31,501.6,19,C-00688,Partner,139,0.0533
2024-04-25,North,Pulse,Services,2048.87,1484.39,564.47,14,C-00656,Direct,137,0.122
2024-04-25,South,Atlas,Hardware,1944.94,1403.78,541.17,20,C-00707,Online,120,0.1009
2024-04-25,South,Nova,Software,2000.48,1230.31,770.17,27,C-01954,Online,144,0.0483
2024-04-25,South,Pulse,Services,2095.31,1458.65,636.66,22,C-02278,Direct,86,0.1271
2024-04-25,East,Atlas,Hardware,2204.2,1369.18,835.02,19,C-01336,Online,130,0.1075
2024-04-25,East,Nova,Software,2033.81,1225.86,807.95,17,C-01748,Direct,113,0.1385
2024-04-25,East,Pulse,Services,2321.01,1389.8,931.21,24,C-02248,Partner,151,0.1903
2024-04-25,West,Atlas,Hardware,2255.2,1381.7,873.49,10,C-00618,Direct,139,0.1678
2024-04-25,West,Nova,Software,2376.55,1386.86,989.69,26,C-02320,Online,135,0.0982
2024-04-25,West,Pulse,Services,2414.56,1679.64,734.92,17,C-01693,Online,109,0.049
2024-04-26,North,Atlas,Hardware,1697.17,966.81,730.36,17,C-00360,Online,150,0.1318
2024-04-26,North,Nova,Software,1912.9,1177.62,735.28,14,C-02099,Direct,147,0.1401
2024-04-26,North,Pulse,Services,2059.12,1209.01,850.11,19,C-00981,Partner,139,0.0567
2024-04-26,South,Atlas,Hardware,2090.28,1253.94,836.34,17,C-00560,Online,129,0.0985
2024-04-26,South,Nova,Software,1999.95,1502.86,497.09,17,C-00325,Online,115,0.0481
2024-04-26,South,Pulse,Services,1910.41,1241.84,668.58,22,C-00953,Online,76,0.0661
2024-04-26,East,Atlas,Hardware,1872.31,1332.98,539.34,21,C-01668,Direct,74,0.0859
2024-04-26,East,Nova,Software,2005.71,1519.84,485.87,22,C-00464,Online,117,0.0716
2024-04-26,East,Pulse,Services,2352.85,1280.11,1072.75,15,C-00021,Online,172,0.1093
2024-04-26,West,Atlas,Hardware,2323.7,1266.33,1057.37,19,C-01733,Direct,106,0.1224
2024-04-26,West,Nova,Software,2515.31,1320.98,1194.33,13,C-00603,Partner,123,0.1954
2024-04-26,West,Pulse,Services,2346.4,1386.62,959.78,24,C-01801,Online,107,0.151
2024-04-27,North,Atlas,Hardware,1968.38,1043.39,925.0,20,C-01279,Online,113,0.127
2024-04-27,North,Nova,Software,1692.49,1100.08,592.41,17,C-01524,Partner,127,0.0917
2024-04-27,North,Pulse,Services,1824.09,1150.52,673.57,17,C-00853,Online,78,0.116
2024-04-27,South,Atlas,Hardware,1964.43,1169.83,794.61,20,C-00288,Direct,144,0.0048
2024-04-27,South,Nova,Software,1850.28,1264.59,585.7,15,C-00471,Partner,145,0.0642
2024-04-27,South,Pulse,Services,2011.87,1193.08,818.79,17,C-01298,Online,104,0.1559
2024-04-27,East,Atlas,Hardware,1982.65,1159.06,823.6,24,C-01767,Direct,115,0.0893
2024-04-27,East,Nova,Software,2016.77,1175.5,841.26,19,C-00017,Online,114,0.1423
2024-04-27,East,Pulse,Services,2086.82,1486.85,599.96,13,C-01904,Partner,131,0.0869
2024-04-27,West,Atlas,Hardware,2158.32,1428.18,730.15,17,C-00854,Partner,126,0.1568
2024-04-27,West,Nova,Software,2217.39,1347.28,870.11,13,C-02221,Direct,88,0.0984
2024-04-27,West,Pulse,Services,2472.64,1635.06,837.58,19,C-01202,Partner,101,0.0856
2024-04-28,North,Atlas,Hardware,1761.13,1297.85,463.28,15,C-02171,Partner,130,0.1878
2024-04-28,North,Nova,Software,1908.09,1154.53,753.57,22,C-02113,Online,115,0.0579
2024-04-28,North,Pulse,Services,2207.74,1313.94,893.79,17,C-00603,Direct,136,0.0275
2024-04-28,South,Atlas,Hardware,2116.62,1475.6,641.03,17,C-01670,Online,131,0.1184
2024-04-28,South,Nova,Software,2083.95,1343.92,740.03,14,C-00287,Direct,91,0.0733
2024-04-28,South,Pulse,Services,2163.24,1223.0,940.24,22,C-00462,Partner,136,0.1168
2024-04-28,East,Atlas,Hardware,2042.16,1467.22,574.95,24,C-00514,Partner,161,0.0451
2024-04-28,East,Nova,Software,1813.56,1073.88,739.69,12,C-00016,Online,88,0.1161
2024-04-28,East,Pulse,Services,2105.48,1499.34,606.14,13,C-00484,Direct,95,0.1332
2024-04-28,West,Atlas,Hardware,2043.92,1386.12,657.8,15,C-01016,Partner,138,0.0672
2024-04-28,West,Nova,Software,2184.27,1310.81,873.46,17,C-00097,Online,102,0.0684
2024-04-28,West,Pulse,Services,2349.67,1790.4,559.27,21,C-02443,Online,136,0.0051
2024-04-29,North,Atlas,Hardware,2054.58,1101.86,952.72,15,C-00781,Partner,150,0.0775
2024-04-29,North,Nova,Software,1977.11,1372.25,604.86,8,C-01528,Direct,156,0.1029
2024-04-29,North,Pulse,Services,2092.19,1291.17,801.02,12,C-01050,Partner,77,0.1405
2024-04-29,South,Atlas,Hardware,2083.05,1420.89,662.16,18,C-00336,Partner,92,0.1679
2024-04-29,South,Nova,Software,2043.46,1447.01,596.45,20,C-00337,Partner,130,0.0936
2024-04-29,South,Pulse,Services,1995.37,1232.08,763.29,14,C-00541,Direct,136,0.0986
2024-04-29,East,Atlas,Hardware,1940.75,1163.21,777.54,17,C-01257,Direct,146,0.0684
2024-04-29,East,Nova,Software,2256.8,1420.26,836.53,18,C-02358,Direct,145,0.044
2024-04-29,East,Pulse,Services,2190.4,1404.39,786.02,18,C-01920,Direct,95,0.0444
2024-04-29,West,Atlas,Hardware,2488.28,1810.92,677.36,17,C-00888,Direct,123,0.1481
2024-04-29,West,Nova,Software,2272.95,1464.88,808.07,13,C-00919,Partner,64,0.1722
2024-04-29,West,Pulse,Services,2351.87,1822.62,529.25,26,C-00832,Partner,127,0.0931
2024-04-30,North,Atlas,Hardware,1935.89,1159.52,776.36,17,C-00257,Direct,101,0.0522
2024-04-30,North,Nova,Software,1835.53,1114.4,721.12,16,C-00954,Partner,136,0.1928
2024-04-30,North,Pulse,Services,1864.82,1319.21,545.61,15,C-00255,Partner,111,0.0215
2024-04-30,South,Atlas,Hardware,2299.04,1582.42,716.63,25,C-02435,Partner,108,0.1103
2024-04-30,South,Nova,Software,1835.83,1171.39,664.44,17,C-02470,Online,132,0.0828
2024-04-30,South,Pulse,Services,2027.92,1439.03,588.89,19,C-00850,Direct,107,0.1438
2024-04-30,East,Atlas,Hardware,1811.31,1182.11,629.21,18,C-01417,Online,144,0.0796
2024-04-30,East,Nova,Software,2170.8,1446.0,724.8,17,C-01768,Partner,147,0.1364
2024-04-30,East,Pulse,Services,2181.37,1425.01,756.36,16,C-01799,Direct,93,0.0666
2024-04-30,West,Atlas,Hardware,2067.22,1583.03,484.2,24,C-01498,Partner,123,0.0156
2024-04-30,West,Nova,Software,2018.67,1266.17,752.5,16,C-00406,Online,135,0.051
2024-04-30,West,Pulse,Services,2182.18,1344.98,837.2,12,C-01953,Partner,118,0.1116
2024-05-01,North,Atlas,Hardware,1719.62,1231.64,487.98,20,C-00588,Partner,121,0.1847
2024-05-01,North,Nova,Software,1980.95,1344.63,636.32,20,C-01701,Online,128,0.1152
2024-05-01,North,Pulse,Services,2034.09,1434.53,599.56,16,C-02139,Partner,87,0.1401
2024-05-01,South,Atlas,Hardware,2082.21,1541.21,541.0,17,C-01194,Online,144,0.1007
2024-05-01,South,Nova,Software,1642.82,1061.75,581.07,19,C-01664,Partner,78,0.092
2024-05-01,South,Pulse,Services,2021.15,1239.56,781.59,16,C-01009,Direct,95,0.1129
2024-05-01,East,Atlas,Hardware,2284.17,1371.81,912.36,26,C-00662,Partner,89,0.1112
2024-05-01,East,Nova,Software,2083.18,1368.22,714.96,16,C-00720,Partner,116,0.0938
2024-05-01,East,Pulse,Services,2433.7,1377.09,1056.61,24,C-01062,Direct,110,0.2054
2024-05-01,West,Atlas,Hardware,2265.45,1532.42,733.03,21,C-01757,Direct,145,0.1999
2024-05-01,West,Nova,Software,2107.49,1188.21,919.27,21,C-01113,Partner,109,0.1703
2024-05-01,West,Pulse,Services,1878.15,1305.88,572.27,16,C-00741,Direct,103,0.0995
2024-05-02,North,Atlas,Hardware,1833.82,1081.25,752.57,23,C-02236,Partner,84,0.0994
2024-05-02,North,Nova,Software,1944.83,1571.03,373.8,17,C-00237,Partner,113,0.1191
2024-05-02,North,Pulse,Services,1711.78,1124.86,586.92,20,C-02381,Partner,128,0.1413
2024-05-02,South,Atlas,Hardware,2040.07,1598.44,441.63,19,C-00396,Online,137,0.1163
2024-05-02,South,Nova,Software,1593.03,873.12,719.91,11,C-00722,Direct,140,0.1401
2024-05-02,South,Pulse,Services,1741.0,1056.81,684.2,25,C-01928,Direct,137,0.0938
2024-05-02,East,Atlas,Hardware,1987.17,1033.89,953.27,13,C-01806,Direct,153,0.098
2024-05-02,East,Nova,Software,2065.05,1322.91,742.13,13,C-02046,Direct,105,0.1054
2024-05-02,East,Pulse,Services,2082.7,1462.4,620.3,13,C-00458,Online,120,0.1106
2024-05-02,West,Atlas,Hardware,2333.08,1466.2,866.88,19,C-00352,Online,111,0.0729
2024-05-02,West,Nova,Software,2284.19,1657.07,627.12,19,C-02078,Online,143,0.1885
2024-05-02,West,Pulse,Services,2336.64,1551.17,785.48,23,C-00558,Online,120,0.1224
2024-05-03,North,Atlas,Hardware,1923.77,1033.71,890.05,12,C-00760,Partner,78,0.128
2024-05-03,North,Nova,Software,1852.95,933.66,919.29,13,C-00545,Direct,114,0.0871
2024-05-03,North,Pulse,Services,1950.32,1239.81,710.51,13,C-01893,Online,121,0.0463
2024-05-03,South,Atlas,Hardware,2132.53,1269.12,863.41,15,C-02346,Direct,121,0.0994
2024-05-03,South,Nova,Software,2017.1,1264.75,752.35,22,C-02089,Direct,159,0.1145
2024-05-03,South,Pulse,Services,2239.87,1330.41,909.45,15,C-01130,Online,103,0.1483
2024-05-03,East,Atlas,Hardware,1778.32,1144.72,633.61,19,C-01826,Online,120,0.1564
2024-05-03,East,Nova,Software,2210.01,1259.44,950.57,20,C-02340,Direct,164,0.1039
2024-05-03,East,Pulse,Services,2119.5,1617.55,501.95,17,C-01956,Direct,131,0.1227
2024-05-03,West,Atlas,Hardware,2308.04,1439.43,868.62,16,C-01792,Partner,122,0.1337
2024-05-03,West,Nova,Software,2138.23,1236.57,901.65,10,C-01612,Online,109,0.1222
2024-05-03,West,Pulse,Services,2107.73,1222.41,885.32,16,C-00869,Direct,157,0.1241
2024-05-04,North,Atlas,Hardware,1875.56,1354.2,521.36,17,C-00629,Partner,120,0.1114
2024-05-04,North,Nova,Software,1772.91,1309.73,463.17,26,C-00736,Online,97,0.1966
2024-05-04,North,Pulse,Services,1983.77,1468.54,515.23,18,C-01746,Online,90,0.1452
2024-05-04,South,Atlas,Hardware,1992.01,1274.26,717.76,19,C-01436,Direct,146,0.1101
2024-05-04,South,Nova,Software,2048.84,1472.48,576.36,19,C-02334,Direct,162,0.0469
2024-05-04,South,Pulse,Services,2028.35,1145.47,882.88,15,C-02229,Partner,192,0.1443
2024-05-04,East,Atlas,Hardware,2163.43,1239.1,924.33,20,C-02268,Online,145,0.0711
2024-05-04,East,Nova,Software,2169.51,1435.05,734.47,17,C-00297,Direct,178,0.0924
2024-05-04,East,Pulse,Services,2145.96,1485.61,660.35,19,C-00636,Direct,90,0.1255
2024-05-04,West,Atlas,Hardware,2270.05,1646.85,623.19,9,C-00229,Direct,110,0.1744
2024-05-04,West,Nova,Software,2175.31,1427.27,748.03,17,C-01202,Online,147,0.1071
2024-05-04,West,Pulse,Services,2496.12,1488.65,1007.47,17,C-01180,Partner,134,0.1781
2024-05-05,North,Atlas,Hardware,2018.08,1469.69,548.39,20,C-01834,Partner,119,0.138
2024-05-05,North,Nova,Software,1777.99,1075.18,702.8,15,C-00816,Partner,98,0.0714
2024-05-05,North,Pulse,Services,1961.81,1309.43,652.38,16,C-01746,Online,114,0.0962
2024-05-05,South,Atlas,Hardware,2076.71,1268.32,808.39,17,C-02050,Online,111,0.0757
2024-05-05,South,Nova,Software,2250.31,1415.49,834.82,22,C-00747,Direct,160,0.048
2024-05-05,South,Pulse,Services,1931.92,1046.33,885.59,16,C-00110,Direct,98,0.0759
2024-05-05,East,Atlas,Hardware,2274.64,1466.23,808.41,27,C-01573,Partner,91,0.0871
2024-05-05,East,Nova,Software,2057.18,1777.25,279.93,12,C-02016,Direct,147,0.2095
2024-05-05,East,Pulse,Services,1896.66,1358.85,537.81,12,C-00376,Online,127,0.099
2024-05-05,West,Atlas,Hardware,2347.87,1606.21,741.67,14,C-00828,Direct,114,0.0433
2024-05-05,West,Nova,Software,2183.01,1355.25,827.76,15,C-02143,Direct,133,0.0707
2024-05-05,West,Pulse,Services,2147.15,1283.44,863.71,29,C-01557,Online,114,0.0753
2024-05-06,North,Atlas,Hardware,2072.8,1240.21,832.6,24,C-01701,Partner,122,0.0902
2024-05-06,North,Nova,Software,1837.14,1183.57,653.57,16,C-00789,Partner,85,0.0907
2024-05-06,North,Pulse,Services,2008.52,1375.03,633.5,9,C-02431,Online,112,0.1444
2024-05-06,South,Atlas,Hardware,1856.71,1068.12,788.58,20,C-01763,Direct,112,0.041
2024-05-06,South,Nova,Software,2185.85,1446.74,739.11,14,C-01711,Direct,115,0.0521
2024-05-06,South,Pulse,Services,2075.87,998.57,1077.3,16,C-00686,Partner,111,0.0419
2024-05-06,East,Atlas,Hardware,2074.44,1348.66,725.78,18,C-00567,Direct,86,0.0852
2024-05-06,East,Nova,Software,2127.4,1370.96,756.44,19,C-01704,Partner,110,0.0967
2024-05-06,East,Pulse,Services,2285.41,1526.04,759.37,19,C-02441,Online,112,0.1339
2024-05-06,West,Atlas,Hardware,2195.72,1384.7,811.02,22,C-00524,Direct,79,0.1651
2024-05-06,West,Nova,Software,1994.3,1370.4,623.9,18,C-01601,Online,103,0.0072
2024-05-06,West,Pulse,Services,2146.62,1493.12,653.5,23,C-01996,Partner,152,0.1046
2024-05-07,North,Atlas,Hardware,1860.63,1324.3,536.33,19,C-01601,Partner,154,0.0924
2024-05-07,North,Nova,Software,1661.48,991.14,670.34,19,C-00288,Partner,125,0.1956
2024-05-07,North,Pulse,Services,1862.37,1296.03,566.34,17,C-01875,Partner,129,0.0743
2024-05-07,South,Atlas,Hardware,1624.62,1147.52,477.1,10,C-00084,Partner,132,0.054
2024-05-07,South,Nova,Software,1915.85,887.13,1028.73,16,C-00412,Online,112,0.1179
2024-05-07,South,Pulse,Services,2352.12,1796.69,555.43,14,C-00799,Online,136,0.029
2024-05-07,East,Atlas,Hardware,2068.77,1428.9,639.87,16,C-01917,Direct,141,0.087
2024-05-07,East,Nova,Software,2123.43,1400.37,723.05,11,C-01994,Direct,119,0.1003
2024-05-07,East,Pulse,Services,1918.76,1106.65,812.12,14,C-01171,Direct,132,0.1145
2024-05-07,West,Atlas,Hardware,2197.07,1572.29,624.78,14,C-01638,Partner,135,0.0971
2024-05-07,West,Nova,Software,2330.41,1315.67,1014.74,16,C-00078,Partner,84,0.087
2024-05-07,West,Pulse,Services,2193.81,1221.24,972.57,18,C-00506,Online,97,0.0584
2024-05-08,North,Atlas,Hardware,1706.56,1017.74,688.82,17,C-00513,Direct,101,0.1587
2024-05-08,North,Nova,Software,2114.25,1419.75,694.5,23,C-02373,Partner,97,0.0715
2024-05-08,North,Pulse,Services,2066.74,1343.17,723.56,16,C-00989,Online,105,0.0738
2024-05-08,South,Atlas,Hardware,1880.16,1138.74,741.42,16,C-02023,Online,124,0.1202
2024-05-08,South,Nova,Software,1857.79,1146.57,711.22,17,C-01023,Online,118,0.1585
2024-05-08,South,Pulse,Services,1766.66,922.71,843.95,27,C-02344,Partner,106,0.0622
2024-05-08,East,Atlas,Hardware,1990.28,1493.67,496.6,14,C-01032,Partner,99,0.0585
2024-05-08,East,Nova,Software,2338.83,1352.6,986.24,15,C-02472,Online,107,0.049
2024-05-08,East,Pulse,Services,2217.87,1597.93,619.94,17,C-02407,Partner,149,0.0272
2024-05-08,West,Atlas,Hardware,2300.68,1548.44,752.25,11,C-00218,Partner,96,0.1043
2024-05-08,West,Nova,Software,2427.77,1457.09,970.68,15,C-01326,Online,99,0.0535
2024-05-08,West,Pulse,Services,2111.91,1259.09,852.82,15,C-01668,Partner,133,0.0651
2024-05-09,North,Atlas,Hardware,1763.09,937.2,825.89,23,C-01414,Direct,93,0.0549
2024-05-09,North,Nova,Software,1716.66,1043.07,673.6,21,C-02065,Online,113,0.0179
2024-05-09,North,Pulse,Services,1872.09,1234.91,637.18,15,C-01558,Online,186,0.1329
2024-05-09,South,Atlas,Hardware,2138.5,1435.44,703.06,19,C-00927,Online,93,0.0613
2024-05-09,South,Nova,Software,2056.25,1369.81,686.44,17,C-02259,Direct,107,0.1549
2024-05-09,South,Pulse,Services,2124.27,1596.18,528.1,21,C-01837,Partner,121,0.1561
2024-05-09,East,Atlas,Hardware,2186.6,1393.49,793.11,14,C-01748,Partner,138,0.1056
2024-05-09,East,Nova,Software,2030.04,1224.7,805.34,18,C-01070,Partner,117,0.1428
2024-05-09,East,Pulse,Services,2124.87,1551.08,573.79,22,C-02488,Partner,110,0.0702
2024-05-09,West,Atlas,Hardware,2340.84,1704.15,636.68,21,C-01708,Direct,108,0.0743
2024-05-09,West,Nova,Software,2242.22,1526.07,716.15,21,C-00795,Online,165,0.1271
2024-05-09,West,Pulse,Services,2240.51,1640.84,599.67,18,C-00013,Partner,133,0.0608
2024-05-10,North,Atlas,Hardware,1943.37,1215.68,727.69,22,C-00992,Partner,131,0.1343
2024-05-10,North,Nova,Software,1801.45,1101.51,699.95,13,C-00112,Direct,105,0.0507
2024-05-10,North,Pulse,Services,2080.78,1281.17,799.61,15,C-02234,Online,124,0.1484
2024-05-10,South,Atlas,Hardware,2021.47,1357.42,664.05,23,C-01023,Partner,181,0.1195
2024-05-10,South,Nova,Software,1964.49,1258.35,706.14,13,C-00817,Direct,98,0.1192
2024-05-10,South,Pulse,Services,2069.25,1416.9,652.35,16,C-00954,Partner,100,0.0358
2024-05-10,East,Atlas,Hardware,2317.11,1568.1,749.01,16,C-01857,Online,143,0.2968
2024-05-10,East,Nova,Software,1955.98,1243.97,712.01,19,C-01545,Partner,119,0.0555
2024-05-10,East,Pulse,Services,1952.43,1328.5,623.92,19,C-01443,Online,88,0.0798
2024-05-10,West,Atlas,Hardware,2182.64,1413.01,769.63,12,C-00646,Partner,127,0.1935
2024-05-10,West,Nova,Software,2163.12,1184.66,978.46,15,C-01277,Direct,145,0.113
2024-05-10,West,Pulse,Services,2074.25,1056.46,1017.78,15,C-02239,Online,111,0.0965
2024-05-11,North,Atlas,Hardware,1685.9,1129.06,556.85,22,C-02094,Online,100,0.118
2024-05-11,North,Nova,Software,1478.03,820.17,657.86,21,C-02482,Partner,111,0.0626
2024-05-11,North,Pulse,Services,1714.2,1102.2,612.0,19,C-02091,Online,124,0.1334
2024-05-11,South,Atlas,Hardware,1994.41,1564.74,429.67,18,C-01029,Direct,109,0.0635
2024-05-11,South,Nova,Software,2019.13,1259.09,760.04,17,C-01890,Online,163,0.0964
2024-05-11,South,Pulse,Services,2208.97,1436.47,772.5,21,C-01081,Direct,142,0.1039
2024-05-11,East,Atlas,Hardware,2144.84,1088.45,1056.39,14,C-02366,Online,106,0.108
2024-05-11,East,Nova,Software,2156.49,1477.55,678.94,22,C-00122,Direct,164,0.1946
2024-05-11,East,Pulse,Services,2008.76,1316.59,692.17,18,C-01678,Partner,105,0.0741
2024-05-11,West,Atlas,Hardware,2459.89,1302.44,1157.45,13,C-01259,Direct,104,0.0605
2024-05-11,West,Nova,Software,2306.75,1851.89,454.86,15,C-00422,Direct,131,0.0935
2024-05-11,West,Pulse,Services,2146.49,1415.62,730.87,22,C-01536,Partner,110,0.0806
2024-05-12,North,Atlas,Hardware,1801.54,1113.2,688.34,15,C-00206,Online,87,0.0656
2024-05-12,North,Nova,Software,2113.48,1340.56,772.92,24,C-01129,Direct,179,0.0832
2024-05-12,North,Pulse,Services,2002.18,1501.47,500.71,14,C-01504,Direct,123,0.159
2024-05-12,South,Atlas,Hardware,2054.87,1081.33,973.53,25,C-02435,Partner,93,0.028
2024-05-12,South,Nova,Software,2003.03,1407.95,595.09,13,C-01180,Partner,130,0.1162
2024-05-12,South,Pulse,Services,1830.58,1044.88,785.7,25,C-00211,Online,86,0.102
2024-05-12,East,Atlas,Hardware,2094.03,1307.86,786.17,21,C-00529,Direct,105,0.1385
2024-05-12,East,Nova,Software,2030.66,1280.42,750.24,16,C-01217,Partner,150,0.0719
2024-05-12,East,Pulse,Services,2307.22,1402.07,905.15,22,C-01405,Direct,78,0.0359
2024-05-12,West,Atlas,Hardware,2436.15,1268.7,1167.45,21,C-02085,Direct,108,0.1332
2024-05-12,West,Nova,Software,2031.92,1297.64,734.29,17,C-00530,Direct,104,0.145
2024-05-12,West,Pulse,Services,2181.08,1163.09,1017.99,20,C-01771,Partner,120,0.1212
2024-05-13,North,Atlas,Hardware,2263.35,1479.3,784.06,17,C-01556,Partner,96,0.0926
2024-05-13,North,Nova,Software,2114.81,1325.45,789.36,13,C-01014,Partner,152,0.0578
2024-05-13,North,Pulse,Services,1852.93,1229.28,623.65,12,C-01974,Partner,131,0.0553
2024-05-13,South,Atlas,Hardware,1684.7,1065.34,619.35,20,C-00820,Online,124,0.1413
2024-05-13,South,Nova,Software,1805.37,1291.17,514.2,21,C-01111,Online,154,0.0971
2024-05-13,South,Pulse,Services,2140.5,1410.64,729.86,11,C-00193,Direct,148,0.0907
2024-05-13,East,Atlas,Hardware,2014.68,1290.6,724.08,18,C-00030,Online,122,0.0695
2024-05-13,East,Nova,Software,2130.75,1387.53,743.22,23,C-01451,Direct,134,0.1192
2024-05-13,East,Pulse,Services,2083.93,1288.33,795.6,18,C-00410,Online,110,0.1565
2024-05-13,West,Atlas,Hardware,2462.11,1310.47,1151.64,23,C-00307,Online,112,0.2008
2024-05-13,West,Nova,Software,2229.19,1762.83,466.36,21,C-00284,Partner,146,0.1011
2024-05-13,West,Pulse,Services,2256.0,1388.25,867.75,18,C-00638,Partner,146,0.0721
2024-05-14,North,Atlas,Hardware,2062.5,1330.06,732.44,24,C-00571,Direct,100,0.0718
2024-05-14,North,Nova,Software,2050.32,1298.29,752.02,20,C-01231,Direct,111,0.1146
2024-05-14,North,Pulse,Services,1632.0,1036.14,595.86,12,C-01025,Direct,111,0.0992
2024-05-14,South,Atlas,Hardware,2037.64,1192.25,845.38,18,C-00648,Online,121,0.1144
2024-05-14,South,Nova,Software,1871.78,1515.16,356.62,20,C-01211,Direct,113,0.122
2024-05-14,South,Pulse,Services,1961.83,1161.33,800.5,20,C-00408,Direct,107,0.091
2024-05-14,East,Atlas,Hardware,1969.5,1287.64,681.86,20,C-00363,Online,138,0.0312
2024-05-14,East,Nova,Software,2188.29,1400.89,787.4,24,C-01752,Online,134,0.1947
2024-05-14,East,Pulse,Services,1993.96,1675.64,318.32,22,C-00240,Partner,105,0.134
2024-05-14,West,Atlas,Hardware,2022.46,1341.99,680.48,18,C-01629,Partner,135,0.1687
2024-05-14,West,Nova,Software,2225.18,1145.84,1079.34,22,C-01571,Partner,142,0.1172
2024-05-14,West,Pulse,Services,2442.73,1518.75,923.98,18,C-00132,Direct,88,0.0531
2024-05-15,North,Atlas,Hardware,1730.84,1056.63,674.21,17,C-01095,Partner,116,0.0964
2024-05-15,North,Nova,Software,2012.82,1296.69,716.13,28,C-00362,Direct,86,0.068
2024-05-15,North,Pulse,Services,1917.82,1142.59,775.23,16,C-01381,Direct,120,0.0759
2024-05-15,South,Atlas,Hardware,2044.12,1360.43,683.7,14,C-01558,Partner,118,0.1005
2024-05-15,South,Nova,Software,1838.65,1314.05,524.61,16,C-02333,Partner,140,0.1206
2024-05-15,South,Pulse,Services,1950.58,1371.45,579.14,18,C-00417,Online,131,0.237
2024-05-15,East,Atlas,Hardware,2209.3,1606.63,602.67,17,C-01891,Partner,126,0.0162
2024-05-15,East,Nova,Software,2029.67,1148.54,881.13,13,C-01636,Direct,115,0.1357
2024-05-15,East,Pulse,Services,2183.2,1202.22,980.98,11,C-02194,Partner,182,0.1545
2024-05-15,West,Atlas,Hardware,2460.05,1528.46,931.59,17,C-01637,Online,92,0.0
2024-05-15,West,Nova,Software,2393.74,1273.09,1120.65,17,C-01630,Partner,106,0.1075
2024-05-15,West,Pulse,Services,2532.25,2024.18,508.08,18,C-01514,Online,124,0.0792
2024-05-16,North,Atlas,Hardware,1761.16,1075.72,685.43,18,C-01885,Direct,108,0.1831
2024-05-16,North,Nova,Software,1856.61,979.8,876.81,14,C-00754,Online,121,0.1429
2024-05-16,North,Pulse,Services,1810.04,1059.58,750.46,22,C-01255,Partner,142,0.089
2024-05-16,South,Atlas,Hardware,1887.87,1230.51,657.37,21,C-00770,Online,133,0.1093
2024-05-16,South,Nova,Software,1828.31,1216.91,611.4,14,C-01800,Partner,91,0.1104
2024-05-16,South,Pulse,Services,2065.81,1074.34,991.47,17,C-01347,Partner,137,0.0883
2024-05-16,East,Atlas,Hardware,2152.17,1457.16,695.01,20,C-02342,Online,121,0.1281
2024-05-16,East,Nova,Software,2363.18,1546.96,816.23,13,C-02425,Partner,116,0.1164
2024-05-16,East,Pulse,Services,1995.79,1385.33,610.45,15,C-00312,Online,145,0.1149
2024-05-16,West,Atlas,Hardware,2212.09,1396.04,816.05,17,C-01153,Partner,75,0.0079
2024-05-16,West,Nova,Software,2404.86,1668.86,736.0,20,C-02189,Partner,123,0.099
2024-05-16,West,Pulse,Services,2135.78,1368.22,767.56,21,C-00397,Direct,132,0.0864
2024-05-17,North,Atlas,Hardware,1775.49,1135.53,639.96,22,C-02173,Direct,94,0.1059
2024-05-17,North,Nova,Software,1927.25,1357.57,569.68,12,C-00415,Online,84,0.0855
2024-05-17,North,Pulse,Services,1975.45,1305.7,669.75,19,C-00559,Partner,131,0.0972
2024-05-17,South,Atlas,Hardware,1814.42,1263.43,550.99,20,C-01788,Partner,114,0.1687
2024-05-17,South,Nova,Software,2079.21,1330.62,748.59,24,C-02450,Direct,163,0.0906
2024-05-17,South,Pulse,Services,1739.13,1092.18,646.94,25,C-02444,Direct,97,0.0974
2024-05-17,East,Atlas,Hardware,1844.65,1122.19,722.47,19,C-02399,Partner,107,0.0817
2024-05-17,East,Nova,Software,1955.44,1168.01,787.43,14,C-01206,Partner,70,0.1139
2024-05-17,East,Pulse,Services,2089.19,1277.09,812.1,12,C-02198,Partner,146,0.092
2024-05-17,West,Atlas,Hardware,2084.82,1355.52,729.3,13,C-01855,Partner,132,0.0867
2024-05-17,West,Nova,Software,2132.92,1330.78,802.14,16,C-01345,Online,109,0.1714
2024-05-17,West,Pulse,Services,2357.09,1364.33,992.75,20,C-00070,Direct,128,0.0819
2024-05-18,North,Atlas,Hardware,1761.68,1360.28,401.41,23,C-01678,Partner,132,0.1068
2024-05-18,North,Nova,Software,1891.9,1090.99,800.91,17,C-01744,Partner,122,0.1111
2024-05-18,North,Pulse,Services,1855.28,1111.01,744.27,16,C-01956,Partner,151,0.1703
2024-05-18,South,Atlas,Hardware,2267.51,1725.88,541.63,25,C-01792,Partner,129,0.1
2024-05-18,South,Nova,Software,1892.92,1124.54,768.38,15,C-00612,Direct,148,0.004
2024-05-18,South,Pulse,Services,1996.51,1404.53,591.99,16,C-01010,Partner,128,0.1154
2024-05-18,East,Atlas,Hardware,2127.66,1381.59,746.08,22,C-01878,Online,90,0.2086
2024-05-18,East,Nova,Software,2135.13,1423.1,712.03,17,C-00370,Online,103,0.0923
2024-05-18,East,Pulse,Services,1989.04,1222.47,766.57,15,C-02299,Direct,120,0.1107
2024-05-18,West,Atlas,Hardware,2312.38,1792.05,520.32,22,C-00953,Direct,141,0.1351
2024-05-18,West,Nova,Software,2318.88,1607.98,710.9,22,C-01826,Partner,125,0.1238
2024-05-18,West,Pulse,Services,2191.66,1188.68,1002.98,21,C-01970,Online,85,0.0924
2024-05-19,North,Atlas,Hardware,1607.72,895.49,712.23,18,C-01437,Partner,89,0.1509
2024-05-19,North,Nova,Software,1931.79,1288.65,643.14,24,C-00124,Direct,111,0.0892
2024-05-19,North,Pulse,Services,1913.95,1245.02,668.93,12,C-00006,Partner,89,0.1206
2024-05-19,South,Atlas,Hardware,1951.49,1162.98,788.51,16,C-00298,Direct,141,0.0609
2024-05-19,South,Nova,Software,2134.69,1335.63,799.06,17,C-01284,Online,124,0.1425
2024-05-19,South,Pulse,Services,1920.73,1282.81,637.92,13,C-02061,Direct,103,0.0905
2024-05-19,East,Atlas,Hardware,1840.77,984.52,856.24,12,C-00040,Direct,110,0.1422
2024-05-19,East,Nova,Software,2120.32,1342.48,777.83,15,C-00836,Online,124,0.1658
2024-05-19,East,Pulse,Services,2006.95,1139.76,867.19,21,C-01050,Partner,92,0.1018
2024-05-19,West,Atlas,Hardware,1967.47,1283.77,683.69,16,C-01204,Direct,130,0.0945
2024-05-19,West,Nova,Software,2230.81,1262.27,968.54,15,C-00772,Partner,148,0.0801
2024-05-19,West,Pulse,Services,2184.22,1674.6,509.63,11,C-00348,Partner,103,0.071
2024-05-20,North,Atlas,Hardware,1921.25,1040.1,881.16,11,C-00098,Online,161,0.0846
2024-05-20,North,Nova,Software,1985.55,1292.7,692.85,16,C-02193,Direct,89,0.0501
2024-05-20,North,Pulse,Services,1759.6,1011.2,748.4,11,C-01942,Partner,92,0.0735
2024-05-20,South,Atlas,Hardware,2088.31,1220.81,867.5,19,C-00225,Online,184,0.1081
2024-05-20,South,Nova,Software,2076.03,1435.28,640.75,17,C-02014,Partner,108,0.1058
2024-05-20,South,Pulse,Services,2172.09,1363.2,808.88,12,C-01394,Partner,116,0.1109
2024-05-20,East,Atlas,Hardware,2228.25,1547.75,680.5,18,C-00857,Direct,91,0.0871
2024-05-20,East,Nova,Software,2073.67,1317.06,756.61,21,C-02483,Partner,103,0.1519
2024-05-20,East,Pulse,Services,2177.97,1325.62,852.34,22,C-01884,Direct,80,0.1217
2024-05-20,West,Atlas,Hardware,2212.61,1374.7,837.91,20,C-01349,Partner,161,0.1505
2024-05-20,West,Nova,Software,2292.76,1597.65,695.11,27,C-00196,Partner,133,0.0711
2024-05-20,West,Pulse,Services,2189.89,1359.81,830.08,23,C-00859,Direct,107,0.1423
2024-05-21,North,Atlas,Hardware,1850.04,1366.36,483.68,20,C-02387,Direct,161,0.1215
2024-05-21,North,Nova,Software,1898.48,1239.11,659.37,18,C-02191,Direct,119,0.1585
2024-05-21,North,Pulse,Services,1944.86,1132.63,812.23,19,C-01833,Direct,111,0.1489
2024-05-21,South,Atlas,Hardware,1913.4,1496.52,416.88,22,C-01740,Online,146,0.0768
2024-05-21,South,Nova,Software,1940.28,1183.95,756.32,7,C-00461,Partner,146,0.1147
2024-05-21,South,Pulse,Services,2004.78,1293.61,711.17,13,C-00226,Direct,113,0.0562
2024-05-21,East,Atlas,Hardware,2140.05,1331.69,808.36,24,C-02459,Online,157,0.1288
2024-05-21,East,Nova,Software,2065.57,1488.01,577.56,13,C-01207,Direct,153,0.1348
2024-05-21,East,Pulse,Services,2171.47,1506.53,664.95,25,C-01067,Direct,112,0.2162
2024-05-21,West,Atlas,Hardware,2337.45,1145.61,1191.84,23,C-00497,Partner,143,0.1742
2024-05-21,West,Nova,Software,2189.14,1664.29,524.86,22,C-00034,Online,133,0.0733
2024-05-21,West,Pulse,Services,2330.85,1272.03,1058.82,24,C-00667,Direct,124,0.0948
2024-05-22,North,Atlas,Hardware,1898.23,1122.41,775.82,18,C-01257,Partner,111,0.0781
2024-05-22,North,Nova,Software,1969.07,1336.35,632.72,11,C-02427,Direct,140,0.0748
2024-05-22,North,Pulse,Services,1777.96,1401.55,376.41,18,C-00242,Direct,109,0.137
2024-05-22,South,Atlas,Hardware,1864.29,1158.83,705.45,16,C-00551,Partner,137,0.1
2024-05-22,South,Nova,Software,1962.09,1265.8,696.3,15,C-01097,Online,123,0.0814
2024-05-22,South,Pulse,Services,1986.46,1350.89,635.57,18,C-00301,Direct,136,0.0587
2024-05-22,East,Atlas,Hardware,1961.72,1277.92,683.8,13,C-00438,Online,157,0.0673
2024-05-22,East,Nova,Software,2062.21,1295.8,766.41,9,C-00805,Partner,100,0.2106
2024-05-22,East,Pulse,Services,2481.1,1487.58,993.52,10,C-01334,Direct,79,0.1243
2024-05-22,West,Atlas,Hardware,2048.1,1416.3,631.8,14,C-01136,Partner,142,0.0989
2024-05-22,West,Nova,Software,2095.02,1153.04,941.98,24,C-01680,Partner,123,0.1111
2024-05-22,West,Pulse,Services,2104.06,1497.36,606.7,18,C-01248,Partner,117,0.0951
2024-05-23,North,Atlas,Hardware,1917.92,1136.15,781.77,15,C-02175,Online,102,0.0727
2024-05-23,North,Nova,Software,1850.77,1068.09,782.67,24,C-01498,Direct,143,0.214
2024-05-23,North,Pulse,Services,1812.2,1247.18,565.01,18,C-01010,Direct,164,0.0256
2024-05-23,South,Atlas,Hardware,2276.55,1219.49,1057.06,26,C-01614,Online,146,0.1084
2024-05-23,South,Nova,Software,1766.19,1289.08,477.11,22,C-01698,Online,98,0.1977
2024-05-23,South,Pulse,Services,1944.5,1196.65,747.85,13,C-01239,Direct,106,0.0692
2024-05-23,East,Atlas,Hardware,2204.6,1316.8,887.8,19,C-00647,Partner,92,0.1006
2024-05-23,East,Nova,Software,2207.11,1483.22,723.89,20,C-02361,Direct,126,0.1121
2024-05-23,East,Pulse,Services,1825.32,1356.15,469.17,22,C-02319,Partner,137,0.1623
2024-05-23,West,Atlas,Hardware,2126.47,1494.19,632.27,18,C-00165,Direct,179,0.1101
2024-05-23,West,Nova,Software,2159.66,1370.6,789.07,20,C-01313,Partner,106,0.0377
2024-05-23,West,Pulse,Services,2146.95,1439.42,707.53,22,C-01890,Direct,109,0.0746
2024-05-24,North,Atlas,Hardware,1669.82,1069.8,600.02,16,C-01876,Partner,88,0.0404
2024-05-24,North,Nova,Software,1795.97,1109.84,686.13,12,C-00298,Online,106,0.1697
2024-05-24,North,Pulse,Services,1892.88,1124.83,768.05,18,C-02059,Online,92,0.1281
2024-05-24,South,Atlas,Hardware,1764.94,1163.29,601.66,19,C-01161,Online,75,0.1048
2024-05-24,South,Nova,Software,1952.1,1339.31,612.8,26,C-00303,Direct,136,0.1841
2024-05-24,South,Pulse,Services,1891.28,1054.78,836.5,17,C-00397,Direct,124,0.1076
2024-05-24,East,Atlas,Hardware,1866.94,1294.76,572.18,22,C-00712,Online,147,0.1547
2024-05-24,East,Nova,Software,2058.81,1375.81,683.0,24,C-01728,Direct,137,0.1565
2024-05-24,East,Pulse,Services,2037.11,1153.71,883.4,20,C-00201,Partner,82,0.0811
2024-05-24,West,Atlas,Hardware,2499.22,1590.8,908.42,23,C-00106,Direct,120,0.0805
2024-05-24,West,Nova,Software,2485.7,1424.3,1061.4,28,C-00004,Direct,150,0.1801
2024-05-24,West,Pulse,Services,2447.94,1399.0,1048.94,13,C-01830,Online,131,0.1188
2024-05-25,North,Atlas,Hardware,1754.95,1123.42,631.53,16,C-02479,Online,165,0.0814
2024-05-25,North,Nova,Software,1896.7,1140.83,755.86,23,C-01839,Direct,129,0.0979
2024-05-25,North,Pulse,Services,1821.28,1109.34,711.94,24,C-00154,Online,77,0.1015
2024-05-25,South,Atlas,Hardware,2218.32,1309.78,908.55,23,C-01524,Partner,95,0.1161
2024-05-25,South,Nova,Software,1954.23,926.78,1027.44,20,C-02068,Partner,148,0.1415
2024-05-25,South,Pulse,Services,1965.26,1118.58,846.69,13,C-01812,Partner,106,0.0727
2024-05-25,East,Atlas,Hardware,2032.69,1388.76,643.94,14,C-00694,Direct,104,0.0051
2024-05-25,East,Nova,Software,2095.82,1349.82,746.0,29,C-01385,Direct,117,0.0562
2024-05-25,East,Pulse,Services,2069.34,1372.18,697.16,15,C-00865,Partner,131,0.0803
2024-05-25,West,Atlas,Hardware,2145.19,1252.82,892.37,16,C-01332,Partner,147,0.0911
2024-05-25,West,Nova,Software,2184.11,1326.26,857.86,17,C-01759,Direct,83,0.1034
2024-05-25,West,Pulse,Services,2242.11,1250.18,991.93,15,C-00062,Direct,64,0.076
2024-05-26,North,Atlas,Hardware,1655.31,1238.61,416.7,18,C-00689,Direct,121,0.1635
2024-05-26,North,Nova,Software,1677.4,1016.52,660.89,18,C-01170,Online,156,0.0938
2024-05-26,North,Pulse,Services,1899.75,1188.88,710.88,13,C-01880,Partner,139,0.1615
2024-05-26,South,Atlas,Hardware,2006.87,1427.1,579.77,13,C-02391,Direct,123,0.1495
2024-05-26,South,Nova,Software,2092.17,1344.81,747.36,19,C-02462,Direct,121,0.0698
2024-05-26,South,Pulse,Services,1998.38,1599.02,399.36,17,C-01187,Partner,91,0.0731
2024-05-26,East,Atlas,Hardware,1956.0,1368.73,587.27,11,C-01899,Direct,135,0.1616
2024-05-26,East,Nova,Software,2234.39,1302.08,932.31,19,C-02209,Online,174,0.1224
2024-05-26,East,Pulse,Services,2359.44,1373.2,986.25,19,C-01100,Partner,155,0.168
2024-05-26,West,Atlas,Hardware,2173.39,1346.18,827.21,16,C-00782,Direct,104,0.105
2024-05-26,West,Nova,Software,2241.44,1298.24,943.21,18,C-00922,Online,115,0.12
2024-05-26,West,Pulse,Services,2138.6,1506.26,632.35,15,C-01764,Direct,126,0.0742
2024-05-27,North,Atlas,Hardware,1789.57,1013.88,775.68,23,C-01822,Online,153,0.1676
2024-05-27,North,Nova,Software,1901.77,1470.75,431.02,13,C-02264,Direct,80,0.2122
2024-05-27,North,Pulse,Services,1762.04,1192.67,569.37,18,C-01178,Direct,145,0.1466
2024-05-27,South,Atlas,Hardware,2040.17,1142.25,897.93,21,C-02293,Direct,119,0.1712
2024-05-27,South,Nova,Software,2012.76,1365.31,647.45,18,C-00303,Online,124,0.0139
2024-05-27,South,Pulse,Services,1855.5,1355.41,500.09,29,C-01254,Online,69,0.0282
2024-05-27,East,Atlas,Hardware,1973.61,890.39,1083.22,15,C-00358,Online,139,0.0524
2024-05-27,East,Nova,Software,2118.84,1368.79,750.05,10,C-00384,Partner,111,0.1166
2024-05-27,East,Pulse,Services,1888.0,1302.22,585.78,19,C-00357,Partner,143,0.1315
2024-05-27,West,Atlas,Hardware,2165.63,1728.81,436.82,10,C-01330,Direct,161,0.0679
2024-05-27,West,Nova,Software,2180.64,1518.45,662.19,9,C-00722,Partner,146,0.1811
2024-05-27,West,Pulse,Services,2136.7,1453.12,683.58,27,C-02037,Direct,124,0.1138
2024-05-28,North,Atlas,Hardware,1888.27,1194.91,693.35,16,C-00062,Online,144,0.0745
2024-05-28,North,Nova,Software,1918.06,1091.96,826.09,17,C-00748,Direct,128,0.0757
2024-05-28,North,Pulse,Services,1830.87,1080.83,750.04,23,C-02310,Direct,119,0.0649
2024-05-28,South,Atlas,Hardware,1910.06,1343.03,567.02,22,C-01084,Partner,148,0.1148
2024-05-28,South,Nova,Software,1984.71,1038.66,946.05,14,C-01475,Direct,134,0.1078
2024-05-28,South,Pulse,Services,1846.62,1137.18,709.44,23,C-02438,Direct,144,0.0403
2024-05-28,East,Atlas,Hardware,2277.15,1568.71,708.44,19,C-01148,Direct,140,0.2002
2024-05-28,East,Nova,Software,2126.04,1299.37,826.67,17,C-00578,Direct,112,0.1811
2024-05-28,East,Pulse,Services,1877.65,1373.17,504.49,13,C-01604,Online,75,0.1762
2024-05-28,West,Atlas,Hardware,2352.08,1568.79,783.28,15,C-00144,Direct,133,0.0525
2024-05-28,West,Nova,Software,2285.74,1407.44,878.3,23,C-01602,Direct,102,0.0744
2024-05-28,West,Pulse,Services,2207.96,1341.55,866.41,21,C-00671,Partner,149,0.0862
2024-05-29,North,Atlas,Hardware,2006.39,1333.72,672.67,28,C-02174,Online,137,0.0588
2024-05-29,North,Nova,Software,1745.42,1052.43,693.0,15,C-02376,Partner,123,0.1687
2024-05-29,North,Pulse,Services,1845.02,1217.78,627.24,18,C-00503,Partner,126,0.0585
2024-05-29,South,Atlas,Hardware,1894.86,1174.45,720.4,18,C-01099,Partner,51,0.1183
2024-05-29,South,Nova,Software,2139.56,1196.3,943.27,17,C-01951,Partner,117,0.1454
2024-05-29,South,Pulse,Services,2084.88,1154.18,930.7,18,C-02454,Online,119,0.1139
2024-05-29,East,Atlas,Hardware,2251.14,1354.03,897.11,19,C-00648,Online,102,0.1946
2024-05-29,East,Nova,Software,2399.87,1676.69,723.18,17,C-00711,Online,134,0.1437
2024-05-29,East,Pulse,Services,2092.21,1324.84,767.37,23,C-00784,Online,112,0.0571
2024-05-29,West,Atlas,Hardware,2159.38,1364.2,795.19,22,C-02195,Direct,136,0.1969
2024-05-29,West,Nova,Software,2109.16,1507.13,602.03,13,C-01494,Direct,158,0.0949
2024-05-29,West,Pulse,Services,2455.16,1679.9,775.25,12,C-02422,Online,108,0.0179
2024-05-30,North,Atlas,Hardware,1841.76,1175.45,666.31,20,C-00833,Online,68,0.1272
2024-05-30,North,Nova,Software,2011.3,1253.61,757.7,16,C-00278,Direct,124,0.0769
2024-05-30,North,Pulse,Services,1837.43,1198.34,639.09,16,C-01811,Direct,122,0.21
2024-05-30,South,Atlas,Hardware,2094.76,1217.15,877.61,20,C-02446,Direct,141,0.1143
2024-05-30,South,Nova,Software,2061.54,1472.98,588.56,14,C-00662,Direct,183,0.1655
2024-05-30,South,Pulse,Services,2011.64,1451.5,560.14,22,C-02378,Online,105,0.0113
2024-05-30,East,Atlas,Hardware,2311.02,1424.96,886.06,20,C-02303,Direct,94,0.1523
2024-05-30,East,Nova,Software,1769.41,913.0,856.42,14,C-02180,Partner,130,0.1208
2024-05-30,East,Pulse,Services,2060.93,1373.31,687.63,19,C-01571,Online,139,0.0984
2024-05-30,West,Atlas,Hardware,2343.1,1326.61,1016.49,20,C-01265,Partner,178,0.0987
2024-05-30,West,Nova,Software,2132.38,1495.29,637.09,23,C-01747,Partner,152,0.1099
2024-05-30,West,Pulse,Services,2141.2,1037.74,1103.46,11,C-02144,Online,106,0.0964
2024-05-31,North,Atlas,Hardware,2001.94,1310.76,691.18,17,C-01001,Direct,133,0.1284
2024-05-31,North,Nova,Software,2088.62,1664.61,424.01,16,C-02256,Online,124,0.1286
2024-05-31,North,Pulse,Services,1934.42,1136.6,797.82,24,C-01438,Online,116,0.1215
2024-05-31,South,Atlas,Hardware,1767.04,1327.09,439.95,21,C-00624,Direct,119,0.1015
2024-05-31,South,Nova,Software,2083.72,1120.47,963.25,15,C-01480,Partner,109,0.084
2024-05-31,South,Pulse,Services,1946.53,1199.92,746.61,19,C-00883,Direct,100,0.1264
2024-05-31,East,Atlas,Hardware,2005.49,1455.36,550.13,11,C-00905,Online,116,0.1012
2024-05-31,East,Nova,Software,2143.62,1321.29,822.34,23,C-00591,Online,132,0.1088
2024-05-31,East,Pulse,Services,2037.52,1449.92,587.6,11,C-01667,Partner,123,0.145
2024-05-31,West,Atlas,Hardware,2181.68,1207.31,974.37,8,C-00880,Online,106,0.1858
2024-05-31,West,Nova,Software,2133.55,1030.45,1103.1,18,C-00118,Online,69,0.0867
2024-05-31,West,Pulse,Services,2325.55,1484.4,841.15,21,C-00783,Direct,109,0.1801
2024-06-01,North,Atlas,Hardware,1527.3,922.38,604.92,16,C-00347,Online,143,0.1064
2024-06-01,North,Nova,Software,1857.8,1288.08,569.72,17,C-02084,Partner,109,0.2282
2024-06-01,North,Pulse,Services,2017.84,1384.07,633.76,25,C-01160,Online,118,0.1165
2024-06-01,South,Atlas,Hardware,2032.54,1234.78,797.76,13,C-00226,Direct,141,0.0916
2024-06-01,South,Nova,Software,1839.78,1293.04,546.75,16,C-01420,Online,114,0.2016
2024-06-01,South,Pulse,Services,1897.08,1254.17,642.91,24,C-00722,Online,123,0.1192
2024-06-01,East,Atlas,Hardware,2356.42,1271.58,1084.84,19,C-01401,Partner,117,0.1178
2024-06-01,East,Nova,Software,2009.65,1372.36,637.29,17,C-01900,Partner,93,0.1258
2024-06-01,East,Pulse,Services,2125.55,1529.21,596.34,20,C-01375,Direct,100,0.0243
2024-06-01,West,Atlas,Hardware,2205.45,1349.46,855.99,20,C-01374,Direct,149,0.1117
2024-06-01,West,Nova,Software,2441.44,1729.07,712.37,19,C-01412,Online,115,0.0757
2024-06-01,West,Pulse,Services,2335.89,1231.51,1104.38,22,C-01297,Direct,93,0.153
2024-06-02,North,Atlas,Hardware,1986.75,1334.44,652.31,17,C-02414,Online,141,0.051
2024-06-02,North,Nova,Software,1991.98,1272.08,719.89,14,C-02340,Direct,102,0.1085
2024-06-02,North,Pulse,Services,2034.13,1576.44,457.68,18,C-01888,Partner,145,0.1106
2024-06-02,South,Atlas,Hardware,1827.67,1147.45,680.22,22,C-00645,Partner,111,0.079
2024-06-02,South,Nova,Software,1863.56,1168.78,694.78,25,C-00322,Online,142,0.1019
2024-06-02,South,Pulse,Services,1835.98,1012.66,823.32,23,C-00830,Direct,146,0.109
2024-06-02,East,Atlas,Hardware,2357.56,1445.62,911.95,14,C-00105,Direct,159,0.1142
2024-06-02,East,Nova,Software,1936.58,1281.7,654.87,20,C-02106,Online,156,0.1722
2024-06-02,East,Pulse,Services,2014.35,1050.57,963.78,17,C-01783,Online,115,0.078
2024-06-02,West,Atlas,Hardware,2204.08,1294.94,909.14,16,C-00208,Direct,129,0.1212
2024-06-02,West,Nova,Software,2190.2,1684.55,505.64,16,C-01296,Online,119,0.0898
2024-06-02,West,Pulse,Services,2190.56,1190.56,999.99,14,C-01550,Online,96,0.1229
2024-06-03,North,Atlas,Hardware,1794.72,1282.27,512.45,15,C-01872,Online,88,0.2047
2024-06-03,North,Nova,Software,1763.72,1205.28,558.44,17,C-00949,Online,99,0.1236
2024-06-03,North,Pulse,Services,1790.01,1142.81,647.2,9,C-00603,Direct,164,0.1197
2024-06-03,South,Atlas,Hardware,1999.52,1069.7,929.82,21,C-00724,Partner,150,0.1585
2024-06-03,South,Nova,Software,1988.47,1420.49,567.99,21,C-01884,Partner,105,0.1193
2024-06-03,South,Pulse,Services,2074.52,1261.88,812.64,15,C-00961,Partner,129,0.1186
2024-06-03,East,Atlas,Hardware,2084.71,1535.51,549.19,16,C-00865,Partner,148,0.1717
2024-06-03,East,Nova,Software,1523.42,1047.27,476.15,22,C-01287,Partner,155,0.1298
2024-06-03,East,Pulse,Services,2200.1,1560.58,639.52,16,C-00433,Partner,166,0.1344
2024-06-03,West,Atlas,Hardware,2356.33,1613.18,743.15,18,C-00231,Direct,165,0.0818
2024-06-03,West,Nova,Software,2233.81,1381.83,851.99,15,C-00662,Partner,101,0.0743
2024-06-03,West,Pulse,Services,2236.31,1479.92,756.4,16,C-01015,Direct,137,0.1276
2024-06-04,North,Atlas,Hardware,1945.51,1667.39,278.12,19,C-01145,Partner,67,0.1808
2024-06-04,North,Nova,Software,1864.52,1158.02,706.5,18,C-00097,Online,106,0.1327
2024-06-04,North,Pulse,Services,1836.57,1248.71,587.86,25,C-01403,Direct,146,0.148
2024-06-04,South,Atlas,Hardware,1842.26,1067.5,774.76,17,C-01704,Online,166,0.0589
2024-06-04,South,Nova,Software,1884.55,1334.88,549.68,21,C-02265,Partner,118,0.1769
2024-06-04,South,Pulse,Services,1858.12,1463.68,394.44,23,C-01356,Partner,155,0.1004
2024-06-04,East,Atlas,Hardware,1849.86,1207.9,641.96,22,C-00201,Partner,88,0.0971
2024-06-04,East,Nova,Software,1938.75,1166.36,772.39,25,C-00503,Partner,92,0.152
2024-06-04,East,Pulse,Services,2151.95,1176.28,975.67,22,C-00388,Online,144,0.1268
2024-06-04,West,Atlas,Hardware,2242.13,1445.2,796.93,24,C-00346,Online,139,0.1371
2024-06-04,West,Nova,Software,1958.64,1277.11,681.53,18,C-01557,Direct,132,0.1227
2024-06-04,West,Pulse,Services,2203.83,1507.76,696.07,21,C-01340,Direct,153,0.0822
2024-06-05,North,Atlas,Hardware,1948.07,1396.03,552.04,32,C-02150,Online,37,0.0964
2024-06-05,North,Nova,Software,1990.16,1361.19,628.98,22,C-01173,Partner,150,0.1519
2024-06-05,North,Pulse,Services,1680.22,875.87,804.34,14,C-01698,Partner,123,0.1074
2024-06-05,South,Atlas,Hardware,1969.04,1522.8,446.24,21,C-01394,Direct,133,0.0876
2024-06-05,South,Nova,Software,2117.25,1265.21,852.03,17,C-02437,Partner,157,0.1125
2024-06-05,South,Pulse,Services,2090.3,1390.72,699.59,20,C-00591,Online,118,0.0855
2024-06-05,East,Atlas,Hardware,2158.17,1481.93,676.25,21,C-02491,Partner,157,0.1235
2024-06-05,East,Nova,Software,2213.39,1471.31,742.08,21,C-02427,Direct,138,0.1725
2024-06-05,East,Pulse,Services,1917.38,1182.38,734.99,16,C-00974,Partner,123,0.0593
2024-06-05,West,Atlas,Hardware,2180.14,1288.97,891.16,11,C-01881,Partner,120,0.1632
2024-06-05,West,Nova,Software,2159.18,1503.41,655.77,18,C-02009,Partner,163,0.0712
2024-06-05,West,Pulse,Services,2291.78,1375.31,916.47,22,C-01110,Direct,58,0.1291
2024-06-06,North,Atlas,Hardware,1716.14,1146.2,569.94,18,C-01881,Online,126,0.1821
2024-06-06,North,Nova,Software,2047.63,1493.84,553.78,15,C-02416,Direct,85,0.1045
2024-06-06,North,Pulse,Services,2205.7,1251.69,954.01,6,C-01031,Partner,135,0.0536
2024-06-06,South,Atlas,Hardware,2159.52,1458.88,700.64,19,C-00363,Partner,126,0.0926
2024-06-06,South,Nova,Software,1956.07,1250.98,705.08,23,C-01480,Partner,104,0.1144
2024-06-06,South,Pulse,Services,2083.31,1384.59,698.72,12,C-02335,Direct,143,0.1299
2024-06-06,East,Atlas,Hardware,2202.96,1563.61,639.35,25,C-02087,Online,179,0.1051
2024-06-06,East,Nova,Software,2193.03,1349.91,843.13,15,C-00203,Partner,95,0.0593
2024-06-06,East,Pulse,Services,2160.99,1349.37,811.62,11,C-01923,Partner,108,0.031
2024-06-06,West,Atlas,Hardware,1979.12,1314.68,664.44,20,C-01485,Online,103,0.1318
2024-06-06,West,Nova,Software,1903.92,1080.25,823.67,12,C-00658,Direct,131,0.1265
2024-06-06,West,Pulse,Services,2206.56,1419.18,787.38,15,C-00586,Online,98,0.1837
2024-06-07,North,Atlas,Hardware,1864.14,970.41,893.72,22,C-01986,Online,169,0.1635
2024-06-07,North,Nova,Software,1905.49,1175.34,730.15,25,C-00625,Online,86,0.0837
2024-06-07,North,Pulse,Services,1555.53,1106.75,448.79,12,C-02387,Partner,132,0.0381
2024-06-07,South,Atlas,Hardware,2109.47,1627.16,482.31,13,C-02319,Online,68,0.1107
2024-06-07,South,Nova,Software,1907.39,987.95,919.44,13,C-01665,Online,106,0.1102
2024-06-07,South,Pulse,Services,1755.08,908.97,846.11,11,C-01360,Direct,129,0.0603
2024-06-07,East,Atlas,Hardware,2032.36,1463.86,568.5,16,C-02481,Partner,121,0.0865
2024-06-07,East,Nova,Software,2139.07,1428.76,710.31,12,C-02165,Online,133,0.0852
2024-06-07,East,Pulse,Services,2125.81,1447.87,677.94,22,C-02114,Direct,105,0.1009
2024-06-07,West,Atlas,Hardware,2164.22,1387.32,776.91,23,C-00858,Online,137,0.0852
2024-06-07,West,Nova,Software,2102.07,1368.92,733.15,24,C-00601,Online,52,0.0806
2024-06-07,West,Pulse,Services,2049.31,1035.74,1013.58,12,C-02277,Online,166,0.1227
2024-06-08,North,Atlas,Hardware,1827.61,1142.17,685.44,10,C-00845,Online,131,0.1052
2024-06-08,North,Nova,Software,1900.95,1171.84,729.11,19,C-01594,Direct,94,0.1038
2024-06-08,North,Pulse,Services,2067.0,1228.79,838.21,14,C-01330,Partner,108,0.1312
2024-06-08,South,Atlas,Hardware,1949.83,1102.11,847.72,13,C-01822,Partner,128,0.1524
2024-06-08,South,Nova,Software,1871.31,1286.44,584.87,19,C-02490,Partner,121,0.1816
2024-06-08,South,Pulse,Services,2027.48,1197.3,830.19,9,C-01362,Partner,136,0.1367
2024-06-08,East,Atlas,Hardware,2129.33,1389.89,739.44,13,C-01741,Online,87,0.0497
2024-06-08,East,Nova,Software,2154.46,1360.26,794.2,18,C-00198,Direct,158,0.041
2024-06-08,East,Pulse,Services,1847.18,918.04,929.13,14,C-00352,Direct,110,0.1494
2024-06-08,West,Atlas,Hardware,2376.21,1381.52,994.68,15,C-00793,Partner,109,0.1588
2024-06-08,West,Nova,Software,2070.35,1340.55,729.8,21,C-00323,Partner,108,0.1342
2024-06-08,West,Pulse,Services,2411.67,1620.19,791.48,25,C-01571,Direct,130,0.1008
2024-06-09,North,Atlas,Hardware,1894.52,1427.57,466.95,14,C-01841,Online,117,0.0295
2024-06-09,North,Nova,Software,2041.17,1226.9,814.27,15,C-00831,Partner,84,0.0955
2024-06-09,North,Pulse,Services,1942.02,1048.4,893.63,19,C-00811,Online,188,0.1275
2024-06-09,South,Atlas,Hardware,2043.83,1194.33,849.5,19,C-01595,Direct,135,0.1162
2024-06-09,South,Nova,Software,1856.71,1454.62,402.09,13,C-01486,Partner,91,0.0548
2024-06-09,South,Pulse,Services,1958.93,1419.49,539.44,21,C-00544,Direct,100,0.1219
2024-06-09,East,Atlas,Hardware,2000.74,1154.9,845.84,24,C-01674,Direct,139,0.0354
2024-06-09,East,Nova,Software,1817.47,1164.48,652.99,16,C-01369,Partner,90,0.0302
2024-06-09,East,Pulse,Services,2128.13,1306.4,821.73,12,C-01614,Direct,140,0.1012
2024-06-09,West,Atlas,Hardware,2115.31,1249.96,865.35,11,C-02453,Direct,117,0.1469
2024-06-09,West,Nova,Software,2389.43,1186.91,1202.52,17,C-02165,Partner,126,0.1416
2024-06-09,West,Pulse,Services,2349.15,1423.16,926.0,11,C-02160,Online,129,0.119
2024-06-10,North,Atlas,Hardware,1790.68,1238.22,552.46,17,C-00281,Partner,107,0.1789
2024-06-10,North,Nova,Software,1844.7,1310.75,533.95,16,C-02476,Direct,172,0.1465
2024-06-10,North,Pulse,Services,2017.4,1227.01,790.4,20,C-02424,Online,113,0.0774
2024-06-10,South,Atlas,Hardware,2044.76,1610.92,433.84,14,C-00137,Direct,100,0.107
2024-06-10,South,Nova,Software,2032.69,1678.31,354.38,27,C-01909,Direct,115,0.2085
2024-06-10,South,Pulse,Services,1801.39,1141.51,659.88,15,C-01940,Partner,99,0.0767
2024-06-10,East,Atlas,Hardware,1874.14,1043.55,830.59,22,C-02073,Online,134,0.1037
2024-06-10,East,Nova,Software,1921.21,1253.6,667.61,24,C-01628,Partner,118,0.0683
2024-06-10,East,Pulse,Services,1899.76,1279.06,620.7,15,C-00150,Partner,120,0.1276
2024-06-10,West,Atlas,Hardware,2176.93,1413.23,763.7,14,C-01833,Direct,147,0.2029
2024-06-10,West,Nova,Software,2206.66,1575.58,631.07,17,C-02500,Direct,124,0.084
2024-06-10,West,Pulse,Services,2179.53,1281.6,897.93,20,C-01271,Direct,126,0.0794
2024-06-11,North,Atlas,Hardware,1971.69,1243.17,728.51,18,C-00336,Online,115,0.1042
2024-06-11,North,Nova,Software,2012.39,1161.16,851.23,20,C-00423,Online,70,0.1148
2024-06-11,North,Pulse,Services,2048.75,1583.11,465.65,15,C-00834,Online,117,0.1325
2024-06-11,South,Atlas,Hardware,1983.54,1256.19,727.35,15,C-00488,Direct,87,0.0809
2024-06-11,South,Nova,Software,1982.45,1364.56,617.9,18,C-01209,Partner,121,0.0758
2024-06-11,South,Pulse,Services,1914.97,1197.59,717.38,11,C-02243,Partner,149,0.1873
2024-06-11,East,Atlas,Hardware,2205.24,1586.97,618.27,24,C-00675,Direct,105,0.1339
2024-06-11,East,Nova,Software,1966.17,1370.88,595.29,17,C-01598,Direct,106,0.0693
2024-06-11,East,Pulse,Services,2300.78,1138.56,1162.22,15,C-00190,Online,143,0.0442
2024-06-11,West,Atlas,Hardware,2121.93,1220.88,901.05,19,C-01947,Direct,126,0.0666
2024-06-11,West,Nova,Software,1946.53,1193.13,753.39,15,C-01768,Direct,109,0.0658
2024-06-11,West,Pulse,Services,2175.03,1281.51,893.52,15,C-01013,Online,138,0.0757
2024-06-12,North,Atlas,Hardware,1717.1,975.42,741.68,25,C-01682,Online,122,0.0563
2024-06-12,North,Nova,Software,1836.54,1284.12,552.42,12,C-00053,Partner,141,0.0894
2024-06-12,North,Pulse,Services,2082.03,1263.29,818.74,17,C-00182,Direct,133,0.1699
2024-06-12,South,Atlas,Hardware,1863.53,1008.69,854.85,17,C-02247,Partner,124,0.1331
2024-06-12,South,Nova,Software,1984.36,1283.92,700.44,17,C-01216,Partner,173,0.1978
2024-06-12,South,Pulse,Services,1971.54,1040.26,931.28,14,C-01031,Online,90,0.0845
2024-06-12,East,Atlas,Hardware,1811.29,1239.03,572.26,16,C-00011,Online,98,0.0937
2024-06-12,East,Nova,Software,2200.6,1213.57,987.03,17,C-01639,Online,162,0.1726
2024-06-12,East,Pulse,Services,2119.12,1302.77,816.35,18,C-00129,Direct,126,0.0833
2024-06-12,West,Atlas,Hardware,2327.86,1782.28,545.58,17,C-00868,Online,140,0.1267
2024-06-12,West,Nova,Software,2199.51,1658.73,540.78,17,C-00196,Partner,129,0.0487
2024-06-12,West,Pulse,Services,2055.52,1306.8,748.72,15,C-02206,Direct,104,0.1096
2024-06-13,North,Atlas,Hardware,1886.15,1170.29,715.85,22,C-01009,Online,93,0.1551
2024-06-13,North,Nova,Software,1713.62,1258.75,454.87,23,C-01852,Partner,115,0.1371
2024-06-13,North,Pulse,Services,1760.71,1342.92,417.79,16,C-01640,Online,128,0.0966
2024-06-13,South,Atlas,Hardware,2023.08,1410.64,612.44,19,C-01853,Online,154,0.1357
2024-06-13,South,Nova,Software,2216.36,1260.51,955.85,22,C-02255,Direct,113,0.1249
2024-06-13,South,Pulse,Services,1898.1,1106.41,791.69,13,C-00527,Online,101,0.1444
2024-06-13,East,Atlas,Hardware,2041.68,1002.89,1038.79,23,C-02340,Online,130,0.1047
2024-06-13,East,Nova,Software,2051.55,1320.43,731.11,22,C-01683,Partner,127,0.0903
2024-06-13,East,Pulse,Services,2245.44,1292.9,952.54,18,C-02168,Online,118,0.117
2024-06-13,West,Atlas,Hardware,1937.13,1101.4,835.73,17,C-00806,Online,146,0.1273
2024-06-13,West,Nova,Software,2216.43,1345.84,870.59,24,C-00655,Partner,147,0.1315
2024-06-13,West,Pulse,Services,2385.66,1841.12,544.54,18,C-01845,Online,100,0.055
2024-06-14,North,Atlas,Hardware,2033.66,1121.61,912.05,12,C-01715,Partner,144,0.1126
2024-06-14,North,Nova,Software,1845.86,1291.45,554.41,13,C-01192,Partner,78,0.0989
2024-06-14,North,Pulse,Services,2044.45,1455.73,588.72,11,C-02441,Direct,125,0.1107
2024-06-14,South,Atlas,Hardware,2084.01,1272.91,811.1,13,C-00397,Partner,153,0.1487
2024-06-14,South,Nova,Software,1943.86,1571.33,372.53,22,C-02392,Online,160,0.1764
2024-06-14,South,Pulse,Services,1843.13,901.02,942.11,20,C-01294,Direct,93,0.2086
2024-06-14,East,Atlas,Hardware,2127.98,1701.51,426.47,14,C-02081,Direct,157,0.0577
2024-06-14,East,Nova,Software,1807.39,1171.41,635.98,17,C-00321,Partner,127,0.1194
2024-06-14,East,Pulse,Services,2237.93,1486.04,751.89,19,C-02043,Direct,142,0.0435
2024-06-14,West,Atlas,Hardware,2101.74,1268.18,833.56,22,C-00579,Partner,94,0.075
2024-06-14,West,Nova,Software,2121.4,1434.33,687.07,27,C-01182,Partner,80,0.1595
2024-06-14,West,Pulse,Services,2044.39,1536.13,508.26,23,C-01985,Online,131,0.0798
2024-06-15,North,Atlas,Hardware,2026.91,962.37,1064.54,13,C-00878,Partner,102,0.1073
2024-06-15,North,Nova,Software,1691.08,1139.53,551.54,12,C-01860,Online,118,0.129
2024-06-15,North,Pulse,Services,1674.42,1130.45,543.96,24,C-00275,Partner,83,0.1438
2024-06-15,South,Atlas,Hardware,2095.81,1525.87,569.94,22,C-01415,Partner,106,0.141
2024-06-15,South,Nova,Software,1741.13,1025.54,715.59,13,C-01988,Direct,105,0.0507
2024-06-15,South,Pulse,Services,1879.9,1184.08,695.82,26,C-01234,Partner,91,0.1095
2024-06-15,East,Atlas,Hardware,2297.53,1322.25,975.28,20,C-01271,Direct,119,0.1726
2024-06-15,East,Nova,Software,2070.0,1334.31,735.69,19,C-01061,Partner,113,0.0379
2024-06-15,East,Pulse,Services,2015.11,1321.72,693.39,18,C-01693,Online,119,0.1099
2024-06-15,West,Atlas,Hardware,2210.53,1422.83,787.71,15,C-00909,Online,115,0.0991
2024-06-15,West,Nova,Software,2161.16,1498.86,662.3,18,C-01537,Online,162,0.1114
2024-06-15,West,Pulse,Services,2089.48,1124.22,965.26,19,C-00886,Online,127,0.14
2024-06-16,North,Atlas,Hardware,1755.09,1008.65,746.44,15,C-00593,Online,110,0.0759
2024-06-16,North,Nova,Software,1964.09,1173.05,791.04,21,C-02083,Direct,97,0.1482
2024-06-16,North,Pulse,Services,1899.02,1184.51,714.51,15,C-01098,Partner,154,0.2248
2024-06-16,South,Atlas,Hardware,2000.58,1410.89,589.69,16,C-00457,Online,146,0.0628
2024-06-16,South,Nova,Software,1941.92,1380.44,561.49,22,C-01204,Online,105,0.0681
2024-06-16,South,Pulse,Services,1888.75,1433.59,455.16,21,C-00090,Partner,128,0.1228
2024-06-16,East,Atlas,Hardware,2237.15,1382.36,854.79,14,C-00965,Direct,135,0.198
2024-06-16,East,Nova,Software,1993.55,1253.21,740.34,14,C-00156,Online,115,0.1902
2024-06-16,East,Pulse,Services,2032.52,1072.52,960.0,23,C-00796,Partner,104,0.1529
2024-06-16,West,Atlas,Hardware,2202.35,1317.42,884.93,19,C-02437,Online,96,0.0614
2024-06-16,West,Nova,Software,2123.36,1515.12,608.24,19,C-01181,Online,118,0.0855
2024-06-16,West,Pulse,Services,2091.7,1223.42,868.28,19,C-01925,Partner,110,0.0548
2024-06-17,North,Atlas,Hardware,1810.63,986.65,823.98,17,C-01755,Direct,127,0.0358
2024-06-17,North,Nova,Software,1729.98,1151.48,578.49,21,C-02495,Direct,146,0.1254
2024-06-17,North,Pulse,Services,1795.65,1062.05,733.6,23,C-00165,Online,145,0.0822
2024-06-17,South,Atlas,Hardware,1942.07,1299.92,642.15,19,C-00285,Online,90,0.1368
2024-06-17,South,Nova,Software,1809.9,1253.35,556.56,21,C-01692,Direct,129,0.0806
2024-06-17,South,Pulse,Services,1993.65,1165.65,828.0,23,C-00010,Direct,146,0.1283
2024-06-17,East,Atlas,Hardware,2303.25,1637.36,665.89,18,C-02105,Partner,154,0.0124
2024-06-17,East,Nova,Software,2093.82,1330.41,763.4,15,C-00157,Direct,93,0.0486
2024-06-17,East,Pulse,Services,2006.59,1003.76,1002.83,14,C-00823,Direct,148,0.1192
2024-06-17,West,Atlas,Hardware,2001.42,1299.61,701.8,21,C-02075,Partner,87,0.1416
2024-06-17,West,Nova,Software,1945.26,1167.52,777.74,20,C-00558,Direct,123,0.1113
2024-06-17,West,Pulse,Services,2154.35,1408.2,746.15,21,C-00602,Online,135,0.1067
2024-06-18,North,Atlas,Hardware,1990.62,1147.0,843.63,14,C-00256,Partner,98,0.1405
2024-06-18,North,Nova,Software,2026.77,1544.24,482.53,15,C-01155,Partner,87,0.1452
2024-06-18,North,Pulse,Services,1987.67,1269.32,718.34,16,C-01671,Direct,83,0.1165
2024-06-18,South,Atlas,Hardware,1866.71,1121.86,744.85,16,C-00474,Partner,129,0.0701
2024-06-18,South,Nova,Software,2039.62,1205.14,834.48,8,C-01593,Direct,124,0.0895
2024-06-18,South,Pulse,Services,1871.25,1236.08,635.16,18,C-02353,Online,167,0.1068
2024-06-18,East,Atlas,Hardware,2171.49,1387.56,783.93,14,C-00132,Direct,136,0.1817
2024-06-18,East,Nova,Software,2237.24,1190.03,1047.21,16,C-01856,Direct,124,0.0
2024-06-18,East,Pulse,Services,2116.86,1333.6,783.26,20,C-01205,Partner,135,0.155
2024-06-18,West,Atlas,Hardware,2374.29,1696.61,677.68,26,C-01320,Direct,93,0.0541
2024-06-18,West,Nova,Software,2372.55,1492.22,880.33,16,C-00626,Partner,96,0.176
2024-06-18,West,Pulse,Services,2011.83,1219.19,792.64,11,C-00238,Direct,117,0.1105
2024-06-19,North,Atlas,Hardware,1747.64,1162.32,585.32,22,C-00421,Online,134,0.1431
2024-06-19,North,Nova,Software,1718.18,1127.8,590.37,22,C-01840,Direct,145,0.1503
2024-06-19,North,Pulse,Services,1688.06,1016.94,671.13,18,C-02127,Online,78,0.1696
2024-06-19,South,Atlas,Hardware,2047.98,1418.45,629.53,21,C-01682,Partner,140,0.1991
2024-06-19,South,Nova,Software,1935.01,1083.52,851.49,19,C-00505,Direct,148,0.0839
2024-06-19,South,Pulse,Services,2153.65,1578.04,575.62,19,C-01806,Online,152,0.1298
2024-06-19,East,Atlas,Hardware,2025.5,1298.69,726.81,28,C-01266,Partner,129,0.0512
2024-06-19,East,Nova,Software,2150.59,1129.33,1021.26,19,C-00437,Direct,74,0.0774
2024-06-19,East,Pulse,Services,1975.0,1322.95,652.05,20,C-01288,Direct,114,0.1537
2024-06-19,West,Atlas,Hardware,2079.29,1295.81,783.48,18,C-01942,Direct,107,0.1084
2024-06-19,West,Nova,Software,2427.41,1311.68,1115.73,20,C-02031,Online,127,0.0362
2024-06-19,West,Pulse,Services,2044.42,1100.42,944.0,14,C-00651,Partner,113,0.1217
2024-06-20,North,Atlas,Hardware,1786.84,1172.65,614.19,14,C-00826,Online,134,0.1168
2024-06-20,North,Nova,Software,1807.31,1087.23,720.08,17,C-01242,Direct,125,0.0175
2024-06-20,North,Pulse,Services,1873.85,1359.33,514.52,25,C-00074,Partner,115,0.1138
2024-06-20,South,Atlas,Hardware,1886.64,1270.75,615.89,16,C-00349,Direct,119,0.0845
2024-06-20,South,Nova,Software,2008.59,1272.78,735.81,13,C-01552,Online,92,0.1735
2024-06-20,South,Pulse,Services,2042.19,1393.26,648.93,14,C-01326,Online,104,0.1621
2024-06-20,East,Atlas,Hardware,1972.27,1214.7,757.58,20,C-00696,Online,90,0.0952
2024-06-20,East,Nova,Software,1804.3,1140.71,663.6,23,C-00698,Partner,107,0.1643
2024-06-20,East,Pulse,Services,2131.28,1463.99,667.29,21,C-01343,Direct,133,0.0667
2024-06-20,West,Atlas,Hardware,2166.79,1371.41,795.38,27,C-00600,Online,154,0.1275
2024-06-20,West,Nova,Software,2222.31,1614.64,607.67,26,C-01891,Partner,152,0.0778
2024-06-20,West,Pulse,Services,2334.94,1694.22,640.72,15,C-00091,Partner,133,0.1573
2024-06-21,North,Atlas,Hardware,1634.82,1006.11,628.72,15,C-00102,Partner,93,0.1963
2024-06-21,North,Nova,Software,2207.05,1273.81,933.24,23,C-00690,Direct,98,0.0929
2024-06-21,North,Pulse,Services,1875.32,1127.53,747.79,18,C-02407,Online,101,0.0584
2024-06-21,South,Atlas,Hardware,2189.42,1543.41,646.01,12,C-02241,Partner,116,0.0851
2024-06-21,South,Nova,Software,2115.69,1439.33,676.36,13,C-00702,Partner,114,0.075
2024-06-21,South,Pulse,Services,2064.99,1552.75,512.24,15,C-00673,Online,110,0.1437
2024-06-21,East,Atlas,Hardware,1961.37,1271.06,690.31,16,C-02437,Direct,118,0.1561
2024-06-21,East,Nova,Software,2230.6,1570.61,659.99,12,C-00471,Direct,166,0.1667
2024-06-21,East,Pulse,Services,1977.81,1123.75,854.06,18,C-01797,Direct,85,0.103
2024-06-21,West,Atlas,Hardware,2256.07,1471.02,785.06,27,C-02039,Online,100,0.0747
2024-06-21,West,Nova,Software,2022.34,1142.64,879.71,25,C-00641,Partner,148,0.1111
2024-06-21,West,Pulse,Services,2452.17,1470.22,981.95,23,C-00849,Direct,125,0.0653
2024-06-22,North,Atlas,Hardware,2058.87,1367.52,691.36,32,C-01107,Partner,127,0.0511
2024-06-22,North,Nova,Software,1791.07,1120.62,670.45,22,C-00527,Partner,86,0.1423
2024-06-22,North,Pulse,Services,1687.25,1254.6,432.65,12,C-01995,Online,89,0.0466
2024-06-22,South,Atlas,Hardware,1980.22,1326.31,653.91,27,C-01936,Partner,130,0.1859
2024-06-22,South,Nova,Software,1746.9,1171.51,575.39,16,C-00062,Online,91,0.0819
2024-06-22,South,Pulse,Services,1845.69,1409.57,436.12,22,C-00701,Online,125,0.1023
2024-06-22,East,Atlas,Hardware,1906.66,1091.43,815.23,24,C-02291,Partner,155,0.0362
2024-06-22,East,Nova,Software,2338.07,1717.61,620.46,17,C-01231,Online,155,0.1447
2024-06-22,East,Pulse,Services,1975.24,1316.81,658.43,22,C-02184,Direct,136,0.0859
2024-06-22,West,Atlas,Hardware,2317.39,1624.43,692.96,26,C-02208,Direct,149,0.1548
2024-06-22,West,Nova,Software,2151.34,1453.88,697.47,20,C-00316,Direct,148,0.069
2024-06-22,West,Pulse,Services,1962.72,1083.27,879.45,12,C-00076,Online,101,0.0365
2024-06-23,North,Atlas,Hardware,1833.81,1303.83,529.98,13,C-02171,Online,123,0.0821
2024-06-23,North,Nova,Software,1865.05,1366.72,498.32,28,C-00937,Direct,114,0.1018
2024-06-23,North,Pulse,Services,1881.53,1310.37,571.15,21,C-01651,Partner,77,0.1088
2024-06-23,South,Atlas,Hardware,2066.55,1306.18,760.37,16,C-01376,Partner,81,0.1307
2024-06-23,South,Nova,Software,1715.57,1131.44,584.13,19,C-01795,Partner,126,0.0818
2024-06-23,South,Pulse,Services,1943.72,1223.78,719.95,14,C-02036,Direct,85,0.0518
2024-06-23,East,Atlas,Hardware,2062.87,1158.44,904.43,13,C-00516,Partner,115,0.0706
2024-06-23,East,Nova,Software,2170.55,1385.64,784.91,15,C-00865,Partner,81,0.09
2024-06-23,East,Pulse,Services,2238.59,1656.3,582.3,22,C-00557,Direct,103,0.1845
2024-06-23,West,Atlas,Hardware,2106.04,1233.84,872.2,21,C-00239,Partner,85,0.0843
2024-06-23,West,Nova,Software,2166.81,1547.08,619.73,34,C-00602,Online,132,0.058
2024-06-23,West,Pulse,Services,2143.5,1497.05,646.46,21,C-02050,Partner,99,0.0949
2024-06-24,North,Atlas,Hardware,1729.77,1264.64,465.13,19,C-01602,Online,151,0.0854
2024-06-24,North,Nova,Software,1767.62,1386.11,381.51,14,C-02201,Online,103,0.2051
2024-06-24,North,Pulse,Services,2024.51,1388.48,636.02,21,C-01507,Online,87,0.1314
2024-06-24,South,Atlas,Hardware,1975.09,1524.3,450.79,13,C-00621,Partner,79,0.1203
2024-06-24,South,Nova,Software,1739.86,1030.04,709.83,18,C-02266,Direct,140,0.0892
2024-06-24,South,Pulse,Services,1927.12,1200.7,726.42,14,C-00060,Direct,99,0.2045
2024-06-24,East,Atlas,Hardware,1851.93,1202.85,649.08,15,C-02275,Partner,91,0.151
2024-06-24,East,Nova,Software,2094.21,1430.61,663.6,21,C-01396,Online,126,0.1002
2024-06-24,East,Pulse,Services,2164.34,1491.22,673.11,21,C-01752,Partner,101,0.1357
2024-06-24,West,Atlas,Hardware,1985.28,1328.4,656.89,16,C-00565,Online,107,0.167
2024-06-24,West,Nova,Software,2045.81,1586.93,458.88,17,C-00327,Online,96,0.127
2024-06-24,West,Pulse,Services,2125.36,1224.63,900.73,11,C-00173,Online,103,0.1664
2024-06-25,North,Atlas,Hardware,2117.42,1368.43,748.98,18,C-00368,Partner,130,0.1156
2024-06-25,North,Nova,Software,1828.39,1084.43,743.96,13,C-01472,Direct,120,0.048
2024-06-25,North,Pulse,Services,1797.02,1305.12,491.9,20,C-00027,Partner,174,0.1637
2024-06-25,South,Atlas,Hardware,1945.89,1308.0,637.89,24,C-02362,Online,97,0.1306
2024-06-25,South,Nova,Software,1890.85,1196.67,694.18,19,C-00321,Direct,115,0.0865
2024-06-25,South,Pulse,Services,1832.34,1256.81,575.53,23,C-01584,Partner,157,0.0861
2024-06-25,East,Atlas,Hardware,2224.29,1321.39,902.9,19,C-01894,Online,156,0.198
2024-06-25,East,Nova,Software,1867.46,1360.27,507.19,14,C-01743,Direct,149,0.1297
2024-06-25,East,Pulse,Services,2049.65,1321.77,727.89,17,C-00211,Online,113,0.2105
2024-06-25,West,Atlas,Hardware,1918.31,1181.52,736.78,14,C-01588,Direct,99,0.1274
2024-06-25,West,Nova,Software,1708.64,1139.86,568.78,15,C-01945,Direct,132,0.0717
2024-06-25,West,Pulse,Services,2307.42,1637.48,669.93,21,C-00085,Direct,101,0.1599
2024-06-26,North,Atlas,Hardware,1903.61,1278.35,625.27,18,C-00907,Direct,144,0.0433
2024-06-26,North,Nova,Software,1693.03,1012.02,681.02,13,C-02388,Online,126,0.0661
2024-06-26,North,Pulse,Services,2050.19,1058.76,991.43,19,C-01496,Direct,97,0.0637
2024-06-26,South,Atlas,Hardware,1890.81,1145.95,744.85,21,C-01343,Online,89,0.1289
2024-06-26,South,Nova,Software,1950.55,1083.77,866.78,21,C-01150,Direct,150,0.1101
2024-06-26,South,Pulse,Services,2003.85,1361.47,642.38,17,C-01955,Direct,117,0.118
2024-06-26,East,Atlas,Hardware,2078.23,1452.56,625.67,17,C-00957,Online,155,0.0508
2024-06-26,East,Nova,Software,2120.37,1471.37,649.0,23,C-00312,Online,172,0.0995
2024-06-26,East,Pulse,Services,1860.1,1030.81,829.29,19,C-00303,Direct,124,0.0522
2024-06-26,West,Atlas,Hardware,2270.2,1640.68,629.52,10,C-02285,Direct,91,0.1223
2024-06-26,West,Nova,Software,2358.14,1783.0,575.14,13,C-00862,Direct,149,0.1652
2024-06-26,West,Pulse,Services,2087.66,1244.3,843.35,15,C-02440,Online,162,0.1593
2024-06-27,North,Atlas,Hardware,1514.39,989.62,524.77,15,C-02386,Online,100,0.236
2024-06-27,North,Nova,Software,1996.58,1143.54,853.04,22,C-01830,Online,97,0.0401
2024-06-27,North,Pulse,Services,1660.95,1090.29,570.66,16,C-02467,Partner,103,0.1016
2024-06-27,South,Atlas,Hardware,2028.11,1280.77,747.34,29,C-01739,Direct,149,0.105
2024-06-27,South,Nova,Software,2121.53,1464.53,657.0,18,C-00526,Online,139,0.1411
2024-06-27,South,Pulse,Services,1917.85,894.99,1022.86,29,C-01638,Online,158,0.1399
2024-06-27,East,Atlas,Hardware,1932.8,1043.1,889.7,22,C-02400,Partner,119,0.0693
2024-06-27,East,Nova,Software,1887.76,1380.24,507.52,20,C-00181,Direct,164,0.0799
2024-06-27,East,Pulse,Services,1982.12,1450.57,531.54,21,C-00751,Online,119,0.1292
2024-06-27,West,Atlas,Hardware,1795.3,1138.12,657.18,20,C-00977,Partner,110,0.1012
2024-06-27,West,Nova,Software,2050.98,999.87,1051.1,15,C-01334,Partner,122,0.0889
2024-06-27,West,Pulse,Services,1995.24,1128.75,866.49,25,C-00891,Online,93,0.1053
2024-06-28,North,Atlas,Hardware,1742.03,1155.47,586.56,17,C-00045,Direct,141,0.1225
2024-06-28,North,Nova,Software,1778.63,1218.53,560.1,20,C-01338,Direct,131,0.1056
2024-06-28,North,Pulse,Services,1775.75,1284.86,490.89,23,C-01432,Partner,148,0.0619
2024-06-28,South,Atlas,Hardware,1613.56,994.58,618.97,18,C-00125,Partner,88,0.0994
2024-06-28,South,Nova,Software,2134.35,1408.35,726.01,17,C-00830,Partner,129,0.0943
2024-06-28,South,Pulse,Services,1872.08,1142.13,729.95,19,C-01471,Direct,129,0.1232
2024-06-28,East,Atlas,Hardware,2047.41,1241.58,805.83,13,C-00946,Online,126,0.1504
2024-06-28,East,Nova,Software,1962.17,1265.68,696.48,20,C-01041,Online,139,0.043
2024-06-28,East,Pulse,Services,2276.54,1515.31,761.23,21,C-00898,Direct,119,0.0858
2024-06-28,West,Atlas,Hardware,2112.52,1269.11,843.41,14,C-01052,Direct,80,0.1109
2024-06-28,West,Nova,Software,2232.48,1345.13,887.35,18,C-01861,Online,99,0.081
2024-06-28,West,Pulse,Services,2274.4,1712.5,561.9,20,C-00072,Direct,114,0.0628
2024-06-29,North,Atlas,Hardware,1860.71,1097.99,762.72,14,C-02124,Online,140,0.0167
2024-06-29,North,Nova,Software,1858.7,1256.5,602.2,16,C-02095,Direct,130,0.1163
2024-06-29,North,Pulse,Services,1705.6,1095.36,610.24,16,C-02338,Online,76,0.1144
2024-06-29,South,Atlas,Hardware,1736.02,1210.5,525.52,18,C-01785,Online,136,0.1024
2024-06-29,South,Nova,Software,2047.9,1018.59,1029.32,18,C-01910,Direct,152,0.1659
2024-06-29,South,Pulse,Services,1869.16,1221.32,647.84,15,C-00347,Online,121,0.1421
2024-06-29,East,Atlas,Hardware,2273.21,1639.31,633.9,12,C-02316,Online,127,0.1324
2024-06-29,East,Nova,Software,2146.92,1349.86,797.06,12,C-02315,Direct,115,0.1443
2024-06-29,East,Pulse,Services,1815.43,855.23,960.2,19,C-00229,Partner,141,0.0288
2024-06-29,West,Atlas,Hardware,2110.43,1329.5,780.93,10,C-02340,Direct,86,0.166
2024-06-29,West,Nova,Software,1940.16,1383.52,556.64,19,C-01222,Online,138,0.0737
2024-06-29,West,Pulse,Services,2112.37,1632.43,479.94,24,C-02075,Online,75,0.1371
2024-06-30,North,Atlas,Hardware,1874.63,1078.46,796.17,18,C-02198,Direct,149,0.0981
2024-06-30,North,Nova,Software,2056.87,1501.97,554.9,23,C-00347,Partner,121,0.0385
2024-06-30,North,Pulse,Services,1852.43,1161.42,691.01,16,C-00847,Online,133,0.1074
2024-06-30,South,Atlas,Hardware,1867.4,1223.91,643.48,25,C-01493,Online,127,0.1202
2024-06-30,South,Nova,Software,1980.57,1360.16,620.4,16,C-00548,Partner,117,0.133
2024-06-30,South,Pulse,Services,1889.31,1097.23,792.08,35,C-00158,Online,103,0.1752
2024-06-30,East,Atlas,Hardware,2049.76,1369.92,679.84,21,C-01037,Partner,64,0.1157
2024-06-30,East,Nova,Software,1956.92,1117.41,839.51,23,C-01861,Direct,118,0.1559
2024-06-30,East,Pulse,Services,2270.01,1221.91,1048.1,15,C-01498,Partner,107,0.1101
2024-06-30,West,Atlas,Hardware,2377.52,1509.41,868.11,16,C-01844,Online,89,0.0906
2024-06-30,West,Nova,Software,2082.78,1271.68,811.1,17,C-00869,Direct,155,0.1293
2024-06-30,West,Pulse,Services,2105.64,1319.51,786.13,12,C-00122,Direct,113,0.0789
2024-07-01,North,Atlas,Hardware,1828.51,1218.41,610.1,22,C-01927,Partner,93,0.1514
2024-07-01,North,Nova,Software,2179.48,1214.51,964.97,20,C-02323,Direct,174,0.0869
2024-07-01,North,Pulse,Services,1734.99,1081.41,653.58,18,C-00101,Partner,135,0.1256
2024-07-01,South,Atlas,Hardware,1924.33,1266.73,657.59,14,C-00525,Direct,79,0.0607
2024-07-01,South,Nova,Software,1862.52,860.0,1002.51,25,C-02395,Partner,111,0.2008
2024-07-01,South,Pulse,Services,1689.15,1039.88,649.27,24,C-00342,Partner,85,0.1137
2024-07-01,East,Atlas,Hardware,1937.09,1098.75,838.34,15,C-01766,Direct,137,0.1487
2024-07-01,East,Nova,Software,2110.43,1279.37,831.06,24,C-01480,Direct,110,0.0885
2024-07-01,East,Pulse,Services,2155.64,1333.58,822.06,11,C-02297,Partner,109,0.1083
2024-07-01,West,Atlas,Hardware,1995.62,1217.22,778.4,20,C-02487,Partner,94,0.1677
2024-07-01,West,Nova,Software,2185.73,1369.98,815.74,13,C-00408,Partner,168,0.1915
2024-07-01,West,Pulse,Services,2326.11,1569.19,756.92,17,C-01371,Partner,99,0.1217
2024-07-02,North,Atlas,Hardware,1965.01,1329.22,635.79,22,C-00712,Partner,196,0.111
2024-07-02,North,Nova,Software,1845.36,1166.79,678.57,21,C-01587,Partner,102,0.0609
2024-07-02,North,Pulse,Services,1602.4,947.85,654.55,27,C-01366,Direct,113,0.0475
2024-07-02,South,Atlas,Hardware,2087.24,1342.23,745.0,19,C-00424,Partner,128,0.0724
2024-07-02,South,Nova,Software,2232.04,1537.29,694.76,21,C-01914,Online,175,0.1198
2024-07-02,South,Pulse,Services,1921.81,1435.16,486.64,17,C-01493,Online,138,0.1206
2024-07-02,East,Atlas,Hardware,2059.21,1423.42,635.79,24,C-01524,Partner,100,0.1542
2024-07-02,East,Nova,Software,2230.46,1178.61,1051.85,18,C-00019,Direct,135,0.143
2024-07-02,East,Pulse,Services,1694.24,1179.48,514.76,19,C-02018,Online,95,0.1188
2024-07-02,West,Atlas,Hardware,1884.38,1110.35,774.03,17,C-01847,Partner,83,0.1592
2024-07-02,West,Nova,Software,2019.27,1376.85,642.41,25,C-01314,Partner,99,0.1157
2024-07-02,West,Pulse,Services,2012.36,1444.62,567.73,23,C-01853,Partner,119,0.079
2024-07-03,North,Atlas,Hardware,1914.84,1165.52,749.32,20,C-02319,Direct,100,0.0872
2024-07-03,North,Nova,Software,1854.91,1200.77,654.14,22,C-00771,Online,121,0.1228
2024-07-03,North,Pulse,Services,1972.68,1319.38,653.29,18,C-01620,Partner,147,0.0536
2024-07-03,South,Atlas,Hardware,1905.23,1275.14,630.09,15,C-00716,Direct,119,0.0923
2024-07-03,South,Nova,Software,1820.29,1249.37,570.92,17,C-00445,Direct,119,0.0754
2024-07-03,South,Pulse,Services,1979.06,1214.61,764.46,14,C-01942,Online,106,0.1024
2024-07-03,East,Atlas,Hardware,2053.04,1083.61,969.42,12,C-00728,Partner,92,0.059
2024-07-03,East,Nova,Software,1924.46,1413.67,510.79,27,C-01087,Online,144,0.1011
2024-07-03,East,Pulse,Services,1833.39,1398.39,435.0,9,C-00041,Direct,141,0.0991
2024-07-03,West,Atlas,Hardware,2525.32,1454.45,1070.87,18,C-00032,Online,78,0.1143
2024-07-03,West,Nova,Software,2066.67,1183.26,883.4,16,C-01358,Direct,123,0.1048
2024-07-03,West,Pulse,Services,2178.25,1419.97,758.28,26,C-01277,Direct,125,0.0372
2024-07-04,North,Atlas,Hardware,1602.29,1011.42,590.87,14,C-02283,Partner,89,0.1057
2024-07-04,North,Nova,Software,1670.66,1062.75,607.91,17,C-02335,Partner,126,0.1939
2024-07-04,North,Pulse,Services,1840.18,1109.51,730.67,12,C-00721,Online,150,0.1109
2024-07-04,South,Atlas,Hardware,2236.16,1420.13,816.03,29,C-01171,Direct,109,0.1974
2024-07-04,South,Nova,Software,2112.78,1227.19,885.6,18,C-02283,Online,134,0.0184
2024-07-04,South,Pulse,Services,2141.7,1140.18,1001.52,23,C-00861,Online,96,0.0518
2024-07-04,East,Atlas,Hardware,2210.41,1512.69,697.72,16,C-00771,Online,98,0.096
2024-07-04,East,Nova,Software,2281.64,1522.63,759.02,20,C-01803,Partner,132,0.1264
2024-07-04,East,Pulse,Services,2110.02,1366.51,743.51,20,C-01824,Partner,59,0.091
2024-07-04,West,Atlas,Hardware,2175.36,1700.19,475.17,24,C-01606,Direct,133,0.1222
2024-07-04,West,Nova,Software,2044.55,1161.48,883.07,14,C-01072,Partner,160,0.152
2024-07-04,West,Pulse,Services,2030.85,1202.17,828.68,19,C-02009,Direct,102,0.1388
2024-07-05,North,Atlas,Hardware,1729.36,1184.7,544.67,21,C-00225,Partner,119,0.1282
2024-07-05,North,Nova,Software,1849.06,1258.36,590.69,18,C-01880,Partner,114,0.1888
2024-07-05,North,Pulse,Services,1722.81,1143.16,579.65,20,C-01931,Online,63,0.0784
2024-07-05,South,Atlas,Hardware,1972.98,1299.25,673.73,19,C-00992,Online,156,0.0074
2024-07-05,South,Nova,Software,1986.67,1342.75,643.92,19,C-02307,Partner,106,0.0988
2024-07-05,South,Pulse,Services,1709.89,1125.52,584.37,29,C-01945,Online,89,0.1081
2024-07-05,East,Atlas,Hardware,1956.17,1209.45,746.72,23,C-00147,Partner,130,0.1076
2024-07-05,East,Nova,Software,2128.52,1419.68,708.84,18,C-01033,Online,126,0.0815
2024-07-05,East,Pulse,Services,2184.53,1213.13,971.4,13,C-00613,Online,111,0.1878
2024-07-05,West,Atlas,Hardware,2189.34,1249.92,939.42,17,C-02362,Online,91,0.1825
2024-07-05,West,Nova,Software,2087.57,1204.69,882.88,16,C-00831,Online,120,0.0811
2024-07-05,West,Pulse,Services,2396.02,1679.67,716.35,18,C-01101,Online,126,0.1237
2024-07-06,North,Atlas,Hardware,1910.91,1252.03,658.88,21,C-01267,Online,149,0.0008
2024-07-06,North,Nova,Software,1707.17,838.98,868.19,10,C-01458,Direct,109,0.134
2024-07-06,North,Pulse,Services,1972.67,1223.57,749.1,21,C-02211,Direct,131,0.0909
2024-07-06,South,Atlas,Hardware,1971.19,1483.47,487.72,16,C-01616,Online,131,0.1425
2024-07-06,South,Nova,Software,2015.91,1350.87,665.04,21,C-00431,Online,110,0.1758
2024-07-06,South,Pulse,Services,1724.1,1136.18,587.93,15,C-00185,Direct,143,0.1769
2024-07-06,East,Atlas,Hardware,1893.27,1294.17,599.1,18,C-02111,Online,146,0.0
2024-07-06,East,Nova,Software,2280.77,1253.85,1026.92,11,C-01173,Online,121,0.1656
2024-07-06,East,Pulse,Services,2205.94,1483.24,722.71,22,C-00134,Direct,93,0.0852
2024-07-06,West,Atlas,Hardware,2233.48,1357.58,875.89,14,C-01374,Online,163,0.1652
2024-07-06,West,Nova,Software,2244.69,1535.8,708.89,16,C-01195,Online,77,0.109
2024-07-06,West,Pulse,Services,2189.09,1608.5,580.59,15,C-01456,Partner,108,0.0224
2024-07-07,North,Atlas,Hardware,1949.47,1266.61,682.87,12,C-00507,Partner,126,0.1259
2024-07-07,North,Nova,Software,2052.1,1016.47,1035.64,24,C-02323,Partner,128,0.0874
2024-07-07,North,Pulse,Services,1789.94,1034.2,755.74,20,C-01634,Online,113,0.0427
2024-07-07,South,Atlas,Hardware,2010.57,1411.62,598.95,22,C-01341,Direct,121,0.1287
2024-07-07,South,Nova,Software,2110.15,1317.67,792.48,11,C-00859,Direct,144,0.0526
2024-07-07,South,Pulse,Services,1888.91,1306.76,582.15,15,C-01147,Online,113,0.0041
2024-07-07,East,Atlas,Hardware,2167.55,1175.5,992.05,18,C-00260,Partner,132,0.1073
2024-07-07,East,Nova,Software,2013.26,1323.44,689.82,19,C-02337,Online,142,0.0568
2024-07-07,East,Pulse,Services,2112.44,1364.24,748.2,16,C-00439,Online,84,0.0955
2024-07-07,West,Atlas,Hardware,1902.9,1395.99,506.91,18,C-02258,Partner,141,0.1545
2024-07-07,West,Nova,Software,2002.27,1503.59,498.68,12,C-02011,Partner,118,0.0353
2024-07-07,West,Pulse,Services,2200.0,1627.55,572.44,21,C-01200,Partner,123,0.1309
2024-07-08,North,Atlas,Hardware,1717.03,1187.79,529.24,16,C-01045,Online,143,0.1688
2024-07-08,North,Nova,Software,1800.2,1261.66,538.54,13,C-00505,Partner,126,0.0854
2024-07-08,North,Pulse,Services,1810.38,1195.63,614.75,17,C-01902,Direct,112,0.0857
2024-07-08,South,Atlas,Hardware,1950.02,1299.33,650.69,17,C-02410,Direct,142,0.1022
2024-07-08,South,Nova,Software,1829.75,1296.19,533.56,21,C-02263,Online,117,0.0631
2024-07-08,South,Pulse,Services,1873.48,1470.83,402.65,14,C-02414,Direct,86,0.1451
2024-07-08,East,Atlas,Hardware,1774.4,1220.4,554.0,15,C-02473,Partner,140,0.0341
2024-07-08,East,Nova,Software,2030.53,1081.86,948.67,16,C-01406,Direct,115,0.1106
2024-07-08,East,Pulse,Services,2137.38,1576.38,561.0,20,C-00652,Partner,167,0.1091
2024-07-08,West,Atlas,Hardware,2173.5,1301.52,871.98,15,C-01096,Direct,120,0.111
2024-07-08,West,Nova,Software,2181.19,1635.51,545.68,18,C-01981,Partner,182,0.1258
2024-07-08,West,Pulse,Services,2141.25,1264.84,876.41,7,C-01337,Online,113,0.1532
2024-07-09,North,Atlas,Hardware,1867.7,1396.87,470.83,19,C-00536,Partner,89,0.0994
2024-07-09,North,Nova,Software,1960.99,1141.29,819.7,22,C-02403,Online,150,0.0699
2024-07-09,North,Pulse,Services,1708.87,924.96,783.92,13,C-00974,Online,86,0.0764
2024-07-09,South,Atlas,Hardware,2099.69,1299.01,800.68,16,C-00555,Partner,125,0.1331
2024-07-09,South,Nova,Software,1907.77,1391.21,516.56,22,C-00852,Online,163,0.1634
2024-07-09,South,Pulse,Services,1798.6,943.7,854.91,19,C-01627,Online,104,0.1193
2024-07-09,East,Atlas,Hardware,2213.89,1672.86,541.03,20,C-00529,Online,101,0.153
2024-07-09,East,Nova,Software,2090.36,1308.38,781.98,20,C-01018,Online,128,0.1433
2024-07-09,East,Pulse,Services,2063.82,1397.12,666.7,16,C-02153,Direct,138,0.1826
2024-07-09,West,Atlas,Hardware,2236.38,1499.99,736.4,18,C-00808,Online,136,0.0426
2024-07-09,West,Nova,Software,2411.62,1650.38,761.24,17,C-00777,Partner,148,0.1736
2024-07-09,West,Pulse,Services,2230.09,1401.75,828.35,27,C-00802,Online,162,0.1031
2024-07-10,North,Atlas,Hardware,1611.45,926.11,685.34,15,C-01995,Partner,106,0.1011
2024-07-10,North,Nova,Software,1780.45,1081.6,698.85,22,C-01237,Direct,119,0.1981
2024-07-10,North,Pulse,Services,2163.37,967.31,1196.06,20,C-02439,Partner,177,0.0971
2024-07-10,South,Atlas,Hardware,1996.63,1122.88,873.74,13,C-00736,Direct,125,0.1838
2024-07-10,South,Nova,Software,1908.79,1347.18,561.6,21,C-00743,Online,127,0.0861
2024-07-10,South,Pulse,Services,1938.62,1494.97,443.65,25,C-00159,Direct,144,0.0934
2024-07-10,East,Atlas,Hardware,1906.26,1238.32,667.94,19,C-00645,Partner,84,0.0453
2024-07-10,East,Nova,Software,2146.07,1559.92,586.15,22,C-01576,Partner,162,0.1634
2024-07-10,East,Pulse,Services,2004.48,1440.89,563.59,23,C-01504,Partner,146,0.0926
2024-07-10,West,Atlas,Hardware,2157.05,1601.96,555.09,24,C-01834,Online,117,0.0895
2024-07-10,West,Nova,Software,1995.96,1493.93,502.03,13,C-01704,Direct,112,0.1793
2024-07-10,West,Pulse,Services,2096.84,1258.21,838.63,13,C-00544,Partner,116,0.0508
2024-07-11,North,Atlas,Hardware,1696.3,1067.16,629.14,18,C-01130,Direct,176,0.0836
2024-07-11,North,Nova,Software,1775.89,1161.75,614.14,24,C-01755,Direct,108,0.1372
2024-07-11,North,Pulse,Services,1800.9,1174.05,626.85,19,C-02462,Online,145,0.0213
2024-07-11,South,Atlas,Hardware,1716.37,1075.86,640.51,22,C-02049,Online,115,0.1518
2024-07-11,South,Nova,Software,2226.97,1321.28,905.69,17,C-01655,Online,145,0.0869
2024-07-11,South,Pulse,Services,1837.56,1279.19,558.38,13,C-00189,Direct,134,0.1626
2024-07-11,East,Atlas,Hardware,1968.61,1200.26,768.35,13,C-01638,Direct,105,0.1624
2024-07-11,East,Nova,Software,1806.14,1151.91,654.23,18,C-00322,Online,97,0.0453
2024-07-11,East,Pulse,Services,1972.45,1359.2,613.25,15,C-00707,Partner,129,0.073
2024-07-11,West,Atlas,Hardware,2257.09,1366.67,890.42,14,C-00959,Online,132,0.1248
2024-07-11,West,Nova,Software,2396.47,1372.96,1023.51,17,C-00603,Online,110,0.1867
2024-07-11,West,Pulse,Services,2042.42,1261.05,781.37,20,C-00912,Online,128,0.0687
2024-07-12,North,Atlas,Hardware,1790.7,1163.56,627.14,13,C-02329,Direct,101,0.1054
2024-07-12,North,Nova,Software,1840.96,1339.42,501.54,21,C-00349,Direct,72,0.1293
2024-07-12,North,Pulse,Services,1990.84,1504.43,486.41,15,C-01274,Direct,125,0.1006
2024-07-12,South,Atlas,Hardware,1707.13,995.22,711.92,14,C-00657,Partner,106,0.0188
2024-07-12,South,Nova,Software,1821.94,1504.97,316.97,17,C-01320,Direct,133,0.1584
2024-07-12,South,Pulse,Services,1754.5,1090.8,663.7,18,C-02144,Partner,113,0.1029
2024-07-12,East,Atlas,Hardware,1860.01,1085.27,774.74,15,C-01839,Direct,118,0.1385
2024-07-12,East,Nova,Software,1988.64,1362.02,626.62,19,C-00197,Partner,128,0.1629
2024-07-12,East,Pulse,Services,2212.74,1254.1,958.64,14,C-02393,Partner,103,0.0913
2024-07-12,West,Atlas,Hardware,2376.66,1360.26,1016.39,18,C-02082,Partner,97,0.1442
2024-07-12,West,Nova,Software,1922.29,1281.58,640.71,21,C-01579,Direct,123,0.186
2024-07-12,West,Pulse,Services,1938.61,1110.71,827.9,17,C-00081,Online,130,0.0
2024-07-13,North,Atlas,Hardware,1881.87,1353.58,528.29,12,C-00501,Partner,102,0.0
2024-07-13,North,Nova,Software,1937.93,1224.98,712.95,24,C-01291,Online,137,0.1323
2024-07-13,North,Pulse,Services,1844.55,1077.49,767.06,17,C-00379,Direct,102,0.1231
2024-07-13,South,Atlas,Hardware,1847.35,1127.56,719.79,24,C-01114,Partner,120,0.1679
2024-07-13,South,Nova,Software,1985.4,1209.34,776.05,12,C-01598,Partner,113,0.1313
2024-07-13,South,Pulse,Services,2004.99,1494.89,510.1,17,C-02183,Online,122,0.1282
2024-07-13,East,Atlas,Hardware,2102.26,1455.44,646.82,10,C-00716,Online,116,0.0796
2024-07-13,East,Nova,Software,1891.83,1153.89,737.94,14,C-01223,Online,150,0.022
2024-07-13,East,Pulse,Services,2142.57,1279.67,862.89,15,C-01614,Partner,101,0.0665
2024-07-13,West,Atlas,Hardware,1933.24,1276.14,657.1,21,C-01551,Partner,70,0.1449
2024-07-13,West,Nova,Software,1999.09,1084.81,914.28,14,C-01267,Online,158,0.1356
2024-07-13,West,Pulse,Services,2237.09,1869.74,367.35,19,C-02204,Partner,87,0.0267
2024-07-14,North,Atlas,Hardware,1855.98,1078.75,777.23,17,C-00970,Online,60,0.1818
2024-07-14,North,Nova,Software,1655.15,1001.41,653.74,17,C-00795,Partner,117,0.1097
2024-07-14,North,Pulse,Services,1801.79,1293.52,508.26,18,C-00129,Partner,113,0.1429
2024-07-14,South,Atlas,Hardware,1932.93,1296.26,636.67,10,C-01963,Partner,115,0.1369
2024-07-14,South,Nova,Software,2113.77,1558.1,555.67,21,C-00589,Partner,74,0.0462
2024-07-14,South,Pulse,Services,1658.9,1084.45,574.44,22,C-01967,Online,163,0.1144
2024-07-14,East,Atlas,Hardware,2098.57,1314.52,784.05,20,C-01799,Online,136,0.1645
2024-07-14,East,Nova,Software,1918.65,1197.17,721.48,11,C-01243,Direct,172,0.1876
2024-07-14,East,Pulse,Services,1949.29,1233.72,715.57,18,C-00623,Partner,109,0.0963
2024-07-14,West,Atlas,Hardware,2211.35,1359.39,851.97,16,C-02015,Online,97,0.1562
2024-07-14,West,Nova,Software,1897.24,1168.28,728.96,27,C-00448,Partner,149,0.0784
2024-07-14,West,Pulse,Services,1988.33,1382.91,605.42,20,C-00920,Online,161,0.1225
2024-07-15,North,Atlas,Hardware,1797.59,1154.55,643.04,18,C-00600,Partner,69,0.0333
2024-07-15,North,Nova,Software,1508.85,1022.45,486.4,17,C-00168,Partner,123,0.1841
2024-07-15,North,Pulse,Services,1761.03,990.96,770.07,14,C-00966,Partner,128,0.0794
2024-07-15,South,Atlas,Hardware,1874.78,1516.54,358.24,12,C-00566,Online,159,0.1325
2024-07-15,South,Nova,Software,2110.94,1496.55,614.39,11,C-00248,Direct,110,0.1327
2024-07-15,South,Pulse,Services,1747.52,1173.74,573.78,19,C-00919,Partner,107,0.1258
2024-07-15,East,Atlas,Hardware,2106.59,1399.46,707.13,25,C-01161,Direct,99,0.1052
2024-07-15,East,Nova,Software,1878.61,1358.47,520.14,24,C-00921,Online,151,0.1081
2024-07-15,East,Pulse,Services,1820.49,1134.73,685.76,25,C-01802,Direct,112,0.0577
2024-07-15,West,Atlas,Hardware,2191.22,1563.57,627.65,23,C-01614,Online,133,0.0502
2024-07-15,West,Nova,Software,2135.65,1143.76,991.89,20,C-00919,Direct,122,0.1486
2024-07-15,West,Pulse,Services,1973.48,1287.45,686.03,16,C-01259,Online,130,0.1978
2024-07-16,North,Atlas,Hardware,2009.1,1208.14,800.96,17,C-02231,Partner,100,0.1688
2024-07-16,North,Nova,Software,1729.93,947.68,782.26,18,C-01081,Direct,110,0.0992
2024-07-16,North,Pulse,Services,2082.24,1524.31,557.93,19,C-00320,Partner,125,0.1237
2024-07-16,South,Atlas,Hardware,2057.86,1316.28,741.59,25,C-00781,Partner,121,0.2219
2024-07-16,South,Nova,Software,1586.47,994.08,592.4,19,C-01156,Direct,136,0.101
2024-07-16,South,Pulse,Services,1960.32,1383.83,576.49,13,C-01380,Online,143,0.1557
2024-07-16,East,Atlas,Hardware,1780.74,1341.14,439.6,23,C-01558,Online,135,0.1052
2024-07-16,East,Nova,Software,1983.01,1326.02,656.99,15,C-00616,Partner,122,0.0653
2024-07-16,East,Pulse,Services,1731.91,1207.59,524.33,17,C-02127,Online,125,0.1462
2024-07-16,West,Atlas,Hardware,2437.14,1607.71,829.44,13,C-01161,Partner,85,0.1386
2024-07-16,West,Nova,Software,2128.24,1426.99,701.25,16,C-01292,Direct,86,0.1075
2024-07-16,West,Pulse,Services,2079.73,1271.1,808.63,17,C-01338,Direct,121,0.0889
2024-07-17,North,Atlas,Hardware,1927.2,1435.31,491.88,12,C-01601,Online,157,0.1225
2024-07-17,North,Nova,Software,1620.36,949.61,670.75,16,C-01360,Direct,121,0.1391
2024-07-17,North,Pulse,Services,2055.39,1336.25,719.13,20,C-00004,Direct,118,0.0476
2024-07-17,South,Atlas,Hardware,1912.21,1211.23,700.99,18,C-00509,Direct,142,0.1348
2024-07-17,South,Nova,Software,2085.85,1316.72,769.13,18,C-02321,Partner,129,0.1251
2024-07-17,South,Pulse,Services,2049.68,1165.94,883.74,15,C-00566,Online,95,0.078
2024-07-17,East,Atlas,Hardware,1822.06,1421.37,400.7,9,C-01907,Direct,106,0.1197
2024-07-17,East,Nova,Software,2240.84,1610.74,630.1,17,C-01229,Online,124,0.1523
2024-07-17,East,Pulse,Services,1922.75,1175.27,747.48,22,C-00871,Online,143,0.1148
2024-07-17,West,Atlas,Hardware,2184.47,1140.91,1043.56,5,C-01880,Online,100,0.1127
2024-07-17,West,Nova,Software,2053.25,1334.47,718.79,18,C-01146,Direct,156,0.1253
2024-07-17,West,Pulse,Services,2220.23,1438.54,781.7,11,C-01074,Direct,112,0.1236
2024-07-18,North,Atlas,Hardware,1719.93,1219.17,500.76,23,C-01439,Direct,110,0.0753
2024-07-18,North,Nova,Software,1863.02,1277.81,585.21,16,C-01215,Direct,125,0.1029
2024-07-18,North,Pulse,Services,1729.03,1113.99,615.04,14,C-00337,Online,142,0.1014
2024-07-18,South,Atlas,Hardware,1971.55,1170.56,801.0,14,C-01811,Direct,125,0.113
2024-07-18,South,Nova,Software,1620.12,1023.64,596.48,9,C-00479,Online,109,0.1371
2024-07-18,South,Pulse,Services,1701.77,831.9,869.87,21,C-01127,Partner,115,0.1287
2024-07-18,East,Atlas,Hardware,1846.15,969.12,877.03,17,C-02039,Partner,104,0.1259
2024-07-18,East,Nova,Software,1983.25,1382.63,600.62,15,C-00409,Partner,93,0.0868
2024-07-18,East,Pulse,Services,1930.06,1384.51,545.55,18,C-00548,Online,132,0.0834
2024-07-18,West,Atlas,Hardware,2134.88,1534.34,600.54,17,C-01933,Partner,103,0.1752
2024-07-18,West,Nova,Software,2195.83,1638.46,557.36,13,C-01044,Direct,112,0.0903
2024-07-18,West,Pulse,Services,2324.54,1355.6,968.94,15,C-00909,Online,120,0.1544
2024-07-19,North,Atlas,Hardware,1710.34,1123.9,586.43,17,C-02142,Online,57,0.1821
2024-07-19,North,Nova,Software,1532.41,890.97,641.44,26,C-00040,Online,156,0.0981
2024-07-19,North,Pulse,Services,1966.17,1448.39,517.78,14,C-01945,Online,76,0.1087
2024-07-19,South,Atlas,Hardware,1841.84,1244.02,597.83,14,C-00434,Partner,88,0.0974
2024-07-19,South,Nova,Software,1999.97,1292.61,707.36,16,C-01686,Partner,150,0.1535
2024-07-19,South,Pulse,Services,1835.94,1218.95,616.99,20,C-01459,Direct,155,0.0248
2024-07-19,East,Atlas,Hardware,1842.4,1335.71,506.7,15,C-00319,Online,136,0.0909
2024-07-19,East,Nova,Software,1853.1,1236.3,616.8,21,C-01045,Online,124,0.1718
2024-07-19,East,Pulse,Services,2066.51,1385.31,681.2,12,C-01154,Online,136,0.19
2024-07-19,West,Atlas,Hardware,1993.44,1066.29,927.15,14,C-00922,Partner,92,0.1511
2024-07-19,West,Nova,Software,2220.23,1676.42,543.81,13,C-00922,Partner,129,0.0811
2024-07-19,West,Pulse,Services,2302.07,1402.85,899.22,17,C-01222,Online,100,0.0815
2024-07-20,North,Atlas,Hardware,1649.34,1111.91,537.44,13,C-00173,Partner,93,0.1265
2024-07-20,North,Nova,Software,1749.16,931.71,817.44,15,C-00186,Direct,126,0.0751
2024-07-20,North,Pulse,Services,1925.32,1086.32,838.99,23,C-00928,Online,99,0.1491
2024-07-20,South,Atlas,Hardware,1646.38,1282.28,364.1,11,C-01354,Online,191,0.0802
2024-07-20,South,Nova,Software,2168.61,1337.97,830.63,22,C-00293,Direct,127,0.2161
2024-07-20,South,Pulse,Services,1892.32,1028.6,863.72,20,C-00417,Online,103,0.1167
2024-07-20,East,Atlas,Hardware,1916.87,1204.42,712.45,20,C-01527,Online,124,0.1036
2024-07-20,East,Nova,Software,1989.47,1391.52,597.95,19,C-02166,Online,87,0.1171
2024-07-20,East,Pulse,Services,1782.06,1043.88,738.18,14,C-00241,Direct,103,0.0858
2024-07-20,West,Atlas,Hardware,2003.34,1116.7,886.63,10,C-00503,Direct,128,0.1521
2024-07-20,West,Nova,Software,2135.98,1285.47,850.51,21,C-01884,Partner,126,0.033
2024-07-20,West,Pulse,Services,2126.38,1250.41,875.97,18,C-02135,Direct,160,0.1372
2024-07-21,North,Atlas,Hardware,1577.85,1125.6,452.25,17,C-00671,Partner,117,0.0974
2024-07-21,North,Nova,Software,1973.21,865.58,1107.64,19,C-01284,Partner,94,0.1249
2024-07-21,North,Pulse,Services,1660.34,899.01,761.33,22,C-01612,Direct,138,0.1764
2024-07-21,South,Atlas,Hardware,1841.1,1139.09,702.0,24,C-01500,Direct,135,0.1238
2024-07-21,South,Nova,Software,2124.69,1578.4,546.29,25,C-00377,Online,74,0.1009
2024-07-21,South,Pulse,Services,1608.84,1087.63,521.21,20,C-01881,Partner,153,0.0726
2024-07-21,East,Atlas,Hardware,2112.55,1441.06,671.49,17,C-00083,Online,113,0.1135
2024-07-21,East,Nova,Software,2058.66,1288.53,770.14,12,C-00817,Direct,139,0.1315
2024-07-21,East,Pulse,Services,1994.03,1347.62,646.41,16,C-02017,Online,134,0.1263
2024-07-21,West,Atlas,Hardware,2327.37,1582.07,745.31,21,C-00150,Online,114,0.0342
2024-07-21,West,Nova,Software,2111.51,1443.99,667.52,16,C-00424,Partner,138,0.1414
2024-07-21,West,Pulse,Services,1962.06,1461.67,500.4,23,C-00589,Direct,119,0.1475
2024-07-22,North,Atlas,Hardware,1685.93,1217.2,468.73,15,C-02024,Partner,119,0.1721
2024-07-22,North,Nova,Software,1797.71,1420.18,377.53,18,C-00991,Partner,140,0.143
2024-07-22,North,Pulse,Services,1854.85,1258.98,595.87,20,C-01002,Partner,158,0.1026
2024-07-22,South,Atlas,Hardware,1846.93,1232.27,614.66,15,C-01553,Direct,121,0.0629
2024-07-22,South,Nova,Software,1794.95,1003.03,791.92,17,C-00647,Direct,128,0.0705
2024-07-22,South,Pulse,Services,1733.14,1095.18,637.96,16,C-00596,Direct,117,0.1347
2024-07-22,East,Atlas,Hardware,2370.03,1357.15,1012.88,22,C-01601,Online,105,0.0759
2024-07-22,East,Nova,Software,2109.02,1230.73,878.29,24,C-00855,Direct,83,0.0946
2024-07-22,East,Pulse,Services,2045.4,1281.58,763.82,14,C-01810,Partner,114,0.1203
2024-07-22,West,Atlas,Hardware,2323.75,1225.16,1098.59,14,C-02208,Direct,136,0.0956
2024-07-22,West,Nova,Software,1899.18,1307.14,592.05,13,C-01728,Direct,57,0.1241
2024-07-22,West,Pulse,Services,2145.76,1320.41,825.35,24,C-00025,Online,137,0.0315
2024-07-23,North,Atlas,Hardware,1665.06,1010.05,655.02,24,C-00579,Direct,83,0.0736
2024-07-23,North,Nova,Software,1727.9,1047.82,680.08,11,C-01884,Partner,120,0.0833
2024-07-23,North,Pulse,Services,1816.39,1270.81,545.58,19,C-00500,Partner,125,0.0701
2024-07-23,South,Atlas,Hardware,1856.32,1218.93,637.38,13,C-02500,Online,103,0.1756
2024-07-23,South,Nova,Software,1905.57,1096.21,809.35,25,C-00238,Online,120,0.1183
2024-07-23,South,Pulse,Services,1756.57,985.99,770.59,16,C-01269,Partner,131,0.0877
2024-07-23,East,Atlas,Hardware,2019.0,1184.54,834.46,16,C-00482,Online,134,0.0964
2024-07-23,East,Nova,Software,2044.29,1456.86,587.42,17,C-01013,Online,114,0.1668
2024-07-23,East,Pulse,Services,2264.96,1453.46,811.5,19,C-01329,Direct,141,0.136
2024-07-23,West,Atlas,Hardware,2186.95,1210.79,976.16,23,C-01636,Online,87,0.1498
2024-07-23,West,Nova,Software,2092.99,1543.7,549.29,25,C-00612,Online,99,0.0843
2024-07-23,West,Pulse,Services,2232.02,1328.09,903.94,27,C-00478,Partner,152,0.1135
2024-07-24,North,Atlas,Hardware,1528.9,912.74,616.16,16,C-00273,Direct,81,0.0563
2024-07-24,North,Nova,Software,1737.51,921.68,815.83,15,C-00297,Partner,123,0.149
2024-07-24,North,Pulse,Services,1631.74,1127.22,504.52,17,C-00184,Online,147,0.1395
2024-07-24,South,Atlas,Hardware,2180.51,1247.36,933.14,17,C-01448,Partner,105,0.0608
2024-07-24,South,Nova,Software,1866.3,1056.14,810.16,13,C-01806,Direct,151,0.094
2024-07-24,South,Pulse,Services,1878.45,1085.69,792.76,23,C-01777,Partner,146,0.0646
2024-07-24,East,Atlas,Hardware,2012.28,1108.87,903.42,13,C-02375,Partner,148,0.0314
2024-07-24,East,Nova,Software,1874.52,1238.61,635.91,16,C-02282,Online,123,0.125
2024-07-24,East,Pulse,Services,1885.33,1263.27,622.06,21,C-00093,Direct,128,0.0718
2024-07-24,West,Atlas,Hardware,1987.98,1170.67,817.31,11,C-00258,Direct,122,0.0118
2024-07-24,West,Nova,Software,2374.99,1700.49,674.5,14,C-02121,Partner,94,0.1317
2024-07-24,West,Pulse,Services,2040.46,1086.86,953.6,18,C-00075,Direct,114,0.1095
2024-07-25,North,Atlas,Hardware,1630.23,967.94,662.3,20,C-00194,Direct,106,0.0997
2024-07-25,North,Nova,Software,1868.99,1390.64,478.35,11,C-00414,Partner,144,0.15
2024-07-25,North,Pulse,Services,1876.66,1472.83,403.83,14,C-00623,Direct,140,0.021
2024-07-25,South,Atlas,Hardware,2099.19,1422.47,676.72,12,C-00090,Direct,131,0.1194
2024-07-25,South,Nova,Software,1945.9,1070.39,875.51,21,C-00789,Partner,138,0.1077
2024-07-25,South,Pulse,Services,1718.55,1355.09,363.47,18,C-00583,Partner,90,0.0826
2024-07-25,East,Atlas,Hardware,2110.04,1215.04,895.0,19,C-01102,Online,100,0.0752
2024-07-25,East,Nova,Software,2096.46,1399.73,696.73,17,C-02237,Online,102,0.1183
2024-07-25,East,Pulse,Services,1879.36,1182.62,696.74,15,C-00971,Online,100,0.1088
2024-07-25,West,Atlas,Hardware,2243.85,1292.38,951.47,18,C-01621,Online,99,0.1025
2024-07-25,West,Nova,Software,2139.02,1393.45,745.57,16,C-02439,Partner,130,0.0988
2024-07-25,West,Pulse,Services,1915.63,1322.72,592.91,14,C-01734,Online,78,0.1236
2024-07-26,North,Atlas,Hardware,1770.13,1015.11,755.03,24,C-01920,Online,125,0.067
2024-07-26,North,Nova,Software,1902.91,880.67,1022.24,23,C-00737,Partner,134,0.0346
2024-07-26,North,Pulse,Services,1951.53,1088.37,863.16,17,C-01456,Direct,126,0.082
2024-07-26,South,Atlas,Hardware,1794.51,1103.21,691.3,17,C-02133,Online,105,0.1164
2024-07-26,South,Nova,Software,1746.31,1190.04,556.28,20,C-00125,Direct,125,0.1177
2024-07-26,South,Pulse,Services,1770.69,1245.75,524.94,19,C-02136,Partner,110,0.0378
2024-07-26,East,Atlas,Hardware,2230.73,1397.16,833.58,19,C-01389,Online,134,0.0231
2024-07-26,East,Nova,Software,2029.35,1403.82,625.53,3,C-02430,Partner,136,0.0512
2024-07-26,East,Pulse,Services,1845.49,1241.86,603.63,12,C-00818,Partner,133,0.1058
2024-07-26,West,Atlas,Hardware,2033.22,1340.08,693.15,18,C-01016,Partner,124,0.1051
2024-07-26,West,Nova,Software,1868.24,1155.07,713.17,15,C-01303,Online,91,0.1708
2024-07-26,West,Pulse,Services,2126.22,1602.74,523.48,11,C-01087,Partner,100,0.0831
2024-07-27,North,Atlas,Hardware,1557.59,1181.47,376.13,15,C-00624,Online,87,0.2087
2024-07-27,North,Nova,Software,1661.45,1146.13,515.32,23,C-02084,Direct,127,0.104
2024-07-27,North,Pulse,Services,1940.14,1354.52,585.61,21,C-00095,Online,125,0.128
2024-07-27,South,Atlas,Hardware,1884.4,1129.15,755.26,19,C-00853,Direct,90,0.1607
2024-07-27,South,Nova,Software,1944.11,1317.32,626.79,23,C-00560,Direct,95,0.0909
2024-07-27,South,Pulse,Services,2010.68,1286.67,724.0,19,C-02118,Partner,153,0.1025
2024-07-27,East,Atlas,Hardware,2180.06,1511.34,668.72,16,C-00340,Partner,147,0.1619
2024-07-27,East,Nova,Software,1992.6,1302.09,690.5,19,C-02154,Partner,101,0.1428
2024-07-27,East,Pulse,Services,1891.23,1398.17,493.06,21,C-01881,Partner,85,0.0784
2024-07-27,West,Atlas,Hardware,2235.66,1118.35,1117.32,23,C-01205,Partner,133,0.1722
2024-07-27,West,Nova,Software,2282.26,1296.23,986.02,19,C-00271,Direct,100,0.1743
2024-07-27,West,Pulse,Services,2314.6,1147.29,1167.31,9,C-00203,Partner,107,0.0333
2024-07-28,North,Atlas,Hardware,1930.34,1300.31,630.03,18,C-01166,Direct,170,0.0748
2024-07-28,North,Nova,Software,1748.68,1038.88,709.8,11,C-02467,Direct,104,0.0
2024-07-28,North,Pulse,Services,1650.75,1083.06,567.7,23,C-01583,Direct,129,0.0579
2024-07-28,South,Atlas,Hardware,1923.9,1456.95,466.95,21,C-01732,Online,167,0.0626
2024-07-28,South,Nova,Software,2049.55,1388.18,661.36,21,C-00762,Direct,105,0.1202
2024-07-28,South,Pulse,Services,1999.93,1419.87,580.05,20,C-00239,Direct,148,0.1117
2024-07-28,East,Atlas,Hardware,2130.86,1306.86,824.0,24,C-02415,Direct,90,0.1062
2024-07-28,East,Nova,Software,2047.99,1145.42,902.57,15,C-01777,Partner,129,0.1416
2024-07-28,East,Pulse,Services,1876.72,1263.18,613.55,18,C-02424,Direct,105,0.1367
2024-07-28,West,Atlas,Hardware,2073.34,1335.25,738.09,21,C-01180,Direct,161,0.1736
2024-07-28,West,Nova,Software,2249.4,1419.6,829.8,18,C-00904,Online,109,0.1438
2024-07-28,West,Pulse,Services,2065.54,1349.9,715.64,26,C-00281,Online,139,0.1379
2024-07-29,North,Atlas,Hardware,1923.52,1503.34,420.18,19,C-01525,Online,130,0.1128
2024-07-29,North,Nova,Software,1888.26,1202.01,686.25,17,C-00806,Online,130,0.1083
2024-07-29,North,Pulse,Services,2055.64,1235.12,820.53,18,C-00951,Online,130,0.1145
2024-07-29,South,Atlas,Hardware,1668.0,1205.69,462.31,14,C-00012,Partner,143,0.0764
2024-07-29,South,Nova,Software,2012.55,1204.17,808.38,16,C-02491,Online,117,0.0803
2024-07-29,South,Pulse,Services,1731.6,989.72,741.88,28,C-01423,Direct,129,0.1167
2024-07-29,East,Atlas,Hardware,2241.37,1515.36,726.01,23,C-00561,Partner,68,0.2089
2024-07-29,East,Nova,Software,2000.25,1200.66,799.59,21,C-00100,Direct,144,0.0881
2024-07-29,East,Pulse,Services,2038.97,1452.31,586.65,18,C-01311,Partner,97,0.1526
2024-07-29,West,Atlas,Hardware,2146.26,1312.39,833.86,28,C-02139,Direct,150,0.1315
2024-07-29,West,Nova,Software,1898.79,1200.76,698.03,14,C-02035,Direct,113,0.2025
2024-07-29,West,Pulse,Services,2221.79,1426.52,795.27,17,C-00015,Direct,84,0.0944
2024-07-30,North,Atlas,Hardware,2036.57,1323.78,712.8,18,C-00546,Direct,173,0.0852
2024-07-30,North,Nova,Software,1448.19,941.98,506.21,13,C-00317,Partner,124,0.1196
2024-07-30,North,Pulse,Services,1762.65,1230.73,531.92,15,C-00595,Partner,147,0.0509
2024-07-30,South,Atlas,Hardware,2103.82,1430.93,672.89,22,C-00918,Direct,118,0.1464
2024-07-30,South,Nova,Software,1793.88,981.43,812.44,15,C-01199,Partner,149,0.1813
2024-07-30,South,Pulse,Services,2061.78,1147.51,914.27,25,C-00200,Online,152,0.1067
2024-07-30,East,Atlas,Hardware,2037.45,1317.89,719.57,17,C-01019,Online,111,0.0715
2024-07-30,East,Nova,Software,1775.17,1083.62,691.55,20,C-01020,Online,118,0.2059
2024-07-30,East,Pulse,Services,1939.2,1294.01,645.19,22,C-02239,Online,131,0.1419
2024-07-30,West,Atlas,Hardware,1820.56,1064.35,756.21,14,C-00574,Partner,143,0.103
2024-07-30,West,Nova,Software,2270.58,1918.52,352.06,14,C-00303,Direct,125,0.1829
2024-07-30,West,Pulse,Services,2100.71,1258.41,842.3,21,C-01887,Partner,113,0.1074
2024-07-31,North,Atlas,Hardware,1804.9,1312.68,492.22,22,C-00204,Partner,89,0.1209
2024-07-31,North,Nova,Software,1748.98,1197.06,551.92,20,C-00210,Direct,128,0.1023
2024-07-31,North,Pulse,Services,1776.99,1014.78,762.21,17,C-01447,Partner,135,0.0132
2024-07-31,South,Atlas,Hardware,2044.4,1219.53,824.87,22,C-00612,Online,81,0.133
2024-07-31,South,Nova,Software,1992.99,1288.07,704.92,23,C-01002,Direct,130,0.1108
2024-07-31,South,Pulse,Services,1722.67,914.06,808.61,16,C-01637,Online,129,0.1386
2024-07-31,East,Atlas,Hardware,2050.69,1500.01,550.69,20,C-00629,Partner,109,0.1763
2024-07-31,East,Nova,Software,2105.46,1298.4,807.05,23,C-00432,Partner,156,0.1244
2024-07-31,East,Pulse,Services,1883.83,1237.33,646.5,13,C-01225,Direct,102,0.0991
2024-07-31,West,Atlas,Hardware,2116.22,1259.61,856.61,22,C-02097,Direct,105,0.1085
2024-07-31,West,Nova,Software,2079.93,1443.72,636.21,26,C-00038,Direct,74,0.1056
2024-07-31,West,Pulse,Services,1869.3,1303.06,566.25,12,C-01249,Online,99,0.1551
2024-08-01,North,Atlas,Hardware,1992.15,1414.57,577.58,22,C-01652,Direct,161,0.102
2024-08-01,North,Nova,Software,1971.99,1336.68,635.3,14,C-02343,Direct,83,0.1096
2024-08-01,North,Pulse,Services,1553.57,966.25,587.31,20,C-01998,Partner,98,0.068
2024-08-01,South,Atlas,Hardware,1923.8,1191.43,732.37,29,C-00132,Online,140,0.1235
2024-08-01,South,Nova,Software,1881.0,1489.88,391.12,10,C-00273,Online,128,0.1284
2024-08-01,South,Pulse,Services,1759.23,974.7,784.53,14,C-02156,Partner,137,0.231
2024-08-01,East,Atlas,Hardware,1785.54,1190.24,595.29,15,C-01692,Online,142,0.0501
2024-08-01,East,Nova,Software,1858.13,1103.22,754.91,22,C-01511,Online,71,0.1382
2024-08-01,East,Pulse,Services,1957.58,1461.61,495.97,22,C-00375,Online,89,0.1052
2024-08-01,West,Atlas,Hardware,2028.96,1250.49,778.46,9,C-01018,Online,148,0.1283
2024-08-01,West,Nova,Software,1986.46,1230.02,756.43,24,C-01781,Partner,147,0.1307
2024-08-01,West,Pulse,Services,2318.21,1681.0,637.2,19,C-01108,Direct,116,0.0915
2024-08-02,North,Atlas,Hardware,1753.11,1055.69,697.42,6,C-01543,Direct,84,0.0753
2024-08-02,North,Nova,Software,1463.47,870.51,592.96,23,C-00264,Direct,136,0.1513
2024-08-02,North,Pulse,Services,1766.19,1077.57,688.62,15,C-02242,Direct,111,0.1294
2024-08-02,South,Atlas,Hardware,1819.39,1281.39,538.0,12,C-01445,Partner,112,0.0416
2024-08-02,South,Nova,Software,2185.43,1125.57,1059.87,15,C-00819,Partner,143,0.0962
2024-08-02,South,Pulse,Services,1947.7,1450.26,497.44,10,C-01213,Online,163,0.0
2024-08-02,East,Atlas,Hardware,2020.14,1378.93,641.21,22,C-01683,Direct,124,0.1328
2024-08-02,East,Nova,Software,1974.83,1283.0,691.83,14,C-01667,Online,139,0.1368
2024-08-02,East,Pulse,Services,1773.04,1095.95,677.09,26,C-02327,Online,176,0.1116
2024-08-02,West,Atlas,Hardware,2216.73,1407.84,808.89,16,C-01083,Partner,31,0.081
2024-08-02,West,Nova,Software,1986.44,1277.09,709.35,15,C-00051,Partner,108,0.1098
2024-08-02,West,Pulse,Services,2290.56,1431.81,858.75,20,C-00767,Partner,100,0.1126
2024-08-03,North,Atlas,Hardware,1846.64,1091.6,755.05,18,C-01570,Direct,138,0.1143
2024-08-03,North,Nova,Software,1702.67,908.96,793.72,8,C-01186,Online,104,0.0576
2024-08-03,North,Pulse,Services,1540.48,1088.0,452.48,19,C-00384,Direct,134,0.0942
2024-08-03,South,Atlas,Hardware,1884.54,1390.97,493.57,14,C-00267,Partner,94,0.0603
2024-08-03,South,Nova,Software,1877.98,1230.32,647.66,21,C-00997,Direct,95,0.0919
2024-08-03,South,Pulse,Services,1885.98,1006.54,879.44,20,C-01663,Partner,146,0.1578
2024-08-03,East,Atlas,Hardware,2032.38,988.29,1044.09,16,C-01141,Direct,68,0.1406
2024-08-03,East,Nova,Software,2173.48,1448.19,725.29,15,C-00491,Online,131,0.18
2024-08-03,East,Pulse,Services,2152.06,1087.07,1064.99,16,C-02288,Partner,123,0.0882
2024-08-03,West,Atlas,Hardware,2215.92,1243.83,972.1,21,C-01499,Direct,130,0.0892
2024-08-03,West,Nova,Software,2100.96,1341.47,759.49,16,C-02057,Online,170,0.0747
2024-08-03,West,Pulse,Services,1901.44,1363.01,538.43,20,C-00039,Direct,120,0.0405
2024-08-04,North,Atlas,Hardware,1831.4,836.39,995.02,17,C-00648,Direct,146,0.1317
2024-08-04,North,Nova,Software,1846.17,1365.74,480.44,19,C-01924,Partner,112,0.1234
2024-08-04,North,Pulse,Services,1423.39,842.42,580.98,22,C-00905,Direct,113,0.154
2024-08-04,South,Atlas,Hardware,1863.86,1266.27,597.59,13,C-01085,Direct,103,0.1075
2024-08-04,South,Nova,Software,1997.22,1047.78,949.44,15,C-01262,Partner,127,0.0652
2024-08-04,South,Pulse,Services,1926.0,1315.87,610.14,18,C-00013,Online,111,0.1553
2024-08-04,East,Atlas,Hardware,1749.26,988.82,760.44,21,C-02476,Direct,112,0.1197
2024-08-04,East,Nova,Software,1675.51,1206.95,468.57,20,C-01568,Direct,131,0.1558
2024-08-04,East,Pulse,Services,2330.32,1338.69,991.63,20,C-02003,Direct,113,0.155
2024-08-04,West,Atlas,Hardware,2094.42,1477.5,616.92,13,C-02429,Direct,96,0.1248
2024-08-04,West,Nova,Software,2312.68,1504.72,807.96,16,C-00676,Online,121,0.1493
2024-08-04,West,Pulse,Services,1998.88,1449.03,549.86,18,C-00583,Direct,101,0.0649
2024-08-05,North,Atlas,Hardware,1568.08,1051.79,516.29,28,C-00544,Partner,161,0.0872
2024-08-05,North,Nova,Software,1568.67,1272.63,296.04,23,C-01574,Direct,151,0.1038
2024-08-05,North,Pulse,Services,1951.06,1113.89,837.17,25,C-00669,Partner,119,0.1101
2024-08-05,South,Atlas,Hardware,2112.44,1172.0,940.44,18,C-00304,Online,155,0.1367
2024-08-05,South,Nova,Software,1851.61,1004.4,847.21,22,C-00673,Online,111,0.0439
2024-08-05,South,Pulse,Services,1892.61,1170.11,722.49,20,C-00696,Direct,154,0.1058
2024-08-05,East,Atlas,Hardware,2114.88,1261.04,853.84,15,C-00431,Direct,133,0.0551
2024-08-05,East,Nova,Software,1984.32,1001.98,982.34,18,C-00341,Online,128,0.1316
2024-08-05,East,Pulse,Services,2070.73,1153.32,917.4,16,C-00866,Direct,122,0.0781
2024-08-05,West,Atlas,Hardware,1856.0,1074.9,781.11,16,C-01670,Direct,110,0.191
2024-08-05,West,Nova,Software,2343.52,1457.3,886.22,23,C-00553,Partner,87,0.0727
2024-08-05,West,Pulse,Services,2222.53,1412.56,809.96,18,C-01026,Online,149,0.1069
2024-08-06,North,Atlas,Hardware,1617.18,1109.27,507.91,16,C-00944,Online,138,0.1471
2024-08-06,North,Nova,Software,1682.9,972.58,710.32,20,C-00086,Partner,122,0.0839
2024-08-06,North,Pulse,Services,1545.33,1058.18,487.15,10,C-01781,Online,101,0.1485
2024-08-06,South,Atlas,Hardware,1998.51,1322.99,675.52,28,C-01854,Online,118,0.2025
2024-08-06,South,Nova,Software,1930.08,1267.03,663.05,24,C-00561,Online,104,0.0534
2024-08-06,South,Pulse,Services,1985.15,1399.56,585.58,16,C-02436,Direct,125,0.063
2024-08-06,East,Atlas,Hardware,1863.25,1233.9,629.35,20,C-01893,Partner,94,0.1011
2024-08-06,East,Nova,Software,2032.47,1239.49,792.98,14,C-00321,Partner,89,0.1348
2024-08-06,East,Pulse,Services,1934.02,1254.81,679.21,19,C-00160,Partner,134,0.12
2024-08-06,West,Atlas,Hardware,2228.01,1415.58,812.43,23,C-00560,Direct,45,0.0396
2024-08-06,West,Nova,Software,1905.8,1209.61,696.19,21,C-00924,Online,144,0.1333
2024-08-06,West,Pulse,Services,2029.07,1238.79,790.28,16,C-02482,Online,111,0.2082
2024-08-07,North,Atlas,Hardware,1870.6,894.41,976.2,21,C-01509,Partner,110,0.1085
2024-08-07,North,Nova,Software,1632.66,893.79,738.86,16,C-01547,Online,161,0.0996
2024-08-07,North,Pulse,Services,1977.09,1318.44,658.65,23,C-02360,Partner,106,0.1368
2024-08-07,South,Atlas,Hardware,1812.3,1104.76,707.54,8,C-01722,Partner,135,0.0812
2024-08-07,South,Nova,Software,1744.6,1003.9,740.7,8,C-01566,Direct,73,0.1304
2024-08-07,South,Pulse,Services,1608.79,1207.83,400.96,8,C-02218,Partner,111,0.0978
2024-08-07,East,Atlas,Hardware,1785.31,1302.11,483.2,13,C-00579,Online,152,0.0927
2024-08-07,East,Nova,Software,1869.52,1063.73,805.79,13,C-02137,Direct,75,0.1067
2024-08-07,East,Pulse,Services,2061.07,1407.72,653.34,26,C-02468,Partner,104,0.1661
2024-08-07,West,Atlas,Hardware,2055.85,1138.02,917.84,25,C-02101,Partner,141,0.1132
2024-08-07,West,Nova,Software,2086.24,1523.75,562.48,17,C-01205,Partner,135,0.2344
2024-08-07,West,Pulse,Services,2240.07,1300.01,940.06,27,C-01019,Direct,82,0.1125
2024-08-08,North,Atlas,Hardware,1974.28,1007.0,967.28,23,C-00054,Direct,123,0.1201
2024-08-08,North,Nova,Software,1608.59,1018.32,590.27,18,C-02083,Partner,93,0.1616
2024-08-08,North,Pulse,Services,1653.47,1005.9,647.57,20,C-02314,Online,72,0.1902
2024-08-08,South,Atlas,Hardware,1900.54,1391.48,509.06,23,C-01958,Direct,116,0.2208
2024-08-08,South,Nova,Software,1997.71,1329.09,668.63,16,C-00043,Online,120,0.1905
2024-08-08,South,Pulse,Services,1897.21,1190.59,706.62,13,C-01490,Online,108,0.1242
2024-08-08,East,Atlas,Hardware,2011.49,1448.37,563.12,18,C-01684,Online,100,0.0782
2024-08-08,East,Nova,Software,2138.35,1467.55,670.8,24,C-02312,Direct,153,0.1158
2024-08-08,East,Pulse,Services,1914.11,1200.16,713.95,16,C-00037,Partner,135,0.1865
2024-08-08,West,Atlas,Hardware,1804.65,1040.81,763.84,10,C-01214,Direct,114,0.0969
2024-08-08,West,Nova,Software,2024.88,1418.74,606.15,19,C-00441,Partner,162,0.1674
2024-08-08,West,Pulse,Services,2052.18,1244.58,807.59,20,C-00301,Online,137,0.1494
2024-08-09,North,Atlas,Hardware,1609.36,1020.39,588.96,16,C-01677,Online,113,0.0559
2024-08-09,North,Nova,Software,1679.39,1158.45,520.94,17,C-01678,Partner,143,0.0798
2024-08-09,North,Pulse,Services,1522.25,1111.82,410.43,23,C-01788,Direct,110,0.1719
2024-08-09,South,Atlas,Hardware,1853.07,1216.65,636.42,9,C-02200,Direct,103,0.1716
2024-08-09,South,Nova,Software,1959.6,1241.72,717.88,16,C-00965,Direct,120,0.1716
2024-08-09,South,Pulse,Services,1998.74,1105.84,892.9,26,C-00715,Direct,137,0.1981
2024-08-09,East,Atlas,Hardware,2036.88,1302.74,734.14,10,C-01363,Online,120,0.2093
2024-08-09,East,Nova,Software,1828.01,1107.53,720.48,12,C-01449,Direct,102,0.0908
2024-08-09,East,Pulse,Services,1826.23,1194.45,631.77,20,C-01706,Partner,165,0.0883
2024-08-09,West,Atlas,Hardware,2180.6,1403.25,777.35,17,C-01257,Partner,95,0.1302
2024-08-09,West,Nova,Software,2204.03,1015.5,1188.53,27,C-02330,Online,87,0.1086
2024-08-09,West,Pulse,Services,2154.18,1345.63,808.55,14,C-01601,Partner,121,0.1292
2024-08-10,North,Atlas,Hardware,1595.19,992.32,602.88,24,C-00532,Direct,114,0.1392
2024-08-10,North,Nova,Software,1515.82,939.01,576.81,17,C-00458,Direct,135,0.1008
2024-08-10,North,Pulse,Services,1812.02,1227.39,584.62,11,C-00705,Direct,153,0.148
2024-08-10,South,Atlas,Hardware,1865.36,1109.59,755.77,13,C-01511,Partner,97,0.108
2024-08-10,South,Nova,Software,1827.97,1426.31,401.67,14,C-02165,Partner,77,0.1973
2024-08-10,South,Pulse,Services,2073.92,1180.99,892.94,11,C-00290,Direct,97,0.0972
2024-08-10,East,Atlas,Hardware,1996.87,1353.68,643.19,25,C-01538,Online,99,0.1701
2024-08-10,East,Nova,Software,1908.8,1217.98,690.83,17,C-00392,Direct,155,0.1454
2024-08-10,East,Pulse,Services,1870.01,1377.23,492.79,19,C-01445,Online,123,0.1289
2024-08-10,West,Atlas,Hardware,2018.1,1351.91,666.19,18,C-00855,Direct,184,0.237
2024-08-10,West,Nova,Software,2236.46,1489.31,747.16,31,C-01486,Direct,96,0.1332
2024-08-10,West,Pulse,Services,2054.7,1211.61,843.09,19,C-00740,Partner,122,0.0242
2024-08-11,North,Atlas,Hardware,1981.19,1418.78,562.41,27,C-00325,Online,134,0.0714
2024-08-11,North,Nova,Software,1860.45,1158.93,701.52,19,C-01326,Direct,104,0.085
2024-08-11,North,Pulse,Services,1796.47,1135.88,660.59,23,C-01816,Direct,120,0.0775
2024-08-11,South,Atlas,Hardware,1809.48,1191.39,618.1,18,C-00205,Partner,127,0.1154
2024-08-11,South,Nova,Software,1848.79,1363.9,484.89,17,C-01228,Partner,115,0.0938
2024-08-11,South,Pulse,Services,1949.46,1545.75,403.71,16,C-01998,Direct,93,0.0209
2024-08-11,East,Atlas,Hardware,2023.08,1205.82,817.26,25,C-01416,Online,126,0.1263
2024-08-11,East,Nova,Software,1784.06,1390.03,394.02,17,C-01418,Online,154,0.048
2024-08-11,East,Pulse,Services,2064.81,1439.04,625.77,28,C-01746,Direct,156,0.1265
2024-08-11,West,Atlas,Hardware,2072.9,1419.71,653.19,14,C-01016,Direct,148,0.1339
2024-08-11,West,Nova,Software,1839.59,1145.04,694.55,15,C-01369,Online,137,0.1501
2024-08-11,West,Pulse,Services,2061.48,1134.97,926.52,10,C-01457,Online,184,0.0587
2024-08-12,North,Atlas,Hardware,1815.54,1263.09,552.46,23,C-02147,Direct,148,0.1434
2024-08-12,North,Nova,Software,1769.66,1034.21,735.45,15,C-01415,Online,132,0.27
2024-08-12,North,Pulse,Services,1624.03,889.96,734.07,17,C-02331,Online,166,0.1002
2024-08-12,South,Atlas,Hardware,1849.16,1352.34,496.83,15,C-01805,Partner,139,0.1228
2024-08-12,South,Nova,Software,1853.23,1317.35,535.87,18,C-00090,Partner,121,0.1653
2024-08-12,South,Pulse,Services,1820.83,1037.23,783.6,18,C-01515,Online,82,0.1728
2024-08-12,East,Atlas,Hardware,1737.95,1139.28,598.67,18,C-01114,Partner,108,0.1024
2024-08-12,East,Nova,Software,2263.76,1742.73,521.03,23,C-01322,Online,123,0.1293
2024-08-12,East,Pulse,Services,1789.82,909.19,880.63,18,C-01933,Online,134,0.0777
2024-08-12,West,Atlas,Hardware,2164.82,1386.59,778.23,20,C-01045,Direct,104,0.0691
2024-08-12,West,Nova,Software,2106.77,1427.76,679.0,21,C-02200,Partner,137,0.1828
2024-08-12,West,Pulse,Services,1958.43,1654.08,304.35,16,C-01974,Partner,102,0.1411
2024-08-13,North,Atlas,Hardware,1632.47,1021.53,610.94,22,C-01077,Online,119,0.2164
2024-08-13,North,Nova,Software,1797.97,1141.52,656.44,19,C-02133,Direct,145,0.1898
2024-08-13,North,Pulse,Services,1535.91,837.53,698.38,15,C-01052,Direct,166,0.0035
2024-08-13,South,Atlas,Hardware,1924.95,1470.37,454.58,18,C-00007,Partner,90,0.1109
2024-08-13,South,Nova,Software,1947.29,1316.96,630.33,16,C-00296,Online,112,0.1287
2024-08-13,South,Pulse,Services,1706.59,1033.57,673.02,12,C-00293,Online,88,0.0759
2024-08-13,East,Atlas,Hardware,2252.17,1655.43,596.75,22,C-01289,Online,109,0.0875
2024-08-13,East,Nova,Software,1904.72,1553.05,351.66,20,C-02445,Online,143,0.1491
2024-08-13,East,Pulse,Services,2230.5,1543.91,686.59,16,C-02450,Direct,133,0.1402
2024-08-13,West,Atlas,Hardware,2256.66,1452.33,804.33,29,C-01274,Online,114,0.2266
2024-08-13,West,Nova,Software,2296.14,1495.17,800.97,18,C-02270,Partner,81,0.107
2024-08-13,West,Pulse,Services,2013.78,1231.43,782.35,21,C-01749,Direct,144,0.0545
2024-08-14,North,Atlas,Hardware,1895.15,1034.18,860.97,20,C-02182,Direct,135,0.1352
2024-08-14,North,Nova,Software,1890.61,1179.08,711.53,18,C-01906,Online,141,0.1313
2024-08-14,North,Pulse,Services,1670.75,1120.75,550.0,19,C-00465,Online,127,0.1271
2024-08-14,South,Atlas,Hardware,1634.14,1087.53,546.61,17,C-01951,Online,138,0.0776
2024-08-14,South,Nova,Software,1710.03,992.32,717.72,15,C-00854,Direct,112,0.1195
2024-08-14,South,Pulse,Services,1945.85,1276.6,669.25,18,C-01168,Online,95,0.1291
2024-08-14,East,Atlas,Hardware,1988.17,1216.19,771.98,20,C-01164,Direct,151,0.117
2024-08-14,East,Nova,Software,2225.43,1196.99,1028.44,13,C-00415,Direct,122,0.1326
2024-08-14,East,Pulse,Services,1950.88,1520.97,429.91,36,C-02144,Partner,134,0.1369
2024-08-14,West,Atlas,Hardware,2133.41,999.74,1133.67,14,C-01186,Online,119,0.0936
2024-08-14,West,Nova,Software,2011.91,1374.8,637.12,12,C-00976,Direct,120,0.2077
2024-08-14,West,Pulse,Services,2215.75,1259.03,956.72,19,C-01743,Online,98,0.0831
2024-08-15,North,Atlas,Hardware,1788.05,1108.11,679.94,18,C-01790,Direct,128,0.0474
2024-08-15,North,Nova,Software,1488.76,924.92,563.85,20,C-01961,Online,102,0.1024
2024-08-15,North,Pulse,Services,1995.81,1242.2,753.61,13,C-00602,Direct,76,0.0522
2024-08-15,South,Atlas,Hardware,1755.47,1056.02,699.45,8,C-02414,Online,107,0.0668
2024-08-15,South,Nova,Software,1804.3,1150.52,653.79,25,C-01003,Partner,66,0.0509
2024-08-15,South,Pulse,Services,1993.17,1197.21,795.96,18,C-02482,Online,172,0.0792
2024-08-15,East,Atlas,Hardware,2082.21,1529.73,552.48,12,C-01510,Direct,137,0.1488
2024-08-15,East,Nova,Software,1874.37,938.82,935.55,17,C-00186,Partner,111,0.0873
2024-08-15,East,Pulse,Services,2089.4,1256.19,833.2,19,C-01070,Partner,111,0.1228
2024-08-15,West,Atlas,Hardware,2146.49,1443.05,703.44,20,C-00893,Direct,127,0.1127
2024-08-15,West,Nova,Software,1846.83,1037.62,809.21,22,C-01243,Direct,113,0.1598
2024-08-15,West,Pulse,Services,2211.43,1220.92,990.51,16,C-01714,Direct,83,0.1018
2024-08-16,North,Atlas,Hardware,1766.35,1247.48,518.87,26,C-02402,Online,122,0.1296
2024-08-16,North,Nova,Software,1702.19,847.39,854.8,18,C-00649,Online,145,0.1686
2024-08-16,North,Pulse,Services,2028.52,1506.24,522.27,23,C-00882,Partner,89,0.1432
2024-08-16,South,Atlas,Hardware,1853.54,1389.61,463.93,18,C-01647,Online,139,0.1235
2024-08-16,South,Nova,Software,1900.64,1281.01,619.63,23,C-00479,Direct,100,0.0714
2024-08-16,South,Pulse,Services,1582.72,906.14,676.59,17,C-01611,Direct,131,0.1295
2024-08-16,East,Atlas,Hardware,1916.91,1183.12,733.79,16,C-01645,Partner,97,0.0565
2024-08-16,East,Nova,Software,1723.79,1046.0,677.78,18,C-02342,Online,144,0.1632
2024-08-16,East,Pulse,Services,1989.1,1259.3,729.8,19,C-00939,Direct,145,0.1715
2024-08-16,West,Atlas,Hardware,1865.47,1235.32,630.15,28,C-01491,Online,112,0.0908
2024-08-16,West,Nova,Software,2237.73,1361.26,876.47,24,C-00660,Partner,91,0.1709
2024-08-16,West,Pulse,Services,2335.15,1563.36,771.8,19,C-00715,Direct,133,0.1613
2024-08-17,North,Atlas,Hardware,1691.7,1329.77,361.93,22,C-00871,Partner,129,0.1786
2024-08-17,North,Nova,Software,1837.58,1353.4,484.18,23,C-00618,Partner,161,0.0565
2024-08-17,North,Pulse,Services,1935.39,1227.79,707.6,12,C-00211,Direct,123,0.1109
2024-08-17,South,Atlas,Hardware,1504.09,752.36,751.73,23,C-02469,Online,111,0.1226
2024-08-17,South,Nova,Software,1764.24,1224.13,540.11,14,C-00366,Partner,118,0.1711
2024-08-17,South,Pulse,Services,2041.56,1321.18,720.38,24,C-01186,Direct,86,0.0795
2024-08-17,East,Atlas,Hardware,1594.15,776.63,817.52,15,C-00787,Online,128,0.1515
2024-08-17,East,Nova,Software,2008.79,1247.45,761.34,22,C-02248,Partner,144,0.1237
2024-08-17,East,Pulse,Services,1749.18,1095.87,653.32,14,C-01557,Partner,120,0.1096
2024-08-17,West,Atlas,Hardware,2171.57,1427.38,744.19,22,C-01732,Direct,96,0.1143
2024-08-17,West,Nova,Software,2158.21,1265.81,892.4,22,C-01287,Partner,168,0.1671
2024-08-17,West,Pulse,Services,2008.73,1110.0,898.73,17,C-02229,Partner,133,0.0714
2024-08-18,North,Atlas,Hardware,1727.36,1099.85,627.51,14,C-00971,Direct,79,0.1
2024-08-18,North,Nova,Software,1641.35,999.09,642.26,13,C-00668,Online,119,0.0612
2024-08-18,North,Pulse,Services,1800.76,1112.14,688.61,15,C-00312,Partner,112,0.0953
2024-08-18,South,Atlas,Hardware,1850.55,1320.22,530.33,18,C-00414,Direct,87,0.1038
2024-08-18,South,Nova,Software,1681.79,994.22,687.57,20,C-01002,Direct,136,0.1198
2024-08-18,South,Pulse,Services,2006.32,1198.25,808.06,18,C-01686,Partner,107,0.0901
2024-08-18,East,Atlas,Hardware,2089.8,1306.71,783.09,15,C-00609,Direct,114,0.0421
2024-08-18,East,Nova,Software,1921.28,1232.99,688.29,26,C-02463,Partner,104,0.09
2024-08-18,East,Pulse,Services,1903.76,919.06,984.69,17,C-02128,Online,113,0.0811
2024-08-18,West,Atlas,Hardware,1987.97,1209.57,778.4,17,C-01791,Partner,132,0.151
2024-08-18,West,Nova,Software,1981.0,1289.59,691.41,16,C-01574,Partner,134,0.0372
2024-08-18,West,Pulse,Services,2180.36,1370.79,809.57,18,C-01102,Online,77,0.0161
2024-08-19,North,Atlas,Hardware,1546.42,1166.3,380.12,16,C-02368,Direct,139,0.0793
2024-08-19,North,Nova,Software,1845.02,1043.21,801.8,21,C-00448,Online,128,0.1344
2024-08-19,North,Pulse,Services,1734.15,999.01,735.15,25,C-01393,Direct,139,0.0913
2024-08-19,South,Atlas,Hardware,1703.64,1055.34,648.29,22,C-00802,Direct,122,0.1194
2024-08-19,South,Nova,Software,1654.16,972.09,682.07,20,C-00074,Direct,151,0.1583
2024-08-19,South,Pulse,Services,2123.61,1282.45,841.16,19,C-00409,Direct,117,0.0347
2024-08-19,East,Atlas,Hardware,2021.14,1235.26,785.88,18,C-01240,Online,110,0.0668
2024-08-19,East,Nova,Software,1879.0,1199.61,679.39,15,C-01141,Online,72,0.1525
2024-08-19,East,Pulse,Services,1915.84,1193.91,721.93,17,C-01139,Direct,138,0.1225
2024-08-19,West,Atlas,Hardware,2176.88,1457.91,718.97,18,C-02321,Direct,119,0.0851
2024-08-19,West,Nova,Software,2241.51,1458.31,783.2,17,C-01948,Partner,58,0.0578
2024-08-19,West,Pulse,Services,2099.35,1457.19,642.15,10,C-01023,Partner,134,0.1372
2024-08-20,North,Atlas,Hardware,1722.97,1136.97,586.0,18,C-01973,Direct,116,0.1271
2024-08-20,North,Nova,Software,1578.04,1088.92,489.11,19,C-01044,Online,104,0.1404
2024-08-20,North,Pulse,Services,1656.45,934.84,721.61,16,C-02331,Partner,110,0.112
2024-08-20,South,Atlas,Hardware,1740.02,1019.89,720.13,26,C-01961,Online,95,0.148
2024-08-20,South,Nova,Software,1735.62,1040.55,695.07,23,C-00773,Partner,98,0.1057
2024-08-20,South,Pulse,Services,2001.67,1218.59,783.09,29,C-01309,Direct,108,0.08
2024-08-20,East,Atlas,Hardware,2040.35,1079.84,960.5,18,C-00589,Direct,135,0.1012
2024-08-20,East,Nova,Software,1981.24,1113.03,868.2,17,C-00906,Direct,167,0.1528
2024-08-20,East,Pulse,Services,2001.17,1220.93,780.24,14,C-00550,Online,99,0.0837
2024-08-20,West,Atlas,Hardware,2165.39,1720.21,445.18,23,C-01247,Online,155,0.1063
2024-08-20,West,Nova,Software,1817.16,1052.01,765.16,17,C-00152,Partner,134,0.1032
2024-08-20,West,Pulse,Services,2175.63,1433.39,742.25,18,C-01647,Online,135,0.1163
2024-08-21,North,Atlas,Hardware,1743.85,1019.26,724.59,18,C-00704,Direct,102,0.1078
2024-08-21,North,Nova,Software,1858.46,1299.07,559.39,18,C-02420,Partner,129,0.1077
2024-08-21,North,Pulse,Services,1847.43,1304.86,542.57,11,C-00201,Partner,134,0.0402
2024-08-21,South,Atlas,Hardware,1803.54,1020.35,783.19,21,C-00378,Direct,135,0.105
2024-08-21,South,Nova,Software,1724.87,1135.42,589.46,16,C-01436,Online,131,0.0999
2024-08-21,South,Pulse,Services,1938.82,1212.11,726.71,13,C-00663,Online,129,0.0818
2024-08-21,East,Atlas,Hardware,2146.59,1381.89,764.7,21,C-02038,Direct,97,0.0891
2024-08-21,East,Nova,Software,2090.07,1378.68,711.39,23,C-01924,Online,139,0.1608
2024-08-21,East,Pulse,Services,2035.68,1223.86,811.81,13,C-01224,Online,77,0.1037
2024-08-21,West,Atlas,Hardware,2155.06,1346.02,809.04,18,C-00998,Direct,125,0.165
2024-08-21,West,Nova,Software,1956.72,1408.98,547.74,18,C-00325,Partner,135,0.0994
2024-08-21,West,Pulse,Services,1968.18,1430.19,537.99,14,C-01829,Partner,93,0.1466
2024-08-22,North,Atlas,Hardware,1652.22,851.57,800.65,11,C-00246,Direct,78,0.0427
2024-08-22,North,Nova,Software,1779.15,1140.79,638.36,18,C-01031,Partner,102,0.0612
2024-08-22,North,Pulse,Services,1728.87,946.5,782.37,23,C-01948,Online,124,0.0939
2024-08-22,South,Atlas,Hardware,1841.97,1113.48,728.49,19,C-01541,Online,107,0.1375
2024-08-22,South,Nova,Software,1964.17,1302.86,661.31,11,C-00313,Partner,103,0.1384
2024-08-22,South,Pulse,Services,2166.67,1392.12,774.55,23,C-00398,Partner,100,0.0464
2024-08-22,East,Atlas,Hardware,1670.19,1072.45,597.74,13,C-01081,Online,153,0.1412
2024-08-22,East,Nova,Software,2043.97,1207.02,836.96,15,C-00047,Partner,137,0.101
2024-08-22,East,Pulse,Services,2109.72,1418.96,690.76,25,C-00118,Online,108,0.1456
2024-08-22,West,Atlas,Hardware,2168.25,1564.37,603.88,19,C-01753,Partner,114,0.172
2024-08-22,West,Nova,Software,2126.3,1101.62,1024.68,22,C-01268,Partner,121,0.0812
2024-08-22,West,Pulse,Services,2099.23,1356.9,742.32,29,C-01757,Direct,101,0.1086
2024-08-23,North,Atlas,Hardware,1808.52,1135.86,672.65,22,C-00060,Online,155,0.1185
2024-08-23,North,Nova,Software,1602.11,904.53,697.58,22,C-01252,Online,116,0.0257
2024-08-23,North,Pulse,Services,1555.77,789.95,765.83,15,C-02404,Partner,104,0.1971
2024-08-23,South,Atlas,Hardware,1967.79,1038.36,929.42,9,C-00063,Direct,113,0.1092
2024-08-23,South,Nova,Software,1585.2,1066.78,518.42,19,C-01304,Direct,106,0.0625
2024-08-23,South,Pulse,Services,1907.13,1265.7,641.43,13,C-00256,Direct,140,0.1174
2024-08-23,East,Atlas,Hardware,2005.2,1527.7,477.5,12,C-02093,Partner,81,0.133
2024-08-23,East,Nova,Software,1938.65,1230.03,708.62,24,C-00303,Online,122,0.0998
2024-08-23,East,Pulse,Services,1934.12,1242.28,691.84,18,C-00430,Direct,156,0.1261
2024-08-23,West,Atlas,Hardware,1912.73,1315.92,596.82,18,C-01121,Partner,95,0.1906
2024-08-23,West,Nova,Software,2113.49,1327.49,786.0,17,C-01130,Partner,141,0.0796
2024-08-23,West,Pulse,Services,2143.65,1571.72,571.94,19,C-01903,Partner,151,0.0988
2024-08-24,North,Atlas,Hardware,1466.65,1057.6,409.06,22,C-01198,Partner,71,0.1307
2024-08-24,North,Nova,Software,1842.08,973.83,868.25,18,C-00108,Direct,115,0.1367
2024-08-24,North,Pulse,Services,1853.9,1153.53,700.37,16,C-00083,Direct,81,0.1221
2024-08-24,South,Atlas,Hardware,1938.93,1264.13,674.79,17,C-01296,Direct,96,0.1301
2024-08-24,South,Nova,Software,1853.22,1138.66,714.56,19,C-00931,Direct,100,0.1218
2024-08-24,South,Pulse,Services,1868.71,1020.05,848.67,22,C-02182,Partner,154,0.121
2024-08-24,East,Atlas,Hardware,2176.52,1248.43,928.09,9,C-01475,Online,177,0.1479
2024-08-24,East,Nova,Software,1912.93,1221.13,691.81,13,C-01517,Online,55,0.1435
2024-08-24,East,Pulse,Services,2144.2,1435.14,709.05,19,C-01730,Partner,146,0.0823
2024-08-24,West,Atlas,Hardware,1935.08,953.64,981.44,16,C-02046,Direct,142,0.0706
2024-08-24,West,Nova,Software,2197.51,1654.6,542.91,11,C-01704,Direct,152,0.1419
2024-08-24,West,Pulse,Services,1898.01,1244.41,653.6,26,C-01864,Partner,136,0.0311
2024-08-25,North,Atlas,Hardware,1842.49,1312.6,529.88,21,C-01133,Partner,136,0.0283
2024-08-25,North,Nova,Software,1811.69,1250.03,561.67,18,C-01247,Direct,87,0.1083
2024-08-25,North,Pulse,Services,1275.43,733.56,541.87,22,C-00790,Partner,86,0.0913
2024-08-25,South,Atlas,Hardware,1913.08,1351.49,561.59,14,C-01082,Partner,111,0.1387
2024-08-25,South,Nova,Software,1918.24,1203.03,715.21,29,C-00711,Online,133,0.137
2024-08-25,South,Pulse,Services,1953.09,1231.76,721.33,18,C-01043,Direct,162,0.0977
2024-08-25,East,Atlas,Hardware,2102.82,1275.27,827.55,12,C-00280,Partner,103,0.1205
2024-08-25,East,Nova,Software,1956.79,1281.5,675.29,18,C-02494,Online,119,0.1308
2024-08-25,East,Pulse,Services,1993.17,1346.86,646.31,18,C-00298,Partner,99,0.0543
2024-08-25,West,Atlas,Hardware,2033.41,1155.37,878.05,18,C-00301,Online,120,0.178
2024-08-25,West,Nova,Software,2107.73,1273.54,834.19,17,C-01116,Online,106,0.1355
2024-08-25,West,Pulse,Services,1880.42,1127.66,752.76,17,C-02371,Direct,119,0.0363
2024-08-26,North,Atlas,Hardware,1898.03,1278.85,619.18,17,C-01637,Partner,127,0.0759
2024-08-26,North,Nova,Software,1822.47,1106.41,716.07,14,C-00404,Online,107,0.0461
2024-08-26,North,Pulse,Services,1446.41,783.05,663.35,21,C-00026,Partner,145,0.0994
2024-08-26,South,Atlas,Hardware,1823.65,1422.77,400.88,14,C-00872,Partner,115,0.0752
2024-08-26,South,Nova,Software,1688.7,1202.35,486.35,20,C-00218,Direct,107,0.1477
2024-08-26,South,Pulse,Services,1713.29,1069.23,644.06,13,C-01432,Direct,129,0.0
2024-08-26,East,Atlas,Hardware,1940.22,1191.32,748.9,17,C-01619,Partner,124,0.1859
2024-08-26,East,Nova,Software,1794.57,1342.33,452.25,19,C-02220,Online,161,0.1503
2024-08-26,East,Pulse,Services,2006.54,1357.1,649.44,21,C-01594,Direct,74,0.1006
2024-08-26,West,Atlas,Hardware,2025.58,1357.57,668.01,21,C-00706,Direct,161,0.139
2024-08-26,West,Nova,Software,2012.36,1363.61,648.75,17,C-00733,Online,64,0.1183
2024-08-26,West,Pulse,Services,2127.76,1611.68,516.07,21,C-00070,Online,100,0.1319
2024-08-27,North,Atlas,Hardware,1438.98,981.75,457.23,14,C-01287,Direct,145,0.1366
2024-08-27,North,Nova,Software,1880.55,1326.27,554.29,16,C-02438,Partner,82,0.0362
2024-08-27,North,Pulse,Services,1766.74,1119.53,647.21,17,C-02035,Online,164,0.0586
2024-08-27,South,Atlas,Hardware,1777.17,1087.23,689.94,22,C-02214,Online,99,0.0591
2024-08-27,South,Nova,Software,1849.7,1133.45,716.24,14,C-00474,Partner,115,0.0577
2024-08-27,South,Pulse,Services,1890.01,1227.63,662.38,20,C-00319,Direct,101,0.1191
2024-08-27,East,Atlas,Hardware,1703.34,1015.68,687.66,15,C-01648,Online,129,0.1248
2024-08-27,East,Nova,Software,1923.87,1355.78,568.09,14,C-01478,Partner,114,0.0834
2024-08-27,East,Pulse,Services,2001.34,1370.31,631.03,14,C-02316,Direct,124,0.1714
2024-08-27,West,Atlas,Hardware,1995.71,1237.06,758.65,18,C-02423,Direct,102,0.0402
2024-08-27,West,Nova,Software,1809.76,1062.97,746.79,16,C-02008,Direct,143,0.0786
2024-08-27,West,Pulse,Services,1932.49,964.54,967.95,19,C-01587,Direct,67,0.0736
2024-08-28,North,Atlas,Hardware,1656.59,915.6,740.99,14,C-00142,Direct,121,0.1592
2024-08-28,North,Nova,Software,1638.94,1029.49,609.46,13,C-02155,Partner,103,0.0684
2024-08-28,North,Pulse,Services,1676.12,1045.69,630.43,13,C-00808,Direct,144,0.065
2024-08-28,South,Atlas,Hardware,1906.55,1310.53,596.02,22,C-02268,Direct,118,0.0478
2024-08-28,South,Nova,Software,1818.7,1068.82,749.88,9,C-00981,Direct,143,0.0434
2024-08-28,South,Pulse,Services,1854.21,1111.09,743.13,18,C-00740,Partner,66,0.1801
2024-08-28,East,Atlas,Hardware,2137.11,1206.04,931.07,20,C-02362,Online,161,0.0941
2024-08-28,East,Nova,Software,1945.97,1450.82,495.15,18,C-02421,Direct,124,0.0803
2024-08-28,East,Pulse,Services,2186.46,1361.47,825.0,22,C-00947,Direct,110,0.1728
2024-08-28,West,Atlas,Hardware,2197.04,1552.49,644.55,13,C-00440,Online,101,0.0988
2024-08-28,West,Nova,Software,2093.42,1313.47,779.96,24,C-02079,Partner,156,0.0646
2024-08-28,West,Pulse,Services,2087.83,1178.66,909.17,26,C-00657,Direct,117,0.1354
2024-08-29,North,Atlas,Hardware,1494.94,674.5,820.43,16,C-00439,Online,86,0.136
2024-08-29,North,Nova,Software,1647.29,1149.93,497.37,15,C-00689,Online,101,0.1753
2024-08-29,North,Pulse,Services,2030.39,1322.43,707.96,16,C-01219,Direct,165,0.127
2024-08-29,South,Atlas,Hardware,1601.58,1135.0,466.58,24,C-01592,Partner,166,0.1084
2024-08-29,South,Nova,Software,2005.23,1181.76,823.46,21,C-01658,Partner,96,0.1714
2024-08-29,South,Pulse,Services,1709.69,957.69,752.0,15,C-01961,Direct,77,0.0595
2024-08-29,East,Atlas,Hardware,1813.73,1073.24,740.5,23,C-00222,Partner,110,0.0771
2024-08-29,East,Nova,Software,1870.08,1103.5,766.58,12,C-00369,Online,166,0.1503
2024-08-29,East,Pulse,Services,1878.66,1169.4,709.27,18,C-02242,Online,156,0.153
2024-08-29,West,Atlas,Hardware,2200.61,1559.58,641.03,16,C-01087,Partner,133,0.0875
2024-08-29,West,Nova,Software,1831.26,1425.79,405.47,19,C-01297,Direct,136,0.1439
2024-08-29,West,Pulse,Services,1917.76,1294.45,623.31,15,C-01215,Online,108,0.1576
2024-08-30,North,Atlas,Hardware,1699.02,909.38,789.64,14,C-01145,Direct,121,0.087
2024-08-30,North,Nova,Software,1622.01,1065.27,556.74,15,C-00914,Partner,143,0.1297
2024-08-30,North,Pulse,Services,1925.75,1302.58,623.17,15,C-01804,Direct,119,0.141
2024-08-30,South,Atlas,Hardware,1623.82,906.49,717.34,20,C-00046,Direct,136,0.2038
2024-08-30,South,Nova,Software,1918.23,1264.97,653.26,27,C-01192,Direct,109,0.0794
2024-08-30,South,Pulse,Services,1680.69,1369.35,311.34,12,C-00692,Online,92,0.0645
2024-08-30,East,Atlas,Hardware,1732.63,1143.07,589.56,25,C-00410,Partner,95,0.1279
2024-08-30,East,Nova,Software,1857.38,1015.0,842.38,14,C-00497,Direct,128,0.1299
2024-08-30,East,Pulse,Services,2167.21,1265.46,901.75,13,C-00277,Online,139,0.1211
2024-08-30,West,Atlas,Hardware,1993.55,1064.04,929.5,22,C-00283,Direct,117,0.0852
2024-08-30,West,Nova,Software,2046.61,1148.99,897.62,22,C-01409,Partner,134,0.1334
2024-08-30,West,Pulse,Services,2085.07,1462.79,622.28,15,C-01111,Direct,142,0.0853
2024-08-31,North,Atlas,Hardware,1755.02,1010.59,744.42,23,C-02069,Direct,122,0.122
2024-08-31,North,Nova,Software,1757.46,1347.36,410.1,12,C-01615,Direct,104,0.1229
2024-08-31,North,Pulse,Services,1635.57,879.98,755.59,11,C-01190,Online,150,0.1138
2024-08-31,South,Atlas,Hardware,2076.93,1112.41,964.52,22,C-00688,Partner,126,0.1202
2024-08-31,South,Nova,Software,1923.1,1164.66,758.45,21,C-00021,Online,90,0.1981
2024-08-31,South,Pulse,Services,1863.9,1329.0,534.91,14,C-02159,Direct,112,0.1393
2024-08-31,East,Atlas,Hardware,2150.38,1539.73,610.65,18,C-02334,Partner,120,0.0483
2024-08-31,East,Nova,Software,2113.34,1479.63,633.71,24,C-01363,Direct,161,0.1254
2024-08-31,East,Pulse,Services,1986.88,1332.73,654.15,14,C-02225,Direct,106,0.0
2024-08-31,West,Atlas,Hardware,1984.78,1307.92,676.86,16,C-00573,Online,134,0.0968
2024-08-31,West,Nova,Software,2051.45,1544.53,506.92,17,C-00204,Online,108,0.0641
2024-08-31,West,Pulse,Services,1724.49,1052.99,671.5,15,C-00898,Partner,153,0.0547
2024-09-01,North,Atlas,Hardware,1043.32,729.81,313.51,20,C-01557,Direct,97,0.1094
2024-09-01,North,Nova,Software,1338.78,736.99,601.79,17,C-01781,Direct,83,0.1493
2024-09-01,North,Pulse,Services,1136.26,689.43,446.82,13,C-01674,Online,89,0.1251
2024-09-01,South,Atlas,Hardware,1753.64,1203.46,550.19,16,C-01850,Partner,118,0.1267
2024-09-01,South,Nova,Software,1634.74,1154.37,480.38,20,C-00893,Direct,148,0.0724
2024-09-01,South,Pulse,Services,1855.12,1272.71,582.42,12,C-02098,Direct,117,0.0658
2024-09-01,East,Atlas,Hardware,2055.22,1359.44,695.78,17,C-00879,Direct,139,0.0767
2024-09-01,East,Nova,Software,1755.36,1235.59,519.77,20,C-01256,Direct,125,0.0411
2024-09-01,East,Pulse,Services,1785.05,1275.44,509.61,19,C-01799,Partner,109,0.1326
2024-09-01,West,Atlas,Hardware,2080.47,1180.04,900.43,21,C-00053,Direct,77,0.1147
2024-09-01,West,Nova,Software,2148.11,1194.36,953.75,14,C-02385,Direct,134,0.0604
2024-09-01,West,Pulse,Services,2023.55,1252.29,771.27,17,C-00204,Online,73,0.1502
2024-09-02,North,Atlas,Hardware,1315.42,782.99,532.43,19,C-00948,Online,127,0.1048
2024-09-02,North,Nova,Software,1378.68,891.19,487.49,15,C-00539,Direct,135,0.1304
2024-09-02,North,Pulse,Services,1255.7,758.8,496.91,20,C-02322,Direct,106,0.1051
2024-09-02,South,Atlas,Hardware,1985.53,1058.06,927.47,21,C-00923,Direct,164,0.0656
2024-09-02,South,Nova,Software,1840.24,1160.93,679.32,11,C-01016,Online,112,0.1706
2024-09-02,South,Pulse,Services,1878.06,1284.8,593.26,24,C-00119,Online,132,0.1204
2024-09-02,East,Atlas,Hardware,1941.91,1219.67,722.24,15,C-02422,Online,95,0.1063
2024-09-02,East,Nova,Software,1975.68,1287.07,688.61,17,C-01161,Partner,122,0.1798
2024-09-02,East,Pulse,Services,1909.23,1286.12,623.12,14,C-01455,Online,115,0.0209
2024-09-02,West,Atlas,Hardware,2232.27,1345.94,886.33,22,C-02417,Online,141,0.1082
2024-09-02,West,Nova,Software,2199.96,1292.97,906.99,16,C-00671,Direct,80,0.0389
2024-09-02,West,Pulse,Services,2050.12,1029.83,1020.29,18,C-02039,Online,132,0.1085
2024-09-03,North,Atlas,Hardware,1429.0,1046.84,382.16,22,C-00356,Partner,78,0.0939
2024-09-03,North,Nova,Software,1310.52,829.19,481.34,20,C-02111,Partner,165,0.114
2024-09-03,North,Pulse,Services,1200.06,765.28,434.79,14,C-00649,Online,124,0.1655
2024-09-03,South,Atlas,Hardware,1757.97,1086.86,671.11,20,C-01246,Online,122,0.0907
2024-09-03,South,Nova,Software,1767.7,1289.13,478.57,15,C-02049,Direct,136,0.026
2024-09-03,South,Pulse,Services,2044.69,1341.37,703.32,21,C-01735,Online,110,0.0817
2024-09-03,East,Atlas,Hardware,2053.8,1144.33,909.47,27,C-01771,Online,97,0.1082
2024-09-03,East,Nova,Software,2023.51,1382.95,640.56,19,C-02200,Direct,98,0.112
2024-09-03,East,Pulse,Services,1795.05,1055.93,739.13,16,C-02295,Online,161,0.1978
2024-09-03,West,Atlas,Hardware,2101.07,1368.36,732.7,27,C-01046,Partner,101,0.1579
2024-09-03,West,Nova,Software,2115.72,1312.93,802.79,18,C-00701,Partner,115,0.0543
2024-09-03,West,Pulse,Services,2169.43,1358.81,810.63,25,C-01871,Online,119,0.1174
2024-09-04,North,Atlas,Hardware,1304.14,935.71,368.43,15,C-01689,Online,123,0.1121
2024-09-04,North,Nova,Software,1090.81,883.07,207.74,11,C-00308,Online,149,0.1003
2024-09-04,North,Pulse,Services,1412.11,929.78,482.33,19,C-01963,Direct,121,0.1542
2024-09-04,South,Atlas,Hardware,1837.7,1323.08,514.62,18,C-01972,Partner,150,0.1272
2024-09-04,South,Nova,Software,1795.67,1367.81,427.86,18,C-00963,Partner,122,0.1286
2024-09-04,South,Pulse,Services,1691.42,944.12,747.3,17,C-01820,Partner,84,0.0498
2024-09-04,East,Atlas,Hardware,1972.22,1326.88,645.33,14,C-01322,Direct,132,0.1043
2024-09-04,East,Nova,Software,2016.76,1167.0,849.76,21,C-00838,Partner,147,0.0642
2024-09-04,East,Pulse,Services,1829.67,1228.2,601.46,22,C-01005,Online,107,0.1307
2024-09-04,West,Atlas,Hardware,2126.28,1454.36,671.92,19,C-01543,Direct,133,0.1202
2024-09-04,West,Nova,Software,2119.15,1532.85,586.3,16,C-01560,Online,145,0.0899
2024-09-04,West,Pulse,Services,2037.84,1301.07,736.77,13,C-01163,Partner,151,0.2246
2024-09-05,North,Atlas,Hardware,1254.69,742.23,512.46,21,C-01108,Direct,55,0.1514
2024-09-05,North,Nova,Software,1304.94,807.96,496.98,25,C-00573,Direct,118,0.1461
2024-09-05,North,Pulse,Services,1522.51,1195.5,327.01,19,C-01231,Direct,171,0.0843
2024-09-05,South,Atlas,Hardware,1782.99,988.88,794.11,16,C-01943,Partner,94,0.1787
2024-09-05,South,Nova,Software,1881.19,1276.06,605.12,16,C-00230,Partner,74,0.0417
2024-09-05,South,Pulse,Services,1915.97,1225.35,690.62,26,C-02258,Direct,82,0.1812
2024-09-05,East,Atlas,Hardware,2065.55,1301.28,764.28,15,C-01436,Direct,111,0.1158
2024-09-05,East,Nova,Software,1979.23,1100.28,878.96,18,C-00123,Partner,144,0.1236
2024-09-05,East,Pulse,Services,1817.1,977.46,839.64,16,C-00667,Partner,135,0.0929
2024-09-05,West,Atlas,Hardware,2063.34,1245.56,817.78,17,C-01072,Online,107,0.1327
2024-09-05,West,Nova,Software,1758.17,1207.78,550.39,17,C-02169,Direct,120,0.1242
2024-09-05,West,Pulse,Services,2031.07,1604.74,426.33,16,C-00088,Direct,104,0.1052
2024-09-06,North,Atlas,Hardware,1253.42,762.46,490.96,31,C-01789,Partner,166,0.1128
2024-09-06,North,Nova,Software,1323.76,855.83,467.94,19,C-02453,Direct,143,0.0235
2024-09-06,North,Pulse,Services,1420.22,764.99,655.23,14,C-01983,Online,153,0.1002
2024-09-06,South,Atlas,Hardware,1784.89,1124.0,660.89,16,C-00402,Direct,103,0.1803
2024-09-06,South,Nova,Software,1863.23,1105.4,757.83,20,C-00492,Partner,104,0.0862
2024-09-06,South,Pulse,Services,1669.03,1106.94,562.1,18,C-00331,Partner,113,0.1444
2024-09-06,East,Atlas,Hardware,2107.11,1180.66,926.46,19,C-02074,Direct,129,0.0073
2024-09-06,East,Nova,Software,1742.97,1197.22,545.75,29,C-00915,Direct,121,0.1139
2024-09-06,East,Pulse,Services,1995.73,1421.38,574.36,24,C-00037,Online,136,0.0571
2024-09-06,West,Atlas,Hardware,2312.3,1220.53,1091.77,23,C-01535,Partner,134,0.0952
2024-09-06,West,Nova,Software,1861.55,1306.8,554.75,16,C-00464,Online,100,0.0616
2024-09-06,West,Pulse,Services,2204.73,1300.67,904.06,23,C-01376,Partner,164,0.1428
2024-09-07,North,Atlas,Hardware,1331.41,944.44,386.97,22,C-01162,Direct,114,0.1002
2024-09-07,North,Nova,Software,1141.52,646.59,494.93,16,C-01774,Partner,137,0.0625
2024-09-07,North,Pulse,Services,1229.61,746.07,483.54,16,C-00947,Partner,122,0.0839
2024-09-07,South,Atlas,Hardware,2004.15,1446.19,557.95,15,C-01022,Partner,117,0.0671
2024-09-07,South,Nova,Software,2079.52,1223.93,855.59,22,C-02215,Partner,131,0.1414
2024-09-07,South,Pulse,Services,1972.92,1298.49,674.43,18,C-00723,Online,86,0.1133
2024-09-07,East,Atlas,Hardware,2092.15,1374.68,717.47,13,C-02167,Online,141,0.1298
2024-09-07,East,Nova,Software,2050.79,1207.17,843.63,18,C-01010,Online,117,0.1232
2024-09-07,East,Pulse,Services,2019.77,1330.2,689.57,22,C-01562,Partner,150,0.1655
2024-09-07,West,Atlas,Hardware,2166.95,1382.46,784.49,20,C-01205,Direct,138,0.0904
2024-09-07,West,Nova,Software,1994.28,1531.77,462.51,17,C-01912,Partner,86,0.1441
2024-09-07,West,Pulse,Services,2187.97,1150.03,1037.94,19,C-00090,Direct,88,0.0133
2024-09-08,North,Atlas,Hardware,1373.07,938.69,434.38,9,C-01821,Partner,104,0.0963
2024-09-08,North,Nova,Software,1314.45,887.84,426.62,20,C-00320,Partner,106,0.0814
2024-09-08,North,Pulse,Services,1338.82,1006.94,331.88,20,C-00546,Online,121,0.0687
2024-09-08,South,Atlas,Hardware,1743.47,1092.01,651.46,17,C-01823,Direct,100,0.1461
2024-09-08,South,Nova,Software,1826.73,1164.91,661.82,17,C-01375,Direct,123,0.1068
2024-09-08,South,Pulse,Services,1593.59,1038.29,555.3,16,C-01759,Direct,130,0.0625
2024-09-08,East,Atlas,Hardware,1811.19,1115.38,695.81,13,C-01682,Partner,109,0.0381
2024-09-08,East,Nova,Software,2011.0,1312.99,698.01,18,C-01988,Partner,103,0.0995
2024-09-08,East,Pulse,Services,1874.4,979.97,894.44,20,C-00267,Online,120,0.0764
2024-09-08,West,Atlas,Hardware,2115.72,1333.06,782.66,12,C-01505,Direct,98,0.1435
2024-09-08,West,Nova,Software,2272.41,1622.41,650.0,15,C-00419,Online,137,0.0693
2024-09-08,West,Pulse,Services,2057.99,1678.35,379.64,16,C-01174,Online,49,0.0609
2024-09-09,North,Atlas,Hardware,1351.15,862.86,488.29,17,C-01651,Online,122,0.141
2024-09-09,North,Nova,Software,1479.05,923.12,555.93,22,C-00898,Direct,121,0.1609
2024-09-09,North,Pulse,Services,1387.72,938.64,449.08,16,C-00831,Online,84,0.1489
2024-09-09,South,Atlas,Hardware,1914.61,1377.43,537.18,14,C-01931,Partner,137,0.1924
2024-09-09,South,Nova,Software,1804.61,1098.56,706.05,21,C-01472,Partner,94,0.1073
2024-09-09,South,Pulse,Services,1775.49,1010.66,764.83,15,C-02483,Direct,117,0.1153
2024-09-09,East,Atlas,Hardware,1941.72,1219.53,722.2,13,C-01028,Direct,105,0.1218
2024-09-09,East,Nova,Software,2076.95,1192.24,884.71,16,C-01098,Direct,131,0.0909
2024-09-09,East,Pulse,Services,1954.42,1541.85,412.56,16,C-00017,Online,94,0.0
2024-09-09,West,Atlas,Hardware,2177.32,1596.33,581.0,15,C-02316,Online,82,0.1304
2024-09-09,West,Nova,Software,2242.63,1810.73,431.9,16,C-00733,Direct,120,0.1199
2024-09-09,West,Pulse,Services,2168.33,1376.68,791.64,23,C-00375,Online,116,0.0963
2024-09-10,North,Atlas,Hardware,1221.27,778.43,442.83,27,C-01438,Online,154,0.1508
2024-09-10,North,Nova,Software,1339.4,843.95,495.46,15,C-01161,Partner,133,0.1479
2024-09-10,North,Pulse,Services,1329.66,833.8,495.86,15,C-01773,Direct,163,0.0743
2024-09-10,South,Atlas,Hardware,2039.61,1272.45,767.16,21,C-00450,Online,111,0.0635
2024-09-10,South,Nova,Software,2115.63,1475.97,639.66,23,C-00371,Direct,94,0.0913
2024-09-10,South,Pulse,Services,1769.86,1049.74,720.12,17,C-02087,Partner,149,0.1303
2024-09-10,East,Atlas,Hardware,2074.74,1020.0,1054.74,14,C-01477,Partner,128,0.0632
2024-09-10,East,Nova,Software,1934.75,1176.59,758.17,23,C-00163,Online,132,0.0868
2024-09-10,East,Pulse,Services,1704.76,1177.33,527.43,19,C-00426,Partner,102,0.0876
2024-09-10,West,Atlas,Hardware,2141.42,1420.86,720.55,13,C-00021,Direct,121,0.1017
2024-09-10,West,Nova,Software,2141.59,1221.08,920.51,13,C-02464,Online,116,0.1264
2024-09-10,West,Pulse,Services,2106.93,1456.53,650.4,24,C-02209,Partner,76,0.0954
2024-09-11,North,Atlas,Hardware,1438.11,736.5,701.61,25,C-00634,Partner,97,0.1154
2024-09-11,North,Nova,Software,1375.05,753.86,621.18,12,C-00860,Online,165,0.1684
2024-09-11,North,Pulse,Services,1553.29,1092.9,460.39,20,C-02120,Direct,93,0.1271
2024-09-11,South,Atlas,Hardware,1803.1,1166.05,637.04,17,C-01816,Online,150,0.0752
2024-09-11,South,Nova,Software,1874.51,1365.48,509.03,14,C-00448,Online,162,0.1273
2024-09-11,South,Pulse,Services,1742.67,1090.12,652.55,20,C-00469,Direct,132,0.1368
2024-09-11,East,Atlas,Hardware,1912.79,1153.95,758.84,10,C-02494,Online,102,0.0511
2024-09-11,East,Nova,Software,2095.71,1545.92,549.79,17,C-00743,Online,159,0.1046
2024-09-11,East,Pulse,Services,2093.49,1381.7,711.79,12,C-00122,Partner,143,0.109
2024-09-11,West,Atlas,Hardware,1961.72,1142.74,818.98,12,C-02393,Partner,96,0.1077
2024-09-11,West,Nova,Software,1752.47,1055.95,696.52,19,C-00200,Partner,120,0.0763
2024-09-11,West,Pulse,Services,2154.44,1172.93,981.51,17,C-00424,Direct,111,0.0375
2024-09-12,North,Atlas,Hardware,1319.16,807.77,511.39,25,C-00883,Direct,149,0.1105
2024-09-12,North,Nova,Software,1073.53,758.02,315.51,21,C-00773,Online,123,0.138
2024-09-12,North,Pulse,Services,1291.5,969.97,321.53,29,C-00094,Online,124,0.1121
2024-09-12,South,Atlas,Hardware,1968.6,1243.88,724.72,23,C-02411,Partner,123,0.0966
2024-09-12,South,Nova,Software,1844.94,1262.0,582.94,25,C-01336,Online,133,0.1386
2024-09-12,South,Pulse,Services,1919.8,1082.88,836.92,12,C-01120,Partner,126,0.1406
2024-09-12,East,Atlas,Hardware,1926.37,1035.38,890.99,16,C-01151,Partner,137,0.0302
2024-09-12,East,Nova,Software,1870.26,1263.49,606.77,27,C-01317,Direct,101,0.1138
2024-09-12,East,Pulse,Services,1770.76,1117.39,653.38,13,C-01140,Direct,128,0.1329
2024-09-12,West,Atlas,Hardware,1992.64,1562.73,429.92,16,C-01934,Online,126,0.0814
2024-09-12,West,Nova,Software,2132.06,1342.52,789.54,16,C-00432,Partner,128,0.173
2024-09-12,West,Pulse,Services,1886.31,1199.36,686.94,21,C-00402,Direct,111,0.1011
2024-09-13,North,Atlas,Hardware,1295.22,844.3,450.91,21,C-02348,Online,119,0.0675
2024-09-13,North,Nova,Software,1180.26,690.94,489.33,12,C-01651,Direct,129,0.0651
2024-09-13,North,Pulse,Services,1222.29,786.73,435.55,18,C-00158,Direct,100,0.1384
2024-09-13,South,Atlas,Hardware,1807.1,973.19,833.9,16,C-00061,Direct,122,0.0585
2024-09-13,South,Nova,Software,1780.1,1282.64,497.46,17,C-02465,Online,111,0.128
2024-09-13,South,Pulse,Services,1806.12,998.59,807.53,14,C-02385,Online,106,0.1359
2024-09-13,East,Atlas,Hardware,1909.4,1012.81,896.59,21,C-02286,Partner,158,0.0566
2024-09-13,East,Nova,Software,1946.7,1155.37,791.33,15,C-00207,Online,117,0.0716
2024-09-13,East,Pulse,Services,2153.5,1204.34,949.16,14,C-00436,Direct,121,0.153
2024-09-13,West,Atlas,Hardware,1890.63,1276.86,613.77,17,C-00149,Online,152,0.1237
2024-09-13,West,Nova,Software,1837.52,1011.65,825.87,15,C-01574,Direct,126,0.1031
2024-09-13,West,Pulse,Services,2138.86,1462.35,676.51,17,C-01308,Partner,121,0.0602
2024-09-14,North,Atlas,Hardware,1309.06,905.62,403.44,15,C-00016,Online,99,0.1622
2024-09-14,North,Nova,Software,1250.76,926.35,324.4,12,C-01205,Direct,94,0.1406
2024-09-14,North,Pulse,Services,1558.69,968.43,590.26,19,C-01468,Online,109,0.1893
2024-09-14,South,Atlas,Hardware,1648.59,1088.09,560.5,18,C-01561,Partner,117,0.2266
2024-09-14,South,Nova,Software,1833.63,1164.75,668.88,3,C-01463,Online,168,0.1162
2024-09-14,South,Pulse,Services,1922.8,1314.18,608.61,20,C-00734,Partner,157,0.1194
2024-09-14,East,Atlas,Hardware,2085.82,1139.72,946.11,13,C-00748,Online,131,0.1064
2024-09-14,East,Nova,Software,1853.03,1248.54,604.49,16,C-02090,Partner,95,0.0607
2024-09-14,East,Pulse,Services,2028.87,1684.85,344.02,10,C-01853,Online,122,0.1011
2024-09-14,West,Atlas,Hardware,1966.64,1084.24,882.4,23,C-00321,Direct,118,0.0896
2024-09-14,West,Nova,Software,2083.69,1329.35,754.34,16,C-01108,Partner,142,0.1081
2024-09-14,West,Pulse,Services,1923.81,1176.69,747.12,17,C-00859,Direct,110,0.04
2024-09-15,North,Atlas,Hardware,1398.55,752.43,646.12,18,C-00672,Partner,92,0.1593
2024-09-15,North,Nova,Software,1359.98,863.47,496.51,15,C-00446,Partner,100,0.145
2024-09-15,North,Pulse,Services,1218.74,771.56,447.17,26,C-02226,Online,145,0.0995
2024-09-15,South,Atlas,Hardware,1603.46,1182.8,420.67,24,C-00634,Direct,124,0.1211
2024-09-15,South,Nova,Software,1762.77,1152.1,610.67,17,C-02001,Direct,156,0.0968
2024-09-15,South,Pulse,Services,1887.37,1219.15,668.22,14,C-01853,Direct,138,0.1153
2024-09-15,East,Atlas,Hardware,2085.36,1091.24,994.13,29,C-00671,Direct,157,0.1825
2024-09-15,East,Nova,Software,1843.1,1216.59,626.51,23,C-00951,Direct,133,0.1137
2024-09-15,East,Pulse,Services,1847.72,1270.54,577.18,21,C-02055,Direct,115,0.0274
2024-09-15,West,Atlas,Hardware,2139.77,1562.89,576.87,19,C-01897,Direct,90,0.0851
2024-09-15,West,Nova,Software,2151.25,1446.3,704.95,20,C-00772,Direct,150,0.0913
2024-09-15,West,Pulse,Services,2173.12,1343.34,829.78,16,C-01467,Online,138,0.1112
2024-09-16,North,Atlas,Hardware,1395.44,782.93,612.51,17,C-02110,Direct,115,0.0065
2024-09-16,North,Nova,Software,1502.3,1203.62,298.68,21,C-02010,Direct,119,0.1604
2024-09-16,North,Pulse,Services,1375.91,746.8,629.11,12,C-02088,Direct,135,0.0825
2024-09-16,South,Atlas,Hardware,1730.21,1039.06,691.15,16,C-02168,Direct,136,0.1236
2024-09-16,South,Nova,Software,1767.83,1195.68,572.14,15,C-00414,Online,131,0.1168
2024-09-16,South,Pulse,Services,1786.12,1101.08,685.05,14,C-02491,Direct,104,0.1306
2024-09-16,East,Atlas,Hardware,1806.19,1193.34,612.84,22,C-02068,Online,108,0.0895
2024-09-16,East,Nova,Software,1823.01,1401.17,421.84,12,C-00860,Partner,126,0.0849
2024-09-16,East,Pulse,Services,1995.49,1334.45,661.04,16,C-00085,Online,102,0.1194
2024-09-16,West,Atlas,Hardware,1865.39,916.16,949.23,17,C-02496,Partner,105,0.1296
2024-09-16,West,Nova,Software,2017.75,1398.0,619.76,19,C-01420,Direct,170,0.1217
2024-09-16,West,Pulse,Services,2267.08,1508.58,758.49,15,C-02019,Direct,101,0.096
2024-09-17,North,Atlas,Hardware,1080.85,684.47,396.38,10,C-01773,Partner,95,0.0921
2024-09-17,North,Nova,Software,1322.48,1025.19,297.29,20,C-00669,Direct,124,0.1501
2024-09-17,North,Pulse,Services,1224.93,739.42,485.51,19,C-01850,Partner,148,0.1059
2024-09-17,South,Atlas,Hardware,1943.27,1280.74,662.53,15,C-00891,Partner,113,0.134
2024-09-17,South,Nova,Software,1988.17,1395.81,592.35,22,C-01995,Online,120,0.1345
2024-09-17,South,Pulse,Services,1949.83,1173.17,776.66,16,C-00269,Online,113,0.1233
2024-09-17,East,Atlas,Hardware,2031.39,1161.53,869.86,19,C-00246,Direct,106,0.1442
2024-09-17,East,Nova,Software,2016.94,1347.01,669.93,17,C-00210,Direct,131,0.1142
2024-09-17,East,Pulse,Services,2238.48,1493.25,745.23,19,C-00711,Online,103,0.1395
2024-09-17,West,Atlas,Hardware,2063.2,1295.39,767.81,18,C-00896,Direct,125,0.1149
2024-09-17,West,Nova,Software,2120.95,1047.57,1073.38,15,C-01290,Direct,98,0.1541
2024-09-17,West,Pulse,Services,2053.93,1182.07,871.87,18,C-01690,Online,127,0.1267
2024-09-18,North,Atlas,Hardware,1346.82,801.24,545.59,21,C-01007,Direct,136,0.0559
2024-09-18,North,Nova,Software,1284.13,910.66,373.47,17,C-01593,Online,163,0.1125
2024-09-18,North,Pulse,Services,1355.09,998.52,356.57,12,C-02404,Partner,81,0.0211
2024-09-18,South,Atlas,Hardware,2042.78,1506.45,536.33,13,C-00773,Partner,130,0.1523
2024-09-18,South,Nova,Software,2005.53,1383.48,622.04,15,C-01598,Direct,83,0.106
2024-09-18,South,Pulse,Services,1864.73,1293.58,571.15,14,C-02493,Partner,94,0.0869
2024-09-18,East,Atlas,Hardware,2026.84,1154.54,872.3,21,C-01681,Online,126,0.1566
2024-09-18,East,Nova,Software,1789.93,1018.57,771.35,18,C-00904,Partner,131,0.1228
2024-09-18,East,Pulse,Services,1706.15,1221.75,484.4,23,C-00178,Partner,121,0.0337
2024-09-18,West,Atlas,Hardware,2149.84,1316.32,833.51,18,C-02144,Online,155,0.1298
2024-09-18,West,Nova,Software,2158.98,1590.79,568.2,19,C-01100,Online,124,0.0601
2024-09-18,West,Pulse,Services,2248.38,1619.45,628.93,12,C-01907,Partner,131,0.0865
2024-09-19,North,Atlas,Hardware,1380.45,990.3,390.15,19,C-00601,Partner,111,0.0682
2024-09-19,North,Nova,Software,1464.91,843.55,621.35,20,C-00508,Partner,164,0.0546
2024-09-19,North,Pulse,Services,1250.03,681.48,568.55,19,C-01524,Direct,121,0.032
2024-09-19,South,Atlas,Hardware,1842.9,1025.54,817.35,23,C-01493,Partner,95,0.1234
2024-09-19,South,Nova,Software,1911.21,1622.04,289.18,22,C-01904,Online,100,0.0634
2024-09-19,South,Pulse,Services,1783.12,1183.14,599.98,13,C-01261,Direct,98,0.0423
2024-09-19,East,Atlas,Hardware,1928.09,1317.04,611.05,14,C-02289,Direct,116,0.1192
2024-09-19,East,Nova,Software,2115.76,1544.19,571.57,14,C-02354,Online,163,0.0984
2024-09-19,East,Pulse,Services,1961.52,1234.74,726.78,27,C-01295,Partner,178,0.1048
2024-09-19,West,Atlas,Hardware,2124.66,1504.77,619.89,19,C-00009,Partner,137,0.1459
2024-09-19,West,Nova,Software,2062.62,1392.9,669.72,18,C-00131,Online,139,0.1091
2024-09-19,West,Pulse,Services,2160.32,1451.12,709.2,16,C-00948,Online,97,0.2
2024-09-20,North,Atlas,Hardware,1543.02,982.03,560.99,16,C-00979,Online,141,0.0751
2024-09-20,North,Nova,Software,1179.07,699.54,479.54,14,C-01338,Partner,139,0.0451
2024-09-20,North,Pulse,Services,1310.96,723.96,587.0,15,C-01596,Online,148,0.1701
2024-09-20,South,Atlas,Hardware,1928.15,1293.29,634.86,21,C-02418,Direct,117,0.1036
2024-09-20,South,Nova,Software,1727.5,831.99,895.51,20,C-02427,Partner,64,0.114
2024-09-20,South,Pulse,Services,1801.79,1144.59,657.2,10,C-00555,Direct,124,0.1412
2024-09-20,East,Atlas,Hardware,1808.46,1221.28,587.19,20,C-02407,Online,125,0.1053
2024-09-20,East,Nova,Software,1918.38,1174.31,744.07,25,C-00832,Partner,107,0.1113
2024-09-20,East,Pulse,Services,1983.34,1190.49,792.85,14,C-01740,Direct,144,0.0936
2024-09-20,West,Atlas,Hardware,2029.69,1344.28,685.41,12,C-01682,Direct,138,0.0653
2024-09-20,West,Nova,Software,2061.27,1417.63,643.64,13,C-02416,Online,162,0.0661
2024-09-20,West,Pulse,Services,2045.43,1416.89,628.53,13,C-02205,Online,115,0.1544
2024-09-21,North,Atlas,Hardware,1319.89,795.44,524.45,23,C-00564,Online,117,0.0774
2024-09-21,North,Nova,Software,1327.34,922.31,405.02,14,C-01527,Direct,106,0.1103
2024-09-21,North,Pulse,Services,1558.02,778.1,779.92,16,C-00812,Online,99,0.0754
2024-09-21,South,Atlas,Hardware,1854.04,1170.01,684.03,14,C-02203,Direct,139,0.0178
2024-09-21,South,Nova,Software,1899.9,1270.83,629.06,19,C-02177,Online,139,0.1634
2024-09-21,South,Pulse,Services,1895.59,1483.19,412.39,16,C-01038,Direct,111,0.1205
2024-09-21,East,Atlas,Hardware,1894.97,1256.77,638.2,15,C-01712,Direct,86,0.1275
2024-09-21,East,Nova,Software,1922.53,1202.49,720.03,14,C-01120,Partner,128,0.0738
2024-09-21,East,Pulse,Services,1980.21,1300.72,679.49,25,C-01295,Direct,152,0.0015
2024-09-21,West,Atlas,Hardware,2235.72,1245.34,990.38,14,C-00698,Online,111,0.1224
2024-09-21,West,Nova,Software,1711.45,1110.07,601.38,19,C-01367,Direct,104,0.0806
2024-09-21,West,Pulse,Services,2195.63,1247.84,947.79,20,C-01692,Partner,89,0.0609
2024-09-22,North,Atlas,Hardware,1230.99,759.85,471.13,17,C-01536,Partner,102,0.1162
2024-09-22,North,Nova,Software,1151.78,772.73,379.05,20,C-01407,Direct,122,0.1431
2024-09-22,North,Pulse,Services,1475.73,1011.33,464.4,20,C-01738,Partner,154,0.0639
2024-09-22,South,Atlas,Hardware,1931.13,1324.75,606.38,18,C-01475,Partner,102,0.1888
2024-09-22,South,Nova,Software,1560.02,960.36,599.66,23,C-01245,Online,174,0.0278
2024-09-22,South,Pulse,Services,1911.22,1316.63,594.59,17,C-00153,Direct,115,0.1504
2024-09-22,East,Atlas,Hardware,2124.94,1398.13,726.81,14,C-01246,Online,141,0.1136
2024-09-22,East,Nova,Software,2086.46,1370.91,715.56,16,C-00765,Direct,99,0.0963
2024-09-22,East,Pulse,Services,1851.94,1260.41,591.54,15,C-00315,Partner,136,0.2105
2024-09-22,West,Atlas,Hardware,2117.38,1613.12,504.26,20,C-01419,Direct,103,0.0708
2024-09-22,West,Nova,Software,2119.31,1233.69,885.62,24,C-01680,Online,178,0.0684
2024-09-22,West,Pulse,Services,2082.93,1239.98,842.95,25,C-02427,Online,119,0.0906
2024-09-23,North,Atlas,Hardware,1318.36,800.41,517.95,21,C-00582,Online,126,0.0912
2024-09-23,North,Nova,Software,1568.1,1187.41,380.69,19,C-00418,Online,143,0.1699
2024-09-23,North,Pulse,Services,1373.2,708.88,664.32,12,C-02326,Partner,140,0.0946
2024-09-23,South,Atlas,Hardware,1890.71,1197.3,693.41,33,C-01839,Online,103,0.1311
2024-09-23,South,Nova,Software,1983.14,1334.98,648.16,17,C-00810,Online,126,0.1255
2024-09-23,South,Pulse,Services,1799.27,1185.85,613.42,25,C-00353,Online,114,0.0623
2024-09-23,East,Atlas,Hardware,1947.09,1113.64,833.44,12,C-00900,Online,122,0.0537
2024-09-23,East,Nova,Software,1908.52,1335.34,573.19,14,C-01902,Direct,129,0.0891
2024-09-23,East,Pulse,Services,1982.39,1394.57,587.82,19,C-00722,Direct,93,0.1365
2024-09-23,West,Atlas,Hardware,2096.48,1830.06,266.41,12,C-00406,Direct,156,0.0898
2024-09-23,West,Nova,Software,2307.5,1478.45,829.05,15,C-00133,Online,99,0.134
2024-09-23,West,Pulse,Services,2047.14,1462.48,584.65,21,C-00936,Direct,144,0.0973
2024-09-24,North,Atlas,Hardware,1148.9,741.93,406.96,20,C-01285,Partner,110,0.1111
2024-09-24,North,Nova,Software,1311.44,781.01,530.43,15,C-02215,Online,133,0.1713
2024-09-24,North,Pulse,Services,1291.27,950.36,340.91,15,C-01251,Partner,106,0.1722
2024-09-24,South,Atlas,Hardware,1932.91,1203.04,729.87,13,C-01841,Direct,125,0.1461
2024-09-24,South,Nova,Software,1724.86,1136.84,588.02,21,C-02395,Direct,133,0.0682
2024-09-24,South,Pulse,Services,1741.48,1047.1,694.38,18,C-02301,Online,114,0.0643
2024-09-24,East,Atlas,Hardware,2044.54,1405.98,638.56,15,C-00048,Online,95,0.044
2024-09-24,East,Nova,Software,1992.33,1177.91,814.42,21,C-00380,Partner,104,0.0509
2024-09-24,East,Pulse,Services,1734.86,1140.89,593.96,17,C-01115,Online,153,0.1323
2024-09-24,West,Atlas,Hardware,2108.78,1538.87,569.91,18,C-01836,Online,136,0.1243
2024-09-24,West,Nova,Software,1985.69,1191.1,794.59,15,C-00135,Direct,93,0.1831
2024-09-24,West,Pulse,Services,1962.43,1107.39,855.03,11,C-01175,Partner,122,0.2404
2024-09-25,North,Atlas,Hardware,1404.34,887.02,517.31,14,C-01768,Direct,141,0.1783
2024-09-25,North,Nova,Software,1365.19,837.37,527.82,25,C-00476,Online,96,0.0549
2024-09-25,North,Pulse,Services,1477.23,1018.46,458.77,24,C-01226,Direct,143,0.0701
2024-09-25,South,Atlas,Hardware,1768.2,1220.88,547.32,23,C-00213,Online,127,0.1027
2024-09-25,South,Nova,Software,1835.21,1131.3,703.91,15,C-01015,Online,143,0.2057
2024-09-25,South,Pulse,Services,1812.33,1254.01,558.32,26,C-01096,Partner,142,0.0151
2024-09-25,East,Atlas,Hardware,1824.74,1309.8,514.94,15,C-01360,Partner,146,0.0859
2024-09-25,East,Nova,Software,2023.79,1238.5,785.29,15,C-01423,Direct,137,0.1011
2024-09-25,East,Pulse,Services,1825.27,1059.13,766.14,12,C-02277,Direct,110,0.1256
2024-09-25,West,Atlas,Hardware,1928.9,1177.45,751.45,23,C-02087,Partner,109,0.0362
2024-09-25,West,Nova,Software,2123.72,1292.92,830.8,20,C-00897,Partner,138,0.1044
2024-09-25,West,Pulse,Services,2303.31,1384.75,918.56,15,C-01683,Partner,118,0.1847
2024-09-26,North,Atlas,Hardware,1214.87,768.43,446.44,15,C-01320,Direct,138,0.0434
2024-09-26,North,Nova,Software,1440.29,839.66,600.63,24,C-01984,Partner,80,0.1582
2024-09-26,North,Pulse,Services,1478.41,850.35,628.06,15,C-00797,Partner,144,0.0951
2024-09-26,South,Atlas,Hardware,1829.98,1127.96,702.02,15,C-02142,Direct,117,0.1357
2024-09-26,South,Nova,Software,1912.03,1169.37,742.66,19,C-01574,Partner,112,0.1294
2024-09-26,South,Pulse,Services,1920.53,1235.9,684.64,19,C-01407,Partner,125,0.0048
2024-09-26,East,Atlas,Hardware,1810.52,1217.54,592.98,18,C-01191,Direct,119,0.0972
2024-09-26,East,Nova,Software,2082.53,1292.12,790.4,16,C-01094,Direct,116,0.0707
2024-09-26,East,Pulse,Services,2144.96,1265.95,879.02,14,C-00319,Online,139,0.1687
2024-09-26,West,Atlas,Hardware,2206.68,1433.04,773.65,18,C-00499,Online,138,0.0636
2024-09-26,West,Nova,Software,2145.3,1515.49,629.81,16,C-01596,Direct,80,0.1375
2024-09-26,West,Pulse,Services,2190.37,1359.33,831.04,17,C-02475,Online,88,0.084
2024-09-27,North,Atlas,Hardware,1483.67,905.19,578.48,15,C-00424,Online,111,0.0812
2024-09-27,North,Nova,Software,1213.81,864.11,349.7,22,C-00379,Partner,116,0.1983
2024-09-27,North,Pulse,Services,1346.97,690.62,656.35,24,C-02261,Direct,56,0.1357
2024-09-27,South,Atlas,Hardware,1882.6,1568.72,313.89,29,C-01050,Direct,152,0.0994
2024-09-27,South,Nova,Software,1636.92,1080.12,556.8,24,C-01055,Partner,126,0.1559
2024-09-27,South,Pulse,Services,1740.53,927.47,813.06,26,C-00782,Online,94,0.0823
2024-09-27,East,Atlas,Hardware,2027.78,1513.38,514.4,19,C-01345,Direct,150,0.0738
2024-09-27,East,Nova,Software,2384.04,1735.2,648.84,14,C-02095,Partner,119,0.1121
2024-09-27,East,Pulse,Services,2042.08,1394.33,647.74,12,C-00835,Partner,86,0.1412
2024-09-27,West,Atlas,Hardware,2063.94,1388.2,675.74,15,C-01571,Online,110,0.1046
2024-09-27,West,Nova,Software,2208.76,1108.17,1100.59,18,C-00309,Online,85,0.0856
2024-09-27,West,Pulse,Services,2188.54,1429.44,759.1,24,C-00932,Online,128,0.0239
2024-09-28,North,Atlas,Hardware,1440.7,962.42,478.29,23,C-00348,Partner,72,0.1052
2024-09-28,North,Nova,Software,1293.55,779.34,514.21,27,C-02213,Direct,137,0.0706
2024-09-28,North,Pulse,Services,1354.59,843.48,511.12,27,C-00903,Partner,94,0.0877
2024-09-28,South,Atlas,Hardware,2066.77,1473.3,593.47,20,C-00437,Direct,110,0.1363
2024-09-28,South,Nova,Software,1846.44,1567.61,278.83,20,C-00280,Direct,91,0.118
2024-09-28,South,Pulse,Services,1816.8,1158.07,658.73,21,C-01812,Online,102,0.1595
2024-09-28,East,Atlas,Hardware,1601.79,1019.82,581.96,15,C-01196,Partner,157,0.1082
2024-09-28,East,Nova,Software,1866.07,1200.22,665.86,21,C-00912,Direct,104,0.1824
2024-09-28,East,Pulse,Services,1886.18,1084.89,801.29,15,C-02195,Direct,116,0.1694
2024-09-28,West,Atlas,Hardware,2207.71,1435.01,772.7,11,C-00880,Online,140,0.0713
2024-09-28,West,Nova,Software,1871.64,1376.63,495.01,15,C-02021,Online,160,0.0612
2024-09-28,West,Pulse,Services,1972.83,1422.72,550.11,25,C-01652,Partner,107,0.0858
2024-09-29,North,Atlas,Hardware,1453.81,1176.63,277.18,16,C-01344,Partner,118,0.0959
2024-09-29,North,Nova,Software,1426.73,1084.63,342.11,16,C-00061,Direct,148,0.1633
2024-09-29,North,Pulse,Services,1356.25,949.12,407.13,20,C-00814,Online,122,0.1922
2024-09-29,South,Atlas,Hardware,2080.94,1328.03,752.91,25,C-00320,Online,113,0.0297
2024-09-29,South,Nova,Software,1734.84,1166.9,567.93,13,C-01698,Direct,127,0.1131
2024-09-29,South,Pulse,Services,2051.25,1251.79,799.47,20,C-01216,Partner,128,0.181
2024-09-29,East,Atlas,Hardware,1813.86,961.44,852.43,21,C-01973,Direct,110,0.1318
2024-09-29,East,Nova,Software,1895.4,1186.71,708.7,15,C-01348,Direct,145,0.1607
2024-09-29,East,Pulse,Services,2087.59,1227.56,860.03,19,C-02258,Partner,145,0.089
2024-09-29,West,Atlas,Hardware,1906.75,1525.4,381.36,19,C-00981,Online,123,0.1501
2024-09-29,West,Nova,Software,2300.14,1646.21,653.93,17,C-01529,Online,136,0.1179
2024-09-29,West,Pulse,Services,2230.28,1296.6,933.68,21,C-00355,Partner,124,0.1314
2024-09-30,North,Atlas,Hardware,1333.39,930.49,402.9,11,C-01065,Online,98,0.0602
2024-09-30,North,Nova,Software,1374.24,906.71,467.54,17,C-01777,Partner,123,0.0638
2024-09-30,North,Pulse,Services,1372.13,861.23,510.9,16,C-01768,Online,138,0.0527
2024-09-30,South,Atlas,Hardware,1989.24,1040.95,948.28,23,C-00313,Direct,114,0.1281
2024-09-30,South,Nova,Software,1844.95,1167.54,677.42,25,C-00617,Partner,103,0.1261
2024-09-30,South,Pulse,Services,1712.11,1294.12,417.99,20,C-00061,Partner,117,0.1043
2024-09-30,East,Atlas,Hardware,2085.82,1301.11,784.71,21,C-01695,Direct,122,0.1023
2024-09-30,East,Nova,Software,1997.92,1135.87,862.05,13,C-01310,Online,103,0.0781
2024-09-30,East,Pulse,Services,1880.02,1084.36,795.65,18,C-00088,Online,116,0.134
2024-09-30,West,Atlas,Hardware,2371.34,1391.69,979.65,24,C-00149,Partner,105,0.1355
2024-09-30,West,Nova,Software,2370.9,1725.58,645.31,18,C-02225,Online,103,0.059
2024-09-30,West,Pulse,Services,2500.45,1710.7,789.75,15,C-02441,Direct,131,0.135
2024-10-01,North,Atlas,Hardware,1435.62,1116.65,318.96,20,C-01080,Direct,120,0.1491
2024-10-01,North,Nova,Software,1335.27,997.6,337.67,20,C-02338,Online,79,0.0954
2024-10-01,North,Pulse,Services,1427.19,739.29,687.9,20,C-02062,Partner,121,0.1097
2024-10-01,South,Atlas,Hardware,1870.5,1250.45,620.04,15,C-01465,Direct,184,0.0485
2024-10-01,South,Nova,Software,1724.77,1150.54,574.22,13,C-00871,Partner,132,0.1448
2024-10-01,South,Pulse,Services,1705.37,1119.27,586.11,15,C-01400,Partner,152,0.0709
2024-10-01,East,Atlas,Hardware,1681.38,1063.22,618.16,18,C-01182,Partner,116,0.0517
2024-10-01,East,Nova,Software,2028.27,1326.2,702.07,14,C-01094,Direct,110,0.1219
2024-10-01,East,Pulse,Services,1891.3,1280.37,610.93,21,C-02041,Direct,133,0.1789
2024-10-01,West,Atlas,Hardware,2094.63,1393.49,701.14,12,C-01184,Online,126,0.1704
2024-10-01,West,Nova,Software,2176.34,1593.46,582.88,17,C-02202,Partner,88,0.1336
2024-10-01,West,Pulse,Services,2030.42,1350.81,679.61,16,C-02382,Direct,132,0.1351
2024-10-02,North,Atlas,Hardware,1394.87,1031.91,362.96,12,C-02154,Direct,133,0.0995
2024-10-02,North,Nova,Software,1253.94,810.82,443.12,23,C-01492,Online,102,0.1543
2024-10-02,North,Pulse,Services,1211.67,807.09,404.58,16,C-01035,Partner,115,0.1159
2024-10-02,South,Atlas,Hardware,1721.85,1068.39,653.46,31,C-01048,Direct,80,0.1184
2024-10-02,South,Nova,Software,1955.05,1081.16,873.89,12,C-00624,Direct,153,0.0966
2024-10-02,South,Pulse,Services,1936.57,1276.91,659.66,23,C-00688,Partner,125,0.1158
2024-10-02,East,Atlas,Hardware,2218.0,1452.29,765.71,15,C-01603,Partner,95,0.0793
2024-10-02,East,Nova,Software,2092.22,1570.37,521.85,18,C-00962,Partner,138,0.1748
2024-10-02,East,Pulse,Services,1712.89,980.62,732.27,15,C-00529,Direct,112,0.1369
2024-10-02,West,Atlas,Hardware,2241.34,1480.38,760.96,12,C-00640,Online,132,0.124
2024-10-02,West,Nova,Software,2018.78,1304.98,713.8,22,C-01226,Direct,76,0.1658
2024-10-02,West,Pulse,Services,2115.1,1265.44,849.66,13,C-00806,Online,115,0.1838
2024-10-03,North,Atlas,Hardware,1475.39,1133.72,341.67,17,C-00333,Direct,106,0.0711
2024-10-03,North,Nova,Software,1100.72,654.28,446.43,13,C-01585,Direct,164,0.069
2024-10-03,North,Pulse,Services,1628.24,1294.49,333.76,16,C-01655,Direct,98,0.1617
2024-10-03,South,Atlas,Hardware,2127.31,1341.91,785.4,18,C-01617,Online,85,0.0666
2024-10-03,South,Nova,Software,1771.21,1205.12,566.09,24,C-02199,Partner,115,0.0562
2024-10-03,South,Pulse,Services,2004.73,1356.09,648.64,25,C-01454,Online,129,0.1303
2024-10-03,East,Atlas,Hardware,1982.89,1296.11,686.78,15,C-01179,Direct,104,0.0488
2024-10-03,East,Nova,Software,2057.23,1451.48,605.75,12,C-01217,Partner,115,0.0791
2024-10-03,East,Pulse,Services,1690.23,1331.42,358.81,21,C-01753,Direct,126,0.1767
2024-10-03,West,Atlas,Hardware,2136.45,1431.68,704.77,21,C-01091,Direct,138,0.1189
2024-10-03,West,Nova,Software,2229.07,1449.58,779.49,20,C-01295,Online,180,0.1738
2024-10-03,West,Pulse,Services,2004.21,1242.42,761.8,19,C-02053,Direct,136,0.1317
2024-10-04,North,Atlas,Hardware,1488.31,866.35,621.96,20,C-02179,Direct,123,0.1702
2024-10-04,North,Nova,Software,1360.58,814.54,546.05,21,C-00105,Online,114,0.0859
2024-10-04,North,Pulse,Services,1469.53,906.01,563.52,20,C-02226,Direct,126,0.0971
2024-10-04,South,Atlas,Hardware,1698.87,1145.01,553.86,10,C-01796,Direct,118,0.0891
2024-10-04,South,Nova,Software,1846.34,1029.96,816.38,25,C-00828,Partner,75,0.0916
2024-10-04,South,Pulse,Services,1830.58,915.04,915.54,16,C-02499,Direct,77,0.1617
2024-10-04,East,Atlas,Hardware,1852.28,966.21,886.07,18,C-02029,Direct,108,0.138
2024-10-04,East,Nova,Software,2194.86,1594.3,600.56,18,C-00631,Online,147,0.0722
2024-10-04,East,Pulse,Services,2090.36,1233.98,856.38,17,C-01144,Online,118,0.0731
2024-10-04,West,Atlas,Hardware,2288.16,1672.14,616.02,14,C-00932,Partner,132,0.0868
2024-10-04,West,Nova,Software,2120.9,1262.81,858.09,10,C-01422,Partner,75,0.1655
2024-10-04,West,Pulse,Services,1848.66,1081.87,766.78,23,C-02338,Direct,157,0.1368
2024-10-05,North,Atlas,Hardware,1246.42,810.32,436.1,17,C-00043,Partner,122,0.1366
2024-10-05,North,Nova,Software,1287.56,810.5,477.06,21,C-00540,Online,106,0.1527
2024-10-05,North,Pulse,Services,1353.81,868.31,485.5,17,C-00572,Online,86,0.0551
2024-10-05,South,Atlas,Hardware,1668.69,1025.57,643.12,19,C-00382,Direct,154,0.1045
2024-10-05,South,Nova,Software,1851.43,1206.89,644.54,13,C-02018,Partner,141,0.1239
2024-10-05,South,Pulse,Services,1983.93,1442.44,541.49,14,C-01295,Online,61,0.0896
2024-10-05,East,Atlas,Hardware,2329.01,1545.26,783.75,19,C-01317,Partner,154,0.1288
2024-10-05,East,Nova,Software,1951.09,1151.9,799.19,18,C-01003,Partner,107,0.1061
2024-10-05,East,Pulse,Services,1976.68,1115.56,861.12,22,C-00309,Online,115,0.1402
2024-10-05,West,Atlas,Hardware,2225.12,1472.22,752.9,26,C-00948,Online,138,0.1302
2024-10-05,West,Nova,Software,2207.0,1440.29,766.7,24,C-01160,Direct,150,0.094
2024-10-05,West,Pulse,Services,2055.48,1283.06,772.42,13,C-00323,Partner,123,0.1491
2024-10-06,North,Atlas,Hardware,1352.68,795.15,557.53,21,C-00697,Partner,67,0.0872
2024-10-06,North,Nova,Software,1366.46,915.32,451.15,15,C-00006,Direct,110,0.2055
2024-10-06,North,Pulse,Services,1223.28,737.89,485.39,17,C-02006,Direct,125,0.1394
2024-10-06,South,Atlas,Hardware,1819.13,996.52,822.6,17,C-01953,Online,133,0.0943
2024-10-06,South,Nova,Software,2089.05,1545.85,543.2,15,C-00328,Online,109,0.1383
2024-10-06,South,Pulse,Services,1772.43,1041.03,731.39,19,C-00002,Direct,93,0.1303
2024-10-06,East,Atlas,Hardware,1892.97,1260.57,632.4,15,C-00501,Direct,137,0.0884
2024-10-06,East,Nova,Software,1699.14,1203.65,495.5,22,C-01112,Direct,108,0.0593
2024-10-06,East,Pulse,Services,1932.8,1221.48,711.32,12,C-00053,Direct,160,0.1175
2024-10-06,West,Atlas,Hardware,1923.68,1176.24,747.45,19,C-01294,Direct,81,0.112
2024-10-06,West,Nova,Software,2083.0,1356.89,726.11,15,C-00308,Partner,121,0.0443
2024-10-06,West,Pulse,Services,1994.14,1279.24,714.9,14,C-00467,Direct,144,0.1005
2024-10-07,North,Atlas,Hardware,1344.15,991.28,352.86,21,C-02057,Online,86,0.0756
2024-10-07,North,Nova,Software,1390.52,863.77,526.74,12,C-01462,Direct,119,0.1904
2024-10-07,North,Pulse,Services,1377.55,773.29,604.26,23,C-02229,Partner,116,0.0945
2024-10-07,South,Atlas,Hardware,1703.51,996.61,706.89,24,C-00581,Online,109,0.1375
2024-10-07,South,Nova,Software,1840.86,1062.92,777.94,16,C-01881,Online,148,0.1194
2024-10-07,South,Pulse,Services,1550.76,943.96,606.8,18,C-00334,Online,167,0.1245
2024-10-07,East,Atlas,Hardware,2131.71,1356.44,775.27,20,C-01013,Online,75,0.1949
2024-10-07,East,Nova,Software,1842.99,1031.82,811.17,22,C-01680,Direct,89,0.0733
2024-10-07,East,Pulse,Services,1955.54,1304.01,651.53,18,C-02145,Partner,105,0.074
2024-10-07,West,Atlas,Hardware,1916.06,1043.33,872.72,18,C-00422,Partner,93,0.107
2024-10-07,West,Nova,Software,2093.6,1192.87,900.73,15,C-01030,Online,121,0.1182
2024-10-07,West,Pulse,Services,1913.54,1267.28,646.26,22,C-00412,Partner,138,0.103
2024-10-08,North,Atlas,Hardware,1394.43,748.79,645.64,21,C-00815,Partner,148,0.0774
2024-10-08,North,Nova,Software,1493.44,705.33,788.11,29,C-00365,Online,109,0.061
2024-10-08,North,Pulse,Services,1470.22,792.14,678.07,15,C-01600,Partner,156,0.0708
2024-10-08,South,Atlas,Hardware,1843.79,1014.38,829.41,23,C-01972,Partner,154,0.1508
2024-10-08,South,Nova,Software,1890.93,1543.81,347.12,21,C-01904,Online,108,0.032
2024-10-08,South,Pulse,Services,1873.03,1039.64,833.39,12,C-02350,Partner,90,0.1514
2024-10-08,East,Atlas,Hardware,1787.51,1091.63,695.88,15,C-01215,Partner,110,0.1606
2024-10-08,East,Nova,Software,2135.75,1640.65,495.09,18,C-01927,Partner,113,0.1069
2024-10-08,East,Pulse,Services,2260.66,1599.52,661.14,18,C-01731,Direct,76,0.1698
2024-10-08,West,Atlas,Hardware,2263.2,1440.84,822.35,25,C-01509,Direct,183,0.0948
2024-10-08,West,Nova,Software,1914.44,1079.41,835.03,20,C-01577,Online,134,0.0775
2024-10-08,West,Pulse,Services,2159.13,1369.89,789.24,8,C-01265,Online,130,0.1182
2024-10-09,North,Atlas,Hardware,1235.79,957.57,278.23,20,C-00511,Direct,100,0.1455
2024-10-09,North,Nova,Software,1394.29,956.24,438.05,15,C-01351,Online,116,0.0888
2024-10-09,North,Pulse,Services,1396.52,922.29,474.22,20,C-00306,Partner,100,0.1386
2024-10-09,South,Atlas,Hardware,1800.89,842.6,958.28,15,C-00166,Online,121,0.1009
2024-10-09,South,Nova,Software,1844.41,1184.2,660.21,15,C-00583,Partner,131,0.1344
2024-10-09,South,Pulse,Services,1897.93,1315.98,581.96,19,C-01088,Direct,124,0.0837
2024-10-09,East,Atlas,Hardware,2006.92,1200.07,806.84,19,C-01111,Partner,121,0.024
2024-10-09,East,Nova,Software,2183.2,1443.78,739.42,24,C-01540,Online,106,0.1159
2024-10-09,East,Pulse,Services,1991.62,1182.16,809.46,20,C-01765,Partner,81,0.0907
2024-10-09,West,Atlas,Hardware,2099.95,1244.82,855.13,22,C-00418,Direct,93,0.158
2024-10-09,West,Nova,Software,2193.43,1311.86,881.56,26,C-02295,Online,98,0.184
2024-10-09,West,Pulse,Services,2095.63,1269.22,826.41,18,C-00911,Partner,116,0.1221
2024-10-10,North,Atlas,Hardware,1212.41,705.03,507.38,17,C-00018,Partner,116,0.0246
2024-10-10,North,Nova,Software,1265.95,795.8,470.15,28,C-00751,Online,134,0.2086
2024-10-10,North,Pulse,Services,1289.43,803.13,486.3,11,C-02006,Online,153,0.0737
2024-10-10,South,Atlas,Hardware,1814.52,976.65,837.87,22,C-00800,Partner,92,0.2297
2024-10-10,South,Nova,Software,1951.73,1391.91,559.81,22,C-00175,Direct,112,0.0896
2024-10-10,South,Pulse,Services,1668.65,1290.93,377.71,19,C-01015,Partner,84,0.135
2024-10-10,East,Atlas,Hardware,2023.62,1242.71,780.91,14,C-00730,Online,124,0.1069
2024-10-10,East,Nova,Software,2015.65,1407.5,608.15,15,C-00152,Direct,139,0.1222
2024-10-10,East,Pulse,Services,2183.52,1464.94,718.57,17,C-02216,Direct,139,0.0795
2024-10-10,West,Atlas,Hardware,2128.92,1280.29,848.63,12,C-02179,Online,131,0.203
2024-10-10,West,Nova,Software,2122.23,1362.57,759.66,23,C-01739,Partner,140,0.0718
2024-10-10,West,Pulse,Services,2414.0,1471.69,942.31,15,C-00297,Direct,151,0.1313
2024-10-11,North,Atlas,Hardware,1430.99,988.4,442.59,22,C-00773,Online,128,0.1086
2024-10-11,North,Nova,Software,1249.81,861.29,388.52,12,C-00511,Online,116,0.0801
2024-10-11,North,Pulse,Services,1211.27,783.68,427.6,24,C-00800,Online,116,0.0474
2024-10-11,South,Atlas,Hardware,1878.58,999.08,879.5,18,C-02292,Online,122,0.0654
2024-10-11,South,Nova,Software,1767.23,1141.05,626.18,22,C-00566,Partner,142,0.0875
2024-10-11,South,Pulse,Services,1948.95,1472.91,476.05,25,C-02494,Online,117,0.1077
2024-10-11,East,Atlas,Hardware,2065.78,1262.1,803.68,18,C-00439,Direct,73,0.1122
2024-10-11,East,Nova,Software,2053.45,1420.58,632.87,21,C-01975,Online,82,0.0885
2024-10-11,East,Pulse,Services,2038.79,1029.02,1009.76,22,C-01385,Online,152,0.1428
2024-10-11,West,Atlas,Hardware,2053.49,1226.45,827.04,16,C-02038,Online,112,0.21
2024-10-11,West,Nova,Software,2110.82,1311.64,799.18,10,C-01586,Direct,56,0.1368
2024-10-11,West,Pulse,Services,2045.14,1316.52,728.62,15,C-01868,Partner,126,0.1669
2024-10-12,North,Atlas,Hardware,1269.31,776.56,492.75,16,C-01310,Direct,153,0.1485
2024-10-12,North,Nova,Software,1394.68,818.95,575.73,18,C-02488,Partner,165,0.0435
2024-10-12,North,Pulse,Services,1245.49,789.19,456.3,21,C-00729,Direct,112,0.0738
2024-10-12,South,Atlas,Hardware,1961.09,1070.67,890.42,18,C-01231,Partner,142,0.0884
2024-10-12,South,Nova,Software,2088.4,1763.95,324.45,16,C-00763,Online,160,0.0364
2024-10-12,South,Pulse,Services,1992.22,1163.44,828.78,19,C-01598,Direct,157,0.1272
2024-10-12,East,Atlas,Hardware,1934.12,1404.27,529.86,14,C-02477,Direct,153,0.0775
2024-10-12,East,Nova,Software,2046.1,1246.36,799.74,14,C-01232,Direct,94,0.1141
2024-10-12,East,Pulse,Services,1980.86,1479.3,501.56,22,C-00969,Direct,153,0.1384
2024-10-12,West,Atlas,Hardware,1961.2,1521.9,439.3,24,C-01623,Direct,119,0.1029
2024-10-12,West,Nova,Software,2115.59,1359.52,756.07,19,C-00840,Online,135,0.1287
2024-10-12,West,Pulse,Services,2092.8,1396.46,696.33,15,C-00805,Online,167,0.0336
2024-10-13,North,Atlas,Hardware,1360.27,937.92,422.35,26,C-01192,Direct,131,0.0586
2024-10-13,North,Nova,Software,1417.04,989.99,427.05,17,C-01581,Online,99,0.1163
2024-10-13,North,Pulse,Services,1196.79,814.9,381.89,16,C-00410,Online,100,0.1134
2024-10-13,South,Atlas,Hardware,1875.28,1148.11,727.17,17,C-00501,Direct,157,0.1097
2024-10-13,South,Nova,Software,1749.72,1080.6,669.12,14,C-02015,Partner,134,0.1761
2024-10-13,South,Pulse,Services,1893.16,1275.63,617.53,16,C-01654,Online,102,0.1377
2024-10-13,East,Atlas,Hardware,1926.12,1514.54,411.58,18,C-01613,Partner,131,0.092
2024-10-13,East,Nova,Software,2126.19,1156.59,969.61,21,C-00935,Partner,166,0.1003
2024-10-13,East,Pulse,Services,1808.25,1308.06,500.18,13,C-02356,Direct,120,0.1048
2024-10-13,West,Atlas,Hardware,1848.45,1308.72,539.72,16,C-01719,Online,144,0.174
2024-10-13,West,Nova,Software,2185.22,1261.08,924.14,15,C-01332,Online,98,0.1192
2024-10-13,West,Pulse,Services,2119.97,1453.03,666.93,22,C-00457,Partner,132,0.1731
2024-10-14,North,Atlas,Hardware,1328.45,745.62,582.84,17,C-01175,Partner,146,0.0713
2024-10-14,North,Nova,Software,1408.85,989.47,419.38,21,C-00845,Direct,141,0.0808
2024-10-14,North,Pulse,Services,1415.11,760.19,654.93,14,C-02421,Direct,122,0.1657
2024-10-14,South,Atlas,Hardware,1825.52,1311.97,513.55,15,C-01646,Partner,106,0.1713
2024-10-14,South,Nova,Software,1716.2,975.94,740.26,26,C-00588,Partner,127,0.0731
2024-10-14,South,Pulse,Services,1787.72,1333.05,454.66,14,C-01881,Direct,144,0.1093
2024-10-14,East,Atlas,Hardware,1910.26,1192.53,717.74,14,C-02246,Online,123,0.1148
2024-10-14,East,Nova,Software,1945.74,1476.49,469.25,18,C-01789,Online,165,0.1206
2024-10-14,East,Pulse,Services,1995.79,1034.16,961.63,13,C-02458,Direct,114,0.0941
2024-10-14,West,Atlas,Hardware,1886.88,1210.75,676.13,20,C-02190,Direct,89,0.0871
2024-10-14,West,Nova,Software,2077.58,1279.65,797.93,21,C-02106,Partner,151,0.0704
2024-10-14,West,Pulse,Services,2313.17,1472.14,841.04,17,C-00845,Direct,150,0.0361
2024-10-15,North,Atlas,Hardware,1460.88,893.99,566.88,17,C-00896,Partner,113,0.1504
2024-10-15,North,Nova,Software,1352.79,725.9,626.89,13,C-02315,Online,121,0.1686
2024-10-15,North,Pulse,Services,1315.51,831.85,483.66,11,C-00839,Partner,167,0.2059
2024-10-15,South,Atlas,Hardware,2015.44,1476.6,538.84,12,C-01344,Direct,131,0.0269
2024-10-15,South,Nova,Software,1788.77,1441.87,346.9,17,C-01059,Online,94,0.0937
2024-10-15,South,Pulse,Services,1972.25,1304.79,667.46,22,C-00351,Partner,130,0.1681
2024-10-15,East,Atlas,Hardware,2044.51,1330.86,713.66,25,C-00943,Partner,126,0.1471
2024-10-15,East,Nova,Software,1888.41,1357.83,530.58,14,C-00127,Direct,145,0.1389
2024-10-15,East,Pulse,Services,1787.29,1235.15,552.14,16,C-01504,Online,149,0.0387
2024-10-15,West,Atlas,Hardware,2226.7,1646.63,580.07,16,C-02396,Partner,151,0.0726
2024-10-15,West,Nova,Software,1823.16,1170.81,652.35,13,C-01428,Online,130,0.1275
2024-10-15,West,Pulse,Services,2110.41,1229.71,880.69,17,C-01289,Online,160,0.1521
2024-10-16,North,Atlas,Hardware,1521.01,686.7,834.32,26,C-00531,Partner,122,0.1499
2024-10-16,North,Nova,Software,1324.16,846.77,477.4,17,C-01377,Partner,103,0.1115
2024-10-16,North,Pulse,Services,1551.42,901.01,650.42,18,C-00633,Online,103,0.0886
2024-10-16,South,Atlas,Hardware,1966.17,1168.16,798.02,26,C-02172,Partner,110,0.1078
2024-10-16,South,Nova,Software,1603.9,1232.67,371.22,18,C-01988,Partner,122,0.0829
2024-10-16,South,Pulse,Services,1983.13,1226.24,756.89,19,C-00675,Partner,142,0.1019
2024-10-16,East,Atlas,Hardware,2052.06,1500.66,551.39,25,C-01683,Online,139,0.1348
2024-10-16,East,Nova,Software,1805.68,994.94,810.74,20,C-01066,Partner,135,0.0086
2024-10-16,East,Pulse,Services,1918.73,1344.64,574.09,17,C-01658,Partner,136,0.0949
2024-10-16,West,Atlas,Hardware,2068.07,1194.4,873.66,18,C-02050,Partner,179,0.0948
2024-10-16,West,Nova,Software,2130.18,1267.21,862.97,15,C-01146,Partner,106,0.1116
2024-10-16,West,Pulse,Services,2147.02,1301.72,845.3,25,C-02341,Online,107,0.1128
2024-10-17,North,Atlas,Hardware,1058.22,633.99,424.23,21,C-00647,Direct,136,0.1032
2024-10-17,North,Nova,Software,1155.99,799.41,356.59,19,C-00434,Partner,124,0.0715
2024-10-17,North,Pulse,Services,1321.01,677.98,643.03,20,C-02222,Online,116,0.1001
2024-10-17,South,Atlas,Hardware,1560.77,964.66,596.11,17,C-01747,Online,157,0.0196
2024-10-17,South,Nova,Software,1677.44,1123.05,554.4,21,C-02322,Online,106,0.0732
2024-10-17,South,Pulse,Services,1911.74,1293.05,618.69,21,C-02486,Online,105,0.0539
2024-10-17,East,Atlas,Hardware,1698.05,1056.26,641.8,21,C-02399,Online,88,0.0989
2024-10-17,East,Nova,Software,2167.78,1440.73,727.05,24,C-01088,Partner,128,0.0896
2024-10-17,East,Pulse,Services,2154.14,1453.61,700.53,16,C-02363,Partner,161,0.1597
2024-10-17,West,Atlas,Hardware,2359.85,1634.92,724.93,19,C-02229,Online,71,0.1507
2024-10-17,West,Nova,Software,2263.21,1592.52,670.69,14,C-01988,Direct,94,0.0985
2024-10-17,West,Pulse,Services,2353.95,1575.08,778.87,14,C-01797,Direct,140,0.0799
2024-10-18,North,Atlas,Hardware,1515.67,823.84,691.83,17,C-01990,Online,129,0.0734
2024-10-18,North,Nova,Software,1535.93,1084.39,451.55,7,C-02036,Partner,115,0.1937
2024-10-18,North,Pulse,Services,1359.53,858.71,500.82,18,C-02470,Online,92,0.105
2024-10-18,South,Atlas,Hardware,2012.89,1229.5,783.39,22,C-00500,Online,121,0.1332
2024-10-18,South,Nova,Software,1967.99,1261.99,705.99,14,C-01286,Direct,84,0.099
2024-10-18,South,Pulse,Services,1926.26,1133.52,792.74,13,C-00061,Partner,147,0.12
2024-10-18,East,Atlas,Hardware,2171.5,1224.37,947.13,14,C-00874,Direct,81,0.0594
2024-10-18,East,Nova,Software,2022.79,1323.85,698.94,28,C-00160,Online,90,0.138
2024-10-18,East,Pulse,Services,2054.25,1206.56,847.68,20,C-02382,Partner,74,0.1711
2024-10-18,West,Atlas,Hardware,2294.23,1506.79,787.44,21,C-00600,Partner,145,0.093
2024-10-18,West,Nova,Software,2267.17,1459.19,807.99,23,C-00192,Online,103,0.0657
2024-10-18,West,Pulse,Services,2242.17,1473.98,768.19,15,C-02195,Partner,105,0.1306
2024-10-19,North,Atlas,Hardware,1237.61,667.96,569.65,12,C-02056,Partner,125,0.0976
2024-10-19,North,Nova,Software,1434.79,975.42,459.37,15,C-02365,Direct,98,0.0807
2024-10-19,North,Pulse,Services,1546.15,1109.3,436.86,21,C-01893,Partner,127,0.1056
2024-10-19,South,Atlas,Hardware,1723.0,1107.19,615.81,21,C-00198,Partner,115,0.1592
2024-10-19,South,Nova,Software,2220.45,1338.22,882.23,12,C-02289,Online,87,0.0856
2024-10-19,South,Pulse,Services,1808.6,1362.48,446.13,16,C-01927,Partner,115,0.1186
2024-10-19,East,Atlas,Hardware,2124.05,1390.7,733.35,14,C-00303,Online,99,0.0485
2024-10-19,East,Nova,Software,2186.29,1444.35,741.93,13,C-01457,Partner,145,0.1402
2024-10-19,East,Pulse,Services,2077.18,1021.3,1055.88,21,C-02479,Online,98,0.1468
2024-10-19,West,Atlas,Hardware,1946.01,1245.35,700.66,18,C-01140,Partner,126,0.0603
2024-10-19,West,Nova,Software,1975.34,1272.0,703.34,22,C-01411,Online,136,0.1243
2024-10-19,West,Pulse,Services,2165.56,1568.14,597.42,12,C-00776,Online,114,0.0886
2024-10-20,North,Atlas,Hardware,1168.19,501.43,666.76,25,C-01444,Direct,98,0.1184
2024-10-20,North,Nova,Software,1430.05,918.51,511.54,15,C-02281,Direct,122,0.1865
2024-10-20,North,Pulse,Services,1297.51,905.84,391.67,14,C-02024,Direct,143,0.0693
2024-10-20,South,Atlas,Hardware,1762.3,1457.62,304.67,17,C-01551,Online,104,0.1137
2024-10-20,South,Nova,Software,1718.85,1018.77,700.08,17,C-00753,Partner,121,0.0693
2024-10-20,South,Pulse,Services,1854.71,1185.34,669.38,14,C-00084,Online,108,0.037
2024-10-20,East,Atlas,Hardware,2065.1,1344.03,721.07,22,C-00110,Partner,99,0.1087
2024-10-20,East,Nova,Software,1824.91,1184.75,640.16,21,C-00111,Direct,125,0.1315
2024-10-20,East,Pulse,Services,2057.21,1781.17,276.04,12,C-02439,Direct,129,0.1298
2024-10-20,West,Atlas,Hardware,1938.96,1373.01,565.95,19,C-02256,Online,70,0.1238
2024-10-20,West,Nova,Software,2203.09,1472.68,730.41,20,C-00584,Direct,129,0.1114
2024-10-20,West,Pulse,Services,2284.57,1503.33,781.24,16,C-00284,Partner,108,0.2027
2024-10-21,North,Atlas,Hardware,1452.31,1068.78,383.52,17,C-00902,Direct,146,0.0962
2024-10-21,North,Nova,Software,1278.65,678.0,600.65,16,C-01146,Direct,140,0.0759
2024-10-21,North,Pulse,Services,1440.03,1004.09,435.94,23,C-00318,Partner,133,0.0757
2024-10-21,South,Atlas,Hardware,2021.13,1221.87,799.26,17,C-02001,Partner,113,0.2069
2024-10-21,South,Nova,Software,1939.76,1381.29,558.47,21,C-02083,Partner,116,0.1155
2024-10-21,South,Pulse,Services,1718.27,1099.11,619.16,15,C-01329,Online,114,0.1202
2024-10-21,East,Atlas,Hardware,2254.38,1342.37,912.01,10,C-01968,Online,118,0.0393
2024-10-21,East,Nova,Software,2041.6,1331.79,709.81,21,C-00750,Partner,103,0.1153
2024-10-21,East,Pulse,Services,2075.42,1202.58,872.84,21,C-02456,Online,164,0.1635
2024-10-21,West,Atlas,Hardware,2336.73,1645.95,690.79,24,C-01552,Partner,109,0.0634
2024-10-21,West,Nova,Software,2199.02,1549.74,649.27,19,C-01059,Direct,140,0.1518
2024-10-21,West,Pulse,Services,2343.0,1682.53,660.47,26,C-00175,Online,152,0.1095
2024-10-22,North,Atlas,Hardware,1254.75,895.79,358.96,20,C-00228,Partner,79,0.1533
2024-10-22,North,Nova,Software,1422.38,903.82,518.56,14,C-01815,Online,124,0.0755
2024-10-22,North,Pulse,Services,1443.77,944.08,499.69,18,C-00276,Online,135,0.1329
2024-10-22,South,Atlas,Hardware,1933.9,1008.33,925.57,22,C-00475,Online,149,0.0824
2024-10-22,South,Nova,Software,1980.74,1202.96,777.78,19,C-00788,Partner,136,0.1987
2024-10-22,South,Pulse,Services,1897.32,1367.55,529.76,14,C-00697,Partner,163,0.0766
2024-10-22,East,Atlas,Hardware,2202.18,1496.1,706.08,15,C-00758,Online,133,0.1316
2024-10-22,East,Nova,Software,2097.06,1345.25,751.81,24,C-02367,Partner,113,0.0997
2024-10-22,East,Pulse,Services,2319.75,1125.14,1194.61,25,C-02265,Direct,106,0.0695
2024-10-22,West,Atlas,Hardware,2163.07,1252.95,910.12,17,C-01831,Direct,115,0.1545
2024-10-22,West,Nova,Software,1827.04,1446.94,380.1,21,C-01370,Partner,132,0.1472
2024-10-22,West,Pulse,Services,2275.08,1530.2,744.88,23,C-01599,Online,125,0.0701
2024-10-23,North,Atlas,Hardware,1218.98,877.16,341.83,25,C-00624,Partner,162,0.1254
2024-10-23,North,Nova,Software,1397.65,761.46,636.2,17,C-00752,Partner,99,0.0348
2024-10-23,North,Pulse,Services,1224.52,841.19,383.33,20,C-00661,Online,146,0.0822
2024-10-23,South,Atlas,Hardware,1738.46,1197.75,540.71,22,C-02271,Partner,85,0.0726
2024-10-23,South,Nova,Software,1847.43,1118.71,728.71,22,C-01067,Online,123,0.1011
2024-10-23,South,Pulse,Services,2037.43,1132.61,904.81,16,C-00728,Partner,155,0.1089
2024-10-23,East,Atlas,Hardware,2076.24,1438.24,638.0,21,C-02300,Direct,101,0.1487
2024-10-23,East,Nova,Software,1978.71,1390.16,588.55,16,C-01606,Partner,104,0.2347
2024-10-23,East,Pulse,Services,1862.4,1151.39,711.01,25,C-01034,Partner,141,0.1288
2024-10-23,West,Atlas,Hardware,1863.66,1219.08,644.58,14,C-01990,Partner,82,0.0773
2024-10-23,West,Nova,Software,2038.39,1414.02,624.37,13,C-01093,Online,133,0.0313
2024-10-23,West,Pulse,Services,1978.15,1252.1,726.04,13,C-00183,Online,117,0.0553
2024-10-24,North,Atlas,Hardware,1281.7,818.52,463.18,21,C-00411,Online,95,0.1372
2024-10-24,North,Nova,Software,1558.09,919.73,638.36,21,C-01096,Direct,95,0.0638
2024-10-24,North,Pulse,Services,1622.09,1149.49,472.6,24,C-01452,Direct,50,0.192
2024-10-24,South,Atlas,Hardware,2064.32,1270.98,793.34,32,C-01247,Direct,124,0.0915
2024-10-24,South,Nova,Software,1845.31,1377.13,468.18,22,C-00719,Partner,173,0.1319
2024-10-24,South,Pulse,Services,2065.09,1219.58,845.51,20,C-01880,Partner,97,0.2062
2024-10-24,East,Atlas,Hardware,1693.2,1342.68,350.51,21,C-01353,Partner,129,0.1561
2024-10-24,East,Nova,Software,1953.8,1403.77,550.03,20,C-01024,Partner,85,0.1472
2024-10-24,East,Pulse,Services,2004.52,1293.94,710.58,21,C-00060,Direct,122,0.0367
2024-10-24,West,Atlas,Hardware,2489.53,1629.89,859.64,13,C-01760,Direct,125,0.143
2024-10-24,West,Nova,Software,2058.66,1481.85,576.81,13,C-02432,Partner,123,0.1196
2024-10-24,West,Pulse,Services,2011.34,1454.76,556.58,21,C-01620,Direct,107,0.0771
2024-10-25,North,Atlas,Hardware,1176.92,755.64,421.28,28,C-01275,Online,83,0.1458
2024-10-25,North,Nova,Software,1211.34,787.68,423.66,11,C-02353,Online,100,0.1251
2024-10-25,North,Pulse,Services,1389.14,727.02,662.12,17,C-02178,Direct,79,0.1387
2024-10-25,South,Atlas,Hardware,1797.37,1075.41,721.96,19,C-01014,Partner,90,0.103
2024-10-25,South,Nova,Software,1949.05,1117.79,831.26,14,C-01060,Direct,91,0.1497
2024-10-25,South,Pulse,Services,1859.68,1314.08,545.6,18,C-01625,Partner,114,0.1788
2024-10-25,East,Atlas,Hardware,1883.99,991.72,892.28,19,C-00120,Direct,129,0.1489
2024-10-25,East,Nova,Software,1875.65,1061.05,814.6,17,C-02129,Partner,98,0.168
2024-10-25,East,Pulse,Services,2049.98,1449.1,600.88,14,C-01521,Partner,148,0.1765
2024-10-25,West,Atlas,Hardware,2007.02,1033.19,973.83,16,C-00776,Partner,125,0.1123
2024-10-25,West,Nova,Software,1929.71,1360.25,569.46,26,C-01465,Direct,78,0.1241
2024-10-25,West,Pulse,Services,2190.97,1499.6,691.37,14,C-02450,Direct,108,0.0361
2024-10-26,North,Atlas,Hardware,1277.14,764.16,512.98,17,C-01663,Partner,120,0.1422
2024-10-26,North,Nova,Software,1382.36,937.34,445.02,8,C-00618,Direct,134,0.0684
2024-10-26,North,Pulse,Services,1320.08,979.65,340.43,20,C-01291,Online,87,0.0745
2024-10-26,South,Atlas,Hardware,1821.7,1158.1,663.6,17,C-01795,Partner,117,0.065
2024-10-26,South,Nova,Software,2031.35,1210.26,821.09,19,C-00458,Online,157,0.1334
2024-10-26,South,Pulse,Services,2066.96,1195.36,871.6,24,C-02458,Online,75,0.1812
2024-10-26,East,Atlas,Hardware,2234.78,1378.61,856.17,13,C-02131,Partner,103,0.0746
2024-10-26,East,Nova,Software,1871.33,1080.29,791.04,17,C-02093,Partner,153,0.0952
2024-10-26,East,Pulse,Services,1810.76,1321.02,489.73,18,C-00240,Online,131,0.1969
2024-10-26,West,Atlas,Hardware,2025.89,1242.23,783.65,26,C-02245,Direct,94,0.0748
2024-10-26,West,Nova,Software,1958.92,1050.89,908.03,22,C-00423,Direct,157,0.1112
2024-10-26,West,Pulse,Services,2002.9,1169.36,833.53,24,C-00045,Online,149,0.1504
2024-10-27,North,Atlas,Hardware,1464.2,1076.19,388.01,18,C-00932,Online,66,0.0635
2024-10-27,North,Nova,Software,1268.34,757.86,510.48,19,C-01505,Direct,129,0.1445
2024-10-27,North,Pulse,Services,1232.06,857.03,375.03,23,C-00091,Partner,85,0.1046
2024-10-27,South,Atlas,Hardware,1802.6,1464.84,337.76,15,C-01145,Direct,112,0.0973
2024-10-27,South,Nova,Software,1806.11,1286.12,519.99,18,C-00948,Online,87,0.1586
2024-10-27,South,Pulse,Services,1992.91,1354.63,638.28,9,C-02313,Direct,146,0.0
2024-10-27,East,Atlas,Hardware,2148.24,1207.05,941.19,26,C-00808,Partner,113,0.1125
2024-10-27,East,Nova,Software,1904.86,1329.0,575.86,18,C-00724,Direct,128,0.0316
2024-10-27,East,Pulse,Services,1630.18,994.11,636.07,22,C-01196,Partner,96,0.1207
2024-10-27,West,Atlas,Hardware,2140.59,1430.49,710.1,21,C-00097,Partner,176,0.1256
2024-10-27,West,Nova,Software,2275.98,1583.52,692.46,18,C-01363,Online,120,0.0341
2024-10-27,West,Pulse,Services,2014.27,1529.7,484.57,24,C-00943,Partner,116,0.1296
2024-10-28,North,Atlas,Hardware,1169.05,829.02,340.03,12,C-00217,Partner,97,0.2054
2024-10-28,North,Nova,Software,1471.96,1029.86,442.1,20,C-00751,Online,114,0.0
2024-10-28,North,Pulse,Services,1420.03,785.82,634.21,12,C-02403,Partner,102,0.2337
2024-10-28,South,Atlas,Hardware,1950.71,1281.41,669.3,12,C-00594,Online,174,0.1208
2024-10-28,South,Nova,Software,1886.37,1224.29,662.08,22,C-02458,Partner,136,0.0898
2024-10-28,South,Pulse,Services,2231.99,1569.6,662.38,20,C-01665,Direct,156,0.0989
2024-10-28,East,Atlas,Hardware,2096.2,1418.81,677.39,25,C-02440,Partner,115,0.1806
2024-10-28,East,Nova,Software,1964.8,1312.75,652.05,25,C-00238,Direct,125,0.1219
2024-10-28,East,Pulse,Services,1939.68,1107.54,832.13,23,C-01717,Direct,102,0.0973
2024-10-28,West,Atlas,Hardware,1834.42,1106.36,728.06,18,C-00296,Online,92,0.2114
2024-10-28,West,Nova,Software,2157.29,1505.77,651.52,11,C-01867,Direct,119,0.0608
2024-10-28,West,Pulse,Services,2206.84,1492.6,714.24,23,C-01499,Partner,109,0.1712
2024-10-29,North,Atlas,Hardware,1167.07,677.74,489.33,14,C-00485,Direct,125,0.0607
2024-10-29,North,Nova,Software,1397.45,1049.05,348.4,15,C-01110,Direct,111,0.0771
2024-10-29,North,Pulse,Services,1515.23,885.91,629.32,15,C-02383,Partner,117,0.1223
2024-10-29,South,Atlas,Hardware,1929.4,1141.11,788.29,16,C-00380,Direct,146,0.1041
2024-10-29,South,Nova,Software,2029.85,1160.57,869.28,22,C-01071,Partner,82,0.0974
2024-10-29,South,Pulse,Services,2113.77,1146.7,967.07,18,C-00210,Online,134,0.1936
2024-10-29,East,Atlas,Hardware,2144.76,1311.84,832.92,14,C-01815,Direct,71,0.141
2024-10-29,East,Nova,Software,1911.58,1157.07,754.51,17,C-01674,Online,106,0.119
2024-10-29,East,Pulse,Services,1876.62,1226.77,649.85,16,C-01464,Direct,122,0.1861
2024-10-29,West,Atlas,Hardware,1914.95,1213.18,701.76,16,C-00981,Direct,98,0.1209
2024-10-29,West,Nova,Software,2274.59,1629.25,645.35,9,C-02202,Partner,100,0.1404
2024-10-29,West,Pulse,Services,2160.21,1461.41,698.8,14,C-01465,Online,171,0.1349
2024-10-30,North,Atlas,Hardware,1446.79,722.86,723.93,16,C-02201,Direct,108,0.0556
2024-10-30,North,Nova,Software,1465.78,1027.05,438.73,18,C-01386,Online,92,0.0029
2024-10-30,North,Pulse,Services,1278.4,827.35,451.05,19,C-01432,Partner,110,0.0
2024-10-30,South,Atlas,Hardware,2024.88,1405.35,619.53,17,C-00080,Partner,160,0.1681
2024-10-30,South,Nova,Software,1811.8,1117.86,693.93,20,C-00874,Online,164,0.091
2024-10-30,South,Pulse,Services,1985.39,1213.21,772.18,17,C-00191,Direct,109,0.1289
2024-10-30,East,Atlas,Hardware,2089.92,1424.45,665.47,23,C-01215,Online,133,0.1106
2024-10-30,East,Nova,Software,1767.17,1171.3,595.86,17,C-00590,Direct,148,0.0878
2024-10-30,East,Pulse,Services,1810.02,991.75,818.28,13,C-02014,Online,157,0.074
2024-10-30,West,Atlas,Hardware,2198.85,1365.42,833.43,17,C-00638,Online,117,0.0421
2024-10-30,West,Nova,Software,2442.3,1371.23,1071.06,15,C-01958,Online,124,0.1452
2024-10-30,West,Pulse,Services,2080.93,1607.84,473.08,19,C-02367,Online,96,0.095
2024-10-31,North,Atlas,Hardware,1236.93,699.51,537.42,23,C-02135,Online,85,0.1425
2024-10-31,North,Nova,Software,1486.84,1001.15,485.7,22,C-02384,Online,153,0.0843
2024-10-31,North,Pulse,Services,1407.38,998.67,408.7,23,C-01431,Direct,139,0.2757
2024-10-31,South,Atlas,Hardware,1760.63,1155.37,605.25,17,C-00498,Online,129,0.1124
2024-10-31,South,Nova,Software,2129.48,1166.75,962.73,19,C-00245,Direct,121,0.0543
2024-10-31,South,Pulse,Services,1859.31,909.78,949.52,19,C-02255,Direct,94,0.176
2024-10-31,East,Atlas,Hardware,1997.79,1079.62,918.17,14,C-01796,Online,137,0.1103
2024-10-31,East,Nova,Software,2140.52,1161.51,979.01,23,C-01381,Direct,113,0.177
2024-10-31,East,Pulse,Services,2004.98,1261.37,743.62,13,C-01599,Online,149,0.0595
2024-10-31,West,Atlas,Hardware,2176.97,1536.99,639.98,23,C-01423,Online,120,0.1603
2024-10-31,West,Nova,Software,2141.75,1294.93,846.82,18,C-01731,Online,139,0.0398
2024-10-31,West,Pulse,Services,2267.38,1552.76,714.62,20,C-01353,Partner,149,0.125
2024-11-01,North,Atlas,Hardware,1322.53,901.45,421.09,16,C-00137,Online,88,0.1061
2024-11-01,North,Nova,Software,1476.37,1018.83,457.54,15,C-00339,Online,116,0.1419
2024-11-01,North,Pulse,Services,1233.67,826.96,406.71,21,C-02197,Online,146,0.1027
2024-11-01,South,Atlas,Hardware,1784.03,1087.97,696.06,20,C-00736,Online,112,0.1084
2024-11-01,South,Nova,Software,1644.65,1024.17,620.48,18,C-00561,Direct,132,0.1302
2024-11-01,South,Pulse,Services,1930.9,1433.26,497.64,20,C-01109,Direct,117,0.0575
2024-11-01,East,Atlas,Hardware,2044.45,1519.88,524.57,16,C-01455,Partner,159,0.1556
2024-11-01,East,Nova,Software,2229.18,1509.74,719.45,17,C-00032,Partner,111,0.1212
2024-11-01,East,Pulse,Services,1985.51,1451.25,534.26,19,C-00054,Direct,110,0.0486
2024-11-01,West,Atlas,Hardware,2011.52,1296.81,714.71,18,C-02385,Partner,130,0.1118
2024-11-01,West,Nova,Software,1999.6,1363.01,636.59,13,C-01395,Partner,142,0.0618
2024-11-01,West,Pulse,Services,2016.66,1268.16,748.5,24,C-01763,Direct,103,0.1515
2024-11-02,North,Atlas,Hardware,1413.07,927.53,485.55,21,C-01935,Online,107,0.1751
2024-11-02,North,Nova,Software,1210.41,700.33,510.08,15,C-02176,Online,152,0.1213
2024-11-02,North,Pulse,Services,1478.77,896.71,582.06,14,C-02394,Partner,136,0.1087
2024-11-02,South,Atlas,Hardware,1793.16,1075.39,717.77,21,C-02145,Partner,72,0.1482
2024-11-02,South,Nova,Software,2140.83,1024.82,1116.01,16,C-00062,Direct,113,0.1524
2024-11-02,South,Pulse,Services,1768.74,1138.11,630.63,19,C-02493,Online,169,0.0338
2024-11-02,East,Atlas,Hardware,2134.97,1055.7,1079.27,11,C-01197,Direct,139,0.1021
2024-11-02,East,Nova,Software,2059.98,1139.36,920.62,16,C-01231,Direct,116,0.0592
2024-11-02,East,Pulse,Services,2292.13,1608.1,684.02,13,C-01882,Direct,143,0.0699
2024-11-02,West,Atlas,Hardware,2225.9,1303.55,922.35,20,C-02475,Direct,142,0.0609
2024-11-02,West,Nova,Software,2075.42,1244.99,830.43,20,C-02250,Online,115,0.0942
2024-11-02,West,Pulse,Services,2116.39,1271.3,845.1,20,C-01354,Direct,117,0.097
2024-11-03,North,Atlas,Hardware,1497.9,1105.84,392.06,20,C-01182,Online,108,0.1095
2024-11-03,North,Nova,Software,1348.99,1084.12,264.87,17,C-00823,Online,156,0.1435
2024-11-03,North,Pulse,Services,1327.76,835.74,492.03,19,C-01907,Partner,102,0.1702
2024-11-03,South,Atlas,Hardware,1929.34,1237.83,691.5,13,C-01983,Partner,142,0.1017
2024-11-03,South,Nova,Software,1931.76,1040.18,891.58,17,C-01751,Online,162,0.2253
2024-11-03,South,Pulse,Services,1875.43,1309.32,566.11,16,C-00468,Direct,95,0.0412
2024-11-03,East,Atlas,Hardware,2011.8,1211.96,799.85,15,C-01899,Direct,119,0.135
2024-11-03,East,Nova,Software,1936.08,1357.42,578.65,7,C-00840,Online,80,0.1163
2024-11-03,East,Pulse,Services,1898.54,1338.03,560.51,20,C-01662,Partner,109,0.0814
2024-11-03,West,Atlas,Hardware,2234.24,1326.49,907.75,24,C-00889,Partner,94,0.1248
2024-11-03,West,Nova,Software,2003.0,1239.51,763.49,18,C-00393,Partner,112,0.0488
2024-11-03,West,Pulse,Services,2405.47,1527.4,878.08,30,C-01358,Online,134,0.0588
2024-11-04,North,Atlas,Hardware,1488.33,662.47,825.87,15,C-01766,Direct,130,0.1051
2024-11-04,North,Nova,Software,1590.71,817.82,772.9,17,C-00939,Partner,139,0.0353
2024-11-04,North,Pulse,Services,1517.13,1030.07,487.06,18,C-00042,Direct,115,0.0861
2024-11-04,South,Atlas,Hardware,2087.52,1471.94,615.58,16,C-02344,Direct,115,0.0554
2024-11-04,South,Nova,Software,1975.18,1084.97,890.2,15,C-01757,Online,79,0.1299
2024-11-04,South,Pulse,Services,2021.44,1767.55,253.89,18,C-01068,Direct,127,0.135
2024-11-04,East,Atlas,Hardware,2078.32,1044.29,1034.03,15,C-01350,Direct,122,0.0958
2024-11-04,East,Nova,Software,2295.69,1481.19,814.5,23,C-01924,Partner,89,0.1041
2024-11-04,East,Pulse,Services,2018.74,1196.68,822.06,20,C-00830,Online,132,0.0839
2024-11-04,West,Atlas,Hardware,2112.3,1227.77,884.53,18,C-00322,Online,100,0.2274
2024-11-04,West,Nova,Software,2229.22,1164.08,1065.14,17,C-00460,Direct,98,0.0602
2024-11-04,West,Pulse,Services,2194.83,1579.19,615.64,12,C-01073,Direct,127,0.0634
2024-11-05,North,Atlas,Hardware,1392.5,906.58,485.92,21,C-01706,Direct,91,0.1935
2024-11-05,North,Nova,Software,1437.53,948.51,489.02,23,C-02453,Direct,104,0.1212
2024-11-05,North,Pulse,Services,1433.2,833.76,599.44,18,C-01303,Online,134,0.1824
2024-11-05,South,Atlas,Hardware,1737.38,1150.76,586.62,16,C-00877,Direct,105,0.1193
2024-11-05,South,Nova,Software,1763.51,1086.02,677.5,18,C-00635,Direct,109,0.1059
2024-11-05,South,Pulse,Services,1870.6,1268.2,602.4,22,C-02055,Partner,95,0.1229
2024-11-05,East,Atlas,Hardware,2084.27,1327.28,756.99,24,C-00711,Online,92,0.2054
2024-11-05,East,Nova,Software,2047.02,1349.77,697.25,19,C-01406,Online,101,0.1408
2024-11-05,East,Pulse,Services,1934.24,1167.39,766.85,15,C-00596,Direct,116,0.128
2024-11-05,West,Atlas,Hardware,1900.23,961.24,938.99,19,C-02138,Direct,105,0.1961
2024-11-05,West,Nova,Software,2145.56,1344.28,801.28,22,C-02037,Direct,121,0.0126
2024-11-05,West,Pulse,Services,2374.91,1676.12,698.79,13,C-00357,Direct,99,0.0868
2024-11-06,North,Atlas,Hardware,1350.52,961.98,388.53,9,C-02156,Direct,129,0.1699
2024-11-06,North,Nova,Software,1542.67,1097.52,445.16,20,C-02342,Online,79,0.1069
2024-11-06,North,Pulse,Services,1460.97,623.57,837.4,18,C-01767,Direct,135,0.0641
2024-11-06,South,Atlas,Hardware,2012.3,1132.06,880.24,18,C-01696,Direct,127,0.1312
2024-11-06,South,Nova,Software,1986.36,1218.47,767.89,18,C-02361,Partner,124,0.1455
2024-11-06,South,Pulse,Services,1747.43,1182.49,564.94,10,C-02364,Partner,170,0.1631
2024-11-06,East,Atlas,Hardware,2085.85,1303.76,782.09,16,C-01719,Online,133,0.1175
2024-11-06,East,Nova,Software,2134.32,1187.95,946.36,18,C-01233,Online,105,0.1174
2024-11-06,East,Pulse,Services,2019.56,1164.58,854.97,20,C-02149,Online,112,0.1207
2024-11-06,West,Atlas,Hardware,2144.83,1326.54,818.29,24,C-01396,Partner,135,0.1621
2024-11-06,West,Nova,Software,2188.56,1501.49,687.07,20,C-00063,Online,84,0.0932
2024-11-06,West,Pulse,Services,2412.97,1272.21,1140.75,16,C-01983,Partner,112,0.097
2024-11-07,North,Atlas,Hardware,1448.88,927.48,521.39,13,C-00617,Direct,194,0.1114
2024-11-07,North,Nova,Software,1390.24,919.04,471.19,17,C-01682,Online,155,0.0787
2024-11-07,North,Pulse,Services,1540.69,916.02,624.67,19,C-01846,Online,130,0.1047
2024-11-07,South,Atlas,Hardware,2327.58,1177.81,1149.77,16,C-01027,Direct,122,0.1763
2024-11-07,South,Nova,Software,1767.53,1090.6,676.93,19,C-01945,Partner,161,0.1839
2024-11-07,South,Pulse,Services,1805.2,1401.77,403.42,17,C-00409,Online,109,0.0622
2024-11-07,East,Atlas,Hardware,1849.31,1250.87,598.44,20,C-02417,Direct,127,0.0724
2024-11-07,East,Nova,Software,2005.95,1342.65,663.31,15,C-01577,Online,126,0.1003
2024-11-07,East,Pulse,Services,1924.46,1269.09,655.37,12,C-01077,Direct,91,0.0948
2024-11-07,West,Atlas,Hardware,2219.71,1099.2,1120.5,18,C-00185,Direct,126,0.1613
2024-11-07,West,Nova,Software,2298.97,1266.42,1032.55,19,C-01758,Direct,89,0.083
2024-11-07,West,Pulse,Services,2208.05,1542.04,666.0,17,C-01627,Online,134,0.0682
2024-11-08,North,Atlas,Hardware,1340.05,775.15,564.91,19,C-02084,Direct,143,0.2328
2024-11-08,North,Nova,Software,1250.44,755.73,494.71,15,C-01597,Online,84,0.107
2024-11-08,North,Pulse,Services,1549.01,1030.61,518.41,16,C-01102,Online,124,0.1311
2024-11-08,South,Atlas,Hardware,1813.19,924.23,888.96,13,C-02384,Online,187,0.1303
2024-11-08,South,Nova,Software,2055.96,1444.68,611.28,15,C-01842,Direct,131,0.1726
2024-11-08,South,Pulse,Services,2114.21,1603.51,510.7,21,C-00195,Partner,170,0.1415
2024-11-08,East,Atlas,Hardware,2136.71,1224.0,912.71,10,C-00429,Online,89,0.0927
2024-11-08,East,Nova,Software,2240.98,1020.27,1220.71,21,C-00743,Direct,101,0.115
2024-11-08,East,Pulse,Services,1731.58,1122.85,608.73,19,C-00232,Partner,142,0.1828
2024-11-08,West,Atlas,Hardware,2178.01,1249.93,928.09,15,C-00962,Direct,124,0.0405
2024-11-08,West,Nova,Software,2293.31,1469.4,823.91,15,C-02215,Partner,152,0.1042
2024-11-08,West,Pulse,Services,2023.72,1464.59,559.12,17,C-01534,Partner,114,0.1448
2024-11-09,North,Atlas,Hardware,1656.1,943.78,712.31,18,C-00738,Partner,137,0.1561
2024-11-09,North,Nova,Software,1210.62,659.15,551.46,13,C-01064,Direct,133,0.069
2024-11-09,North,Pulse,Services,1322.87,863.2,459.67,18,C-02099,Direct,134,0.1847
2024-11-09,South,Atlas,Hardware,1876.86,1342.01,534.85,24,C-01107,Partner,119,0.0911
2024-11-09,South,Nova,Software,1959.65,1332.08,627.57,16,C-02271,Partner,107,0.1044
2024-11-09,South,Pulse,Services,1751.27,1150.4,600.87,17,C-00877,Online,93,0.0951
2024-11-09,East,Atlas,Hardware,2163.99,1314.65,849.35,19,C-00921,Partner,106,0.1837
2024-11-09,East,Nova,Software,2423.96,1590.65,833.32,20,C-00366,Partner,122,0.0883
2024-11-09,East,Pulse,Services,2024.92,1269.49,755.44,19,C-02056,Partner,116,0.0617
2024-11-09,West,Atlas,Hardware,2108.52,1629.23,479.29,23,C-00105,Partner,102,0.0278
2024-11-09,West,Nova,Software,2365.23,1156.89,1208.34,13,C-00073,Direct,96,0.1825
2024-11-09,West,Pulse,Services,2226.2,1309.98,916.22,14,C-01968,Direct,122,0.0844
2024-11-10,North,Atlas,Hardware,1280.26,840.97,439.29,15,C-01288,Online,108,0.1595
2024-11-10,North,Nova,Software,1466.06,998.32,467.73,14,C-00138,Direct,109,0.1115
2024-11-10,North,Pulse,Services,1352.79,855.89,496.9,17,C-02323,Online,130,0.0837
2024-11-10,South,Atlas,Hardware,1958.13,1192.56,765.56,18,C-01312,Online,88,0.1176
2024-11-10,South,Nova,Software,2053.12,1138.96,914.16,21,C-01588,Partner,155,0.0848
2024-11-10,South,Pulse,Services,1856.59,1294.11,562.48,17,C-01533,Partner,113,0.0106
2024-11-10,East,Atlas,Hardware,2233.48,1150.58,1082.9,19,C-00352,Partner,99,0.1378
2024-11-10,East,Nova,Software,2229.49,1375.89,853.6,11,C-00351,Online,139,0.086
2024-11-10,East,Pulse,Services,1974.3,1225.62,748.68,12,C-01644,Partner,92,0.0452
2024-11-10,West,Atlas,Hardware,1986.64,1220.38,766.26,14,C-00954,Partner,106,0.1093
2024-11-10,West,Nova,Software,2099.0,1317.25,781.75,20,C-00239,Partner,123,0.0253
2024-11-10,West,Pulse,Services,2147.18,1040.0,1107.18,14,C-02370,Partner,98,0.1325
2024-11-11,North,Atlas,Hardware,1188.9,686.11,502.79,29,C-00885,Direct,98,0.1864
2024-11-11,North,Nova,Software,1385.87,967.18,418.7,11,C-00771,Partner,117,0.0779
2024-11-11,North,Pulse,Services,1396.76,765.22,631.54,18,C-01827,Partner,117,0.1383
2024-11-11,South,Atlas,Hardware,1790.52,1201.68,588.85,21,C-00630,Partner,112,0.2111
2024-11-11,South,Nova,Software,1788.89,1151.22,637.67,21,C-01378,Online,124,0.0524
2024-11-11,South,Pulse,Services,1735.05,909.8,825.25,19,C-00904,Partner,70,0.0752
2024-11-11,East,Atlas,Hardware,1934.05,1182.2,751.84,12,C-00630,Partner,109,0.0893
2024-11-11,East,Nova,Software,2412.54,1439.37,973.17,24,C-01939,Direct,107,0.0834
2024-11-11,East,Pulse,Services,2102.83,1620.15,482.69,21,C-01592,Partner,81,0.1145
2024-11-11,West,Atlas,Hardware,2112.15,1352.38,759.77,9,C-00016,Direct,112,0.0394
2024-11-11,West,Nova,Software,2287.24,1434.04,853.21,23,C-01324,Partner,102,0.1575
2024-11-11,West,Pulse,Services,1932.54,1243.26,689.28,16,C-01160,Online,116,0.0521
2024-11-12,North,Atlas,Hardware,1367.99,880.43,487.56,21,C-02350,Direct,131,0.1455
2024-11-12,North,Nova,Software,1328.2,817.41,510.79,15,C-00551,Online,96,0.0819
2024-11-12,North,Pulse,Services,1458.16,867.68,590.48,19,C-01144,Partner,139,0.1527
2024-11-12,South,Atlas,Hardware,2092.71,1354.66,738.04,9,C-00873,Direct,157,0.0744
2024-11-12,South,Nova,Software,2319.41,1178.32,1141.09,18,C-02208,Direct,130,0.1211
2024-11-12,South,Pulse,Services,2021.58,1330.21,691.36,23,C-01955,Online,122,0.0631
2024-11-12,East,Atlas,Hardware,2196.66,1210.16,986.5,15,C-02004,Online,94,0.1441
2024-11-12,East,Nova,Software,2051.0,1289.88,761.12,17,C-02321,Partner,88,0.0942
2024-11-12,East,Pulse,Services,2066.01,1509.03,556.98,16,C-00808,Direct,123,0.0599
2024-11-12,West,Atlas,Hardware,2296.58,1186.56,1110.03,23,C-00912,Online,100,0.0537
2024-11-12,West,Nova,Software,2010.93,1541.69,469.23,20,C-01088,Partner,123,0.0945
2024-11-12,West,Pulse,Services,2172.76,1530.22,642.54,7,C-00631,Partner,156,0.1244
2024-11-13,North,Atlas,Hardware,1408.71,789.17,619.53,19,C-00151,Online,128,0.0825
2024-11-13,North,Nova,Software,1210.82,813.43,397.39,14,C-02063,Direct,126,0.0806
2024-11-13,North,Pulse,Services,1404.16,752.34,651.82,13,C-01042,Online,115,0.0741
2024-11-13,South,Atlas,Hardware,1836.72,1442.99,393.73,16,C-01002,Online,147,0.0965
2024-11-13,South,Nova,Software,2050.47,1411.34,639.12,24,C-00459,Online,108,0.122
2024-11-13,South,Pulse,Services,2035.95,1364.37,671.58,13,C-00051,Direct,111,0.0788
2024-11-13,East,Atlas,Hardware,2095.02,1342.55,752.47,13,C-00275,Online,131,0.0274
2024-11-13,East,Nova,Software,1995.51,1286.64,708.88,17,C-01040,Direct,69,0.0782
2024-11-13,East,Pulse,Services,1898.44,1230.93,667.51,18,C-00989,Online,75,0.108
2024-11-13,West,Atlas,Hardware,2019.42,1307.84,711.58,14,C-00390,Direct,95,0.1055
2024-11-13,West,Nova,Software,2071.66,1430.38,641.28,13,C-00544,Online,105,0.1187
2024-11-13,West,Pulse,Services,2309.07,1475.0,834.06,17,C-00569,Partner,164,0.0711
2024-11-14,North,Atlas,Hardware,1439.87,828.13,611.74,12,C-00253,Partner,130,0.0694
2024-11-14,North,Nova,Software,1470.01,1056.22,413.79,12,C-00776,Online,91,0.1212
2024-11-14,North,Pulse,Services,1522.26,992.1,530.16,22,C-01343,Online,123,0.1775
2024-11-14,South,Atlas,Hardware,1954.38,1175.8,778.58,19,C-00854,Direct,134,0.0267
2024-11-14,South,Nova,Software,2088.56,1265.45,823.11,16,C-00561,Direct,132,0.0742
2024-11-14,South,Pulse,Services,2118.87,1585.97,532.9,20,C-01599,Partner,123,0.1574
2024-11-14,East,Atlas,Hardware,1785.08,1127.3,657.78,16,C-00714,Online,134,0.1112
2024-11-14,East,Nova,Software,2360.08,1317.14,1042.95,24,C-00871,Partner,100,0.0658
2024-11-14,East,Pulse,Services,2133.82,1587.13,546.69,17,C-01418,Partner,154,0.0356
2024-11-14,West,Atlas,Hardware,2095.21,1397.65,697.55,14,C-02369,Online,82,0.1277
2024-11-14,West,Nova,Software,2126.45,1328.66,797.8,13,C-01875,Online,108,0.0987
2024-11-14,West,Pulse,Services,2337.43,1370.54,966.88,17,C-00970,Online,97,0.1613
2024-11-15,North,Atlas,Hardware,1496.06,953.05,543.01,19,C-00680,Direct,139,0.1413
2024-11-15,North,Nova,Software,1412.15,1057.8,354.36,13,C-00827,Direct,111,0.1597
2024-11-15,North,Pulse,Services,1553.29,1062.17,491.12,13,C-01082,Online,142,0.1211
2024-11-15,South,Atlas,Hardware,1782.18,861.02,921.16,30,C-00844,Direct,90,0.1218
2024-11-15,South,Nova,Software,2152.85,1436.69,716.16,21,C-01944,Direct,186,0.0924
2024-11-15,South,Pulse,Services,2137.21,1352.93,784.28,23,C-02178,Online,127,0.1601
2024-11-15,East,Atlas,Hardware,1674.75,1199.77,474.97,24,C-01316,Online,83,0.1101
2024-11-15,East,Nova,Software,2054.69,1018.32,1036.36,18,C-00528,Direct,141,0.041
2024-11-15,East,Pulse,Services,2101.94,1280.55,821.39,21,C-01320,Partner,118,0.0689
2024-11-15,West,Atlas,Hardware,1993.02,1271.14,721.88,21,C-01129,Partner,131,0.1527
2024-11-15,West,Nova,Software,2250.17,1520.39,729.79,21,C-01828,Partner,130,0.1799
2024-11-15,West,Pulse,Services,2209.65,1152.64,1057.01,17,C-01953,Partner,150,0.1295
2024-11-16,North,Atlas,Hardware,1363.08,1001.78,361.29,24,C-00165,Partner,157,0.048
2024-11-16,North,Nova,Software,1531.9,855.97,675.93,24,C-00167,Partner,139,0.0528
2024-11-16,North,Pulse,Services,1404.47,953.11,451.36,21,C-01103,Partner,150,0.0868
2024-11-16,South,Atlas,Hardware,1885.21,1264.64,620.57,15,C-01452,Direct,100,0.1187
2024-11-16,South,Nova,Software,1625.3,1110.75,514.55,24,C-01670,Partner,106,0.1686
2024-11-16,South,Pulse,Services,1770.83,1225.4,545.43,20,C-00238,Direct,135,0.1443
2024-11-16,East,Atlas,Hardware,1931.59,1367.14,564.45,20,C-00693,Direct,117,0.154
2024-11-16,East,Nova,Software,2182.72,1505.71,677.02,23,C-02065,Online,156,0.16
2024-11-16,East,Pulse,Services,1835.97,1214.25,621.73,23,C-01518,Partner,171,0.1115
2024-11-16,West,Atlas,Hardware,1993.78,1417.61,576.17,19,C-00204,Direct,155,0.0672
2024-11-16,West,Nova,Software,2069.88,1485.36,584.52,23,C-02111,Direct,167,0.1396
2024-11-16,West,Pulse,Services,2168.78,1282.8,885.98,22,C-00979,Partner,122,0.0377
2024-11-17,North,Atlas,Hardware,1336.57,755.45,581.12,18,C-00775,Direct,132,0.1393
2024-11-17,North,Nova,Software,1437.79,1099.64,338.15,26,C-00362,Online,118,0.138
2024-11-17,North,Pulse,Services,1364.7,1119.76,244.94,22,C-00485,Online,117,0.1759
2024-11-17,South,Atlas,Hardware,1851.24,1348.18,503.06,15,C-00545,Direct,132,0.0784
2024-11-17,South,Nova,Software,1991.59,1376.01,615.58,16,C-02481,Partner,139,0.1224
2024-11-17,South,Pulse,Services,1884.32,1001.72,882.61,14,C-00146,Direct,117,0.1418
2024-11-17,East,Atlas,Hardware,2291.45,1436.08,855.37,23,C-01426,Partner,118,0.1341
2024-11-17,East,Nova,Software,2046.39,1152.13,894.25,20,C-01784,Direct,108,0.0782
2024-11-17,East,Pulse,Services,2112.04,1196.56,915.48,11,C-01721,Online,154,0.0801
2024-11-17,West,Atlas,Hardware,2055.81,1203.83,851.98,14,C-01728,Partner,137,0.0709
2024-11-17,West,Nova,Software,2092.89,1213.55,879.34,13,C-01103,Partner,85,0.0972
2024-11-17,West,Pulse,Services,2293.88,1430.96,862.92,12,C-00328,Direct,112,0.1445
2024-11-18,North,Atlas,Hardware,1356.68,809.92,546.75,15,C-00188,Partner,112,0.1091
2024-11-18,North,Nova,Software,1338.31,823.71,514.6,16,C-01925,Online,118,0.0544
2024-11-18,North,Pulse,Services,1466.67,919.07,547.6,19,C-01399,Partner,146,0.0891
2024-11-18,South,Atlas,Hardware,1953.3,1368.86,584.44,21,C-00836,Direct,111,0.0541
2024-11-18,South,Nova,Software,2144.99,1425.0,719.99,17,C-00782,Direct,125,0.1102
2024-11-18,South,Pulse,Services,2272.49,1309.77,962.72,25,C-01853,Online,83,0.1687
2024-11-18,East,Atlas,Hardware,1902.7,1212.51,690.19,24,C-01745,Partner,92,0.0701
2024-11-18,East,Nova,Software,2308.0,1421.07,886.94,27,C-01683,Direct,131,0.0504
2024-11-18,East,Pulse,Services,2035.21,1325.59,709.62,18,C-00463,Direct,133,0.1168
2024-11-18,West,Atlas,Hardware,2126.93,1493.18,633.75,19,C-00560,Direct,93,0.1065
2024-11-18,West,Nova,Software,2036.07,1262.22,773.86,18,C-01155,Direct,99,0.1055
2024-11-18,West,Pulse,Services,2193.46,1271.18,922.28,15,C-00080,Partner,153,0.1692
2024-11-19,North,Atlas,Hardware,1271.18,672.93,598.25,15,C-01840,Direct,126,0.1078
2024-11-19,North,Nova,Software,1435.9,858.67,577.23,23,C-00494,Online,64,0.1253
2024-11-19,North,Pulse,Services,1389.53,907.61,481.92,17,C-01688,Online,150,0.1144
2024-11-19,South,Atlas,Hardware,1924.95,1152.99,771.96,13,C-01625,Partner,125,0.0469
2024-11-19,South,Nova,Software,2049.9,1118.06,931.84,29,C-02086,Online,157,0.0601
2024-11-19,South,Pulse,Services,1651.61,1089.08,562.53,8,C-01510,Direct,162,0.1311
2024-11-19,East,Atlas,Hardware,2046.5,1375.8,670.7,18,C-01516,Direct,154,0.1301
2024-11-19,East,Nova,Software,2167.73,1125.73,1041.99,14,C-00654,Direct,136,0.1365
2024-11-19,East,Pulse,Services,2167.39,1469.07,698.32,19,C-00332,Partner,116,0.1032
2024-11-19,West,Atlas,Hardware,2145.37,1483.13,662.24,16,C-01429,Direct,157,0.0945
2024-11-19,West,Nova,Software,2116.13,1365.69,750.44,17,C-02274,Online,107,0.1514
2024-11-19,West,Pulse,Services,2232.19,1367.03,865.16,16,C-00699,Online,135,0.108
2024-11-20,North,Atlas,Hardware,1485.12,1036.88,448.24,24,C-00915,Direct,138,0.154
2024-11-20,North,Nova,Software,1221.17,714.62,506.55,10,C-00494,Online,120,0.0605
2024-11-20,North,Pulse,Services,1287.1,940.79,346.31,20,C-01154,Partner,147,0.1271
2024-11-20,South,Atlas,Hardware,2035.79,1365.79,670.0,19,C-01471,Online,139,0.1095
2024-11-20,South,Nova,Software,1926.27,1411.05,515.22,17,C-01095,Direct,90,0.123
2024-11-20,South,Pulse,Services,1715.08,1245.37,469.71,19,C-02154,Direct,83,0.0587
2024-11-20,East,Atlas,Hardware,1947.94,1155.27,792.68,14,C-01810,Online,93,0.0184
2024-11-20,East,Nova,Software,2251.75,1468.61,783.14,15,C-00357,Online,70,0.1109
2024-11-20,East,Pulse,Services,2263.26,1599.77,663.49,15,C-02300,Online,115,0.0538
2024-11-20,West,Atlas,Hardware,2382.74,1620.03,762.71,15,C-01284,Partner,135,0.0732
2024-11-20,West,Nova,Software,2113.58,1349.58,764.0,22,C-00350,Direct,143,0.1095
2024-11-20,West,Pulse,Services,2088.57,1460.69,627.88,20,C-00477,Online,86,0.1714
2024-11-21,North,Atlas,Hardware,1429.64,919.0,510.64,21,C-02202,Online,149,0.0827
2024-11-21,North,Nova,Software,1317.29,917.73,399.56,14,C-00807,Online,144,0.0375
2024-11-21,North,Pulse,Services,1385.25,892.59,492.66,18,C-00891,Direct,92,0.0808
2024-11-21,South,Atlas,Hardware,1994.8,1483.25,511.56,19,C-01824,Online,122,0.1704
2024-11-21,South,Nova,Software,2213.82,1279.22,934.6,20,C-01752,Partner,97,0.0492
2024-11-21,South,Pulse,Services,2021.15,1568.74,452.41,10,C-01034,Online,127,0.1321
2024-11-21,East,Atlas,Hardware,2371.39,1430.06,941.33,27,C-01387,Online,123,0.0786
2024-11-21,East,Nova,Software,2128.95,1166.39,962.56,18,C-01238,Partner,133,0.1016
2024-11-21,East,Pulse,Services,1865.91,1220.56,645.35,14,C-02296,Direct,138,0.1758
2024-11-21,West,Atlas,Hardware,2288.83,1591.93,696.9,18,C-02485,Partner,97,0.0866
2024-11-21,West,Nova,Software,2058.8,1611.06,447.75,16,C-01923,Partner,133,0.079
2024-11-21,West,Pulse,Services,2079.79,1323.86,755.93,20,C-00443,Partner,127,0.1024
2024-11-22,North,Atlas,Hardware,1396.28,864.06,532.22,26,C-00867,Partner,116,0.0917
2024-11-22,North,Nova,Software,1546.76,1032.23,514.53,20,C-01880,Direct,84,0.0205
2024-11-22,North,Pulse,Services,1466.86,1059.77,407.09,13,C-01497,Partner,144,0.1201
2024-11-22,South,Atlas,Hardware,1985.69,1118.27,867.43,17,C-01421,Direct,100,0.1683
2024-11-22,South,Nova,Software,2194.78,1586.83,607.94,10,C-01605,Direct,145,0.0708
2024-11-22,South,Pulse,Services,1979.49,1385.84,593.66,10,C-00360,Direct,119,0.107
2024-11-22,East,Atlas,Hardware,2318.16,1543.55,774.61,21,C-00448,Online,128,0.1424
2024-11-22,East,Nova,Software,2179.59,1326.12,853.48,15,C-01181,Direct,150,0.1376
2024-11-22,East,Pulse,Services,2082.05,1265.73,816.31,16,C-00766,Online,144,0.0511
2024-11-22,West,Atlas,Hardware,2170.99,1405.28,765.71,14,C-01028,Direct,147,0.1667
2024-11-22,West,Nova,Software,2133.07,1533.77,599.3,17,C-01179,Partner,80,0.1547
2024-11-22,West,Pulse,Services,2146.28,1042.85,1103.43,16,C-01306,Partner,153,0.1423
2024-11-23,North,Atlas,Hardware,1450.49,967.05,483.44,20,C-00556,Online,120,0.1203
2024-11-23,North,Nova,Software,1237.84,880.63,357.21,12,C-00759,Online,118,0.1335
2024-11-23,North,Pulse,Services,1448.49,858.83,589.67,23,C-02037,Direct,112,0.1636
2024-11-23,South,Atlas,Hardware,1858.05,1221.18,636.87,23,C-00565,Partner,84,0.0505
2024-11-23,South,Nova,Software,1925.18,1107.09,818.1,20,C-01350,Partner,145,0.0968
2024-11-23,South,Pulse,Services,2032.76,1212.07,820.69,13,C-02262,Online,105,0.156
2024-11-23,East,Atlas,Hardware,2226.04,1569.05,656.99,17,C-01757,Direct,87,0.1667
2024-11-23,East,Nova,Software,1653.73,1138.48,515.25,24,C-00259,Direct,120,0.0666
2024-11-23,East,Pulse,Services,2448.95,1682.01,766.93,22,C-01224,Online,95,0.1153
2024-11-23,West,Atlas,Hardware,2155.17,1472.46,682.71,18,C-00212,Direct,149,0.08
2024-11-23,West,Nova,Software,2242.12,1080.88,1161.24,16,C-00456,Online,147,0.0363
2024-11-23,West,Pulse,Services,1985.2,1369.73,615.47,17,C-00181,Online,132,0.1707
2024-11-24,North,Atlas,Hardware,1470.14,753.9,716.24,21,C-00498,Partner,124,0.1083
2024-11-24,North,Nova,Software,1486.41,1021.39,465.01,11,C-01728,Partner,181,0.0
2024-11-24,North,Pulse,Services,1406.23,783.41,622.83,16,C-01794,Partner,132,0.0643
2024-11-24,South,Atlas,Hardware,2073.33,1257.55,815.78,22,C-01109,Online,116,0.1675
2024-11-24,South,Nova,Software,1738.77,976.44,762.32,22,C-00113,Partner,157,0.0665
2024-11-24,South,Pulse,Services,1979.03,1200.83,778.2,14,C-00622,Online,122,0.0917
2024-11-24,East,Atlas,Hardware,2124.21,1242.96,881.25,18,C-00061,Online,126,0.0241
2024-11-24,East,Nova,Software,2079.53,1300.16,779.37,21,C-01232,Direct,138,0.1711
2024-11-24,East,Pulse,Services,1894.97,1530.05,364.91,17,C-00254,Online,90,0.1491
2024-11-24,West,Atlas,Hardware,2246.59,1307.27,939.32,19,C-00812,Direct,87,0.1258
2024-11-24,West,Nova,Software,2158.17,1431.9,726.27,18,C-01080,Partner,125,0.1048
2024-11-24,West,Pulse,Services,2138.27,1510.96,627.31,17,C-00122,Online,99,0.1566
2024-11-25,North,Atlas,Hardware,1678.3,974.74,703.56,13,C-00422,Online,103,0.0611
2024-11-25,North,Nova,Software,1471.13,1053.1,418.03,20,C-01530,Online,150,0.1343
2024-11-25,North,Pulse,Services,1256.66,899.5,357.16,19,C-01150,Direct,112,0.1635
2024-11-25,South,Atlas,Hardware,2017.61,1078.45,939.17,14,C-00447,Direct,122,0.1299
2024-11-25,South,Nova,Software,2230.19,1213.54,1016.65,25,C-02313,Partner,107,0.0
2024-11-25,South,Pulse,Services,1663.83,1126.92,536.91,18,C-01493,Online,118,0.1029
2024-11-25,East,Atlas,Hardware,2391.78,1630.21,761.56,12,C-02361,Online,121,0.0803
2024-11-25,East,Nova,Software,2094.42,1362.02,732.41,15,C-00805,Direct,134,0.1711
2024-11-25,East,Pulse,Services,2055.68,1242.31,813.37,22,C-02475,Direct,156,0.108
2024-11-25,West,Atlas,Hardware,2336.91,1551.99,784.92,16,C-02379,Direct,69,0.0916
2024-11-25,West,Nova,Software,1780.34,1184.01,596.33,20,C-00003,Direct,130,0.1202
2024-11-25,West,Pulse,Services,2088.99,1345.56,743.43,9,C-02467,Direct,102,0.1449
2024-11-26,North,Atlas,Hardware,1560.83,857.51,703.31,12,C-02240,Online,103,0.1354
2024-11-26,North,Nova,Software,1480.4,878.78,601.63,20,C-02492,Partner,120,0.1632
2024-11-26,North,Pulse,Services,1446.03,724.84,721.19,12,C-00700,Direct,91,0.0743
2024-11-26,South,Atlas,Hardware,2135.14,1555.13,580.02,14,C-01282,Partner,137,0.135
2024-11-26,South,Nova,Software,1835.0,1084.27,750.73,15,C-02315,Partner,167,0.1765
2024-11-26,South,Pulse,Services,2068.38,1438.98,629.4,20,C-00840,Partner,151,0.1629
2024-11-26,East,Atlas,Hardware,2267.92,1495.05,772.86,22,C-00217,Partner,83,0.1206
2024-11-26,East,Nova,Software,2255.02,1380.85,874.16,21,C-00585,Direct,127,0.1265
2024-11-26,East,Pulse,Services,2163.18,1509.76,653.42,25,C-01693,Direct,138,0.1393
2024-11-26,West,Atlas,Hardware,2240.0,1205.95,1034.05,21,C-00016,Online,100,0.1281
2024-11-26,West,Nova,Software,1917.75,1074.41,843.33,15,C-01495,Direct,147,0.1052
2024-11-26,West,Pulse,Services,2142.65,1318.7,823.96,15,C-02488,Partner,135,0.1341
2024-11-27,North,Atlas,Hardware,1638.81,1165.66,473.15,23,C-00316,Online,112,0.1362
2024-11-27,North,Nova,Software,1642.66,898.31,744.34,22,C-01974,Direct,177,0.0941
2024-11-27,North,Pulse,Services,1342.19,726.12,616.06,17,C-01339,Partner,99,0.1381
2024-11-27,South,Atlas,Hardware,2193.55,1155.6,1037.95,22,C-00517,Direct,128,0.0861
2024-11-27,South,Nova,Software,2175.07,1203.98,971.09,19,C-00828,Partner,95,0.0668
2024-11-27,South,Pulse,Services,2067.44,1468.48,598.97,11,C-00929,Direct,77,0.0614
2024-11-27,East,Atlas,Hardware,2307.2,1515.75,791.45,16,C-00011,Partner,131,0.0776
2024-11-27,East,Nova,Software,2167.98,1380.89,787.09,18,C-02411,Partner,133,0.1226
2024-11-27,East,Pulse,Services,1988.85,1197.8,791.05,20,C-02056,Online,50,0.1059
2024-11-27,West,Atlas,Hardware,2175.52,1232.94,942.59,17,C-02029,Direct,130,0.1157
2024-11-27,West,Nova,Software,2545.33,1931.48,613.86,23,C-02101,Direct,135,0.1343
2024-11-27,West,Pulse,Services,2354.51,1411.12,943.39,14,C-01659,Partner,117,0.1004
2024-11-28,North,Atlas,Hardware,1401.29,819.34,581.95,18,C-01961,Direct,106,0.0836
2024-11-28,North,Nova,Software,1161.06,707.12,453.94,14,C-00300,Partner,139,0.1401
2024-11-28,North,Pulse,Services,1377.1,883.83,493.27,14,C-01332,Online,97,0.1487
2024-11-28,South,Atlas,Hardware,1896.16,974.91,921.25,19,C-01942,Direct,134,0.0472
2024-11-28,South,Nova,Software,1998.67,1248.65,750.01,12,C-00358,Partner,116,0.1134
2024-11-28,South,Pulse,Services,2035.74,1441.74,594.0,13,C-00767,Online,123,0.0961
2024-11-28,East,Atlas,Hardware,2386.5,1506.01,880.48,10,C-01849,Online,113,0.1596
2024-11-28,East,Nova,Software,2206.94,1387.96,818.98,16,C-00523,Online,74,0.1275
2024-11-28,East,Pulse,Services,2450.73,1354.87,1095.87,19,C-00528,Partner,147,0.0914
2024-11-28,West,Atlas,Hardware,2312.71,1643.13,669.58,17,C-02471,Partner,132,0.0688
2024-11-28,West,Nova,Software,2286.42,1416.06,870.36,18,C-00113,Direct,111,0.1946
2024-11-28,West,Pulse,Services,2318.58,1480.21,838.37,17,C-00622,Partner,109,0.0993
2024-11-29,North,Atlas,Hardware,1259.3,644.21,615.09,20,C-00497,Partner,127,0.1145
2024-11-29,North,Nova,Software,1493.14,1037.54,455.6,24,C-00555,Online,108,0.0655
2024-11-29,North,Pulse,Services,1469.95,920.88,549.06,12,C-01695,Direct,149,0.2012
2024-11-29,South,Atlas,Hardware,2310.54,1393.11,917.43,14,C-01070,Partner,107,0.129
2024-11-29,South,Nova,Software,2099.39,1323.55,775.84,21,C-00656,Direct,147,0.1195
2024-11-29,South,Pulse,Services,2200.74,1256.16,944.59,20,C-01437,Direct,118,0.1299
2024-11-29,East,Atlas,Hardware,2098.3,1032.67,1065.63,12,C-01643,Partner,104,0.1225
2024-11-29,East,Nova,Software,2093.77,1489.49,604.29,10,C-00467,Partner,135,0.0849
2024-11-29,East,Pulse,Services,2238.95,1646.67,592.28,19,C-00614,Direct,142,0.1242
2024-11-29,West,Atlas,Hardware,2101.35,1143.73,957.62,19,C-00649,Online,113,0.1218
2024-11-29,West,Nova,Software,2501.72,1201.18,1300.54,25,C-00773,Direct,88,0.1487
2024-11-29,West,Pulse,Services,2287.98,1488.66,799.32,24,C-01804,Direct,117,0.1035
2024-11-30,North,Atlas,Hardware,1544.08,765.87,778.21,17,C-02400,Partner,145,0.0936
2024-11-30,North,Nova,Software,1426.34,854.56,571.78,19,C-01779,Partner,134,0.2065
2024-11-30,North,Pulse,Services,1467.27,924.7,542.57,21,C-02457,Direct,100,0.0945
2024-11-30,South,Atlas,Hardware,1887.51,1067.28,820.23,17,C-01215,Online,121,0.0863
2024-11-30,South,Nova,Software,1827.71,1128.41,699.3,17,C-00657,Partner,74,0.1807
2024-11-30,South,Pulse,Services,2068.38,1460.18,608.21,20,C-00803,Direct,163,0.148
2024-11-30,East,Atlas,Hardware,2019.35,1265.14,754.21,20,C-00656,Online,123,0.0803
2024-11-30,East,Nova,Software,2012.59,1389.5,623.09,22,C-02192,Partner,111,0.1175
2024-11-30,East,Pulse,Services,2037.1,1128.77,908.33,18,C-00379,Online,104,0.124
2024-11-30,West,Atlas,Hardware,1992.55,1268.46,724.09,23,C-02179,Direct,120,0.0773
2024-11-30,West,Nova,Software,2375.95,1390.91,985.04,17,C-01607,Partner,120,0.0964
2024-11-30,West,Pulse,Services,2211.94,1361.3,850.64,22,C-02350,Partner,125,0.1143
2024-12-01,North,Atlas,Hardware,1331.43,993.22,338.2,19,C-01797,Direct,100,0.0035
2024-12-01,North,Nova,Software,1179.9,663.38,516.51,20,C-00873,Partner,124,0.0892
2024-12-01,North,Pulse,Services,1564.21,1081.66,482.55,22,C-01273,Direct,46,0.0962
2024-12-01,South,Atlas,Hardware,1990.86,1194.06,796.8,14,C-01550,Partner,122,0.0996
2024-12-01,South,Nova,Software,1693.83,1083.76,610.07,13,C-00611,Direct,119,0.0311
2024-12-01,South,Pulse,Services,1970.73,1533.31,437.42,16,C-01876,Direct,138,0.0822
2024-12-01,East,Atlas,Hardware,2106.73,1403.32,703.4,26,C-01298,Online,110,0.096
2024-12-01,East,Nova,Software,2291.21,1346.13,945.08,18,C-01435,Direct,132,0.0
2024-12-01,East,Pulse,Services,1956.69,1266.65,690.04,17,C-01115,Online,175,0.1479
2024-12-01,West,Atlas,Hardware,2333.65,1518.53,815.11,18,C-02007,Partner,58,0.1465
2024-12-01,West,Nova,Software,2244.7,1152.49,1092.22,20,C-02075,Partner,100,0.1019
2024-12-01,West,Pulse,Services,2352.35,1331.29,1021.06,17,C-01151,Online,133,0.1269
2024-12-02,North,Atlas,Hardware,1545.17,968.91,576.27,22,C-01445,Online,120,0.172
2024-12-02,North,Nova,Software,1376.0,976.26,399.73,19,C-01045,Direct,130,0.1985
2024-12-02,North,Pulse,Services,1658.79,1140.81,517.99,12,C-02141,Partner,177,0.0481
2024-12-02,South,Atlas,Hardware,2015.31,1476.25,539.05,21,C-02378,Direct,149,0.1279
2024-12-02,South,Nova,Software,2053.72,1582.94,470.78,21,C-01018,Partner,101,0.0764
2024-12-02,South,Pulse,Services,1882.47,1172.6,709.87,17,C-01392,Online,137,0.1079
2024-12-02,East,Atlas,Hardware,2032.14,1217.1,815.04,12,C-00945,Online,167,0.0
2024-12-02,East,Nova,Software,2259.3,1247.66,1011.64,13,C-02361,Online,140,0.1074
2024-12-02,East,Pulse,Services,1852.41,1457.5,394.92,18,C-01764,Partner,110,0.1202
2024-12-02,West,Atlas,Hardware,2216.82,1659.3,557.52,15,C-00533,Online,62,0.0947
2024-12-02,West,Nova,Software,1978.77,1224.08,754.68,21,C-00772,Partner,138,0.1579
2024-12-02,West,Pulse,Services,2414.06,1634.13,779.93,20,C-01446,Partner,120,0.0265
2024-12-03,North,Atlas,Hardware,1473.23,893.55,579.68,17,C-01090,Direct,81,0.1731
2024-12-03,North,Nova,Software,1542.1,1079.51,462.59,11,C-00492,Direct,130,0.1026
2024-12-03,North,Pulse,Services,1464.85,998.78,466.06,16,C-01055,Online,138,0.1489
2024-12-03,South,Atlas,Hardware,1917.04,1461.59,455.45,13,C-01597,Online,161,0.167
2024-12-03,South,Nova,Software,2056.94,1498.91,558.03,26,C-01303,Direct,128,0.1731
2024-12-03,South,Pulse,Services,1890.42,1145.17,745.24,15,C-02231,Online,105,0.1097
2024-12-03,East,Atlas,Hardware,2185.38,1531.77,653.61,18,C-00177,Partner,129,0.0301
2024-12-03,East,Nova,Software,1978.94,1450.23,528.71,25,C-01720,Partner,98,0.0758
2024-12-03,East,Pulse,Services,2155.74,1494.92,660.82,19,C-02305,Partner,111,0.1064
2024-12-03,West,Atlas,Hardware,2395.49,1304.97,1090.52,12,C-01100,Online,107,0.1311
2024-12-03,West,Nova,Software,2079.26,1242.4,836.87,19,C-01957,Partner,178,0.0745
2024-12-03,West,Pulse,Services,2002.92,998.91,1004.01,21,C-02189,Online,85,0.1612
2024-12-04,North,Atlas,Hardware,1555.79,998.48,557.32,21,C-00418,Partner,91,0.1884
2024-12-04,North,Nova,Software,1484.2,1035.45,448.75,18,C-01589,Online,110,0.1281
2024-12-04,North,Pulse,Services,1512.88,980.26,532.62,11,C-01512,Online,126,0.1583
2024-12-04,South,Atlas,Hardware,1926.31,1227.95,698.36,11,C-00341,Partner,135,0.16
2024-12-04,South,Nova,Software,2252.96,1391.52,861.44,17,C-00288,Partner,94,0.1135
2024-12-04,South,Pulse,Services,2011.62,1279.15,732.47,17,C-01630,Direct,91,0.183
2024-12-04,East,Atlas,Hardware,1935.93,1299.73,636.19,20,C-02002,Partner,119,0.0806
2024-12-04,East,Nova,Software,2406.52,1279.76,1126.76,21,C-00729,Direct,140,0.096
2024-12-04,East,Pulse,Services,1857.99,1091.42,766.57,14,C-02332,Online,115,0.0501
2024-12-04,West,Atlas,Hardware,2267.37,1503.03,764.34,22,C-01876,Direct,114,0.1323
2024-12-04,West,Nova,Software,2194.52,1299.25,895.28,15,C-02067,Partner,162,0.1946
2024-12-04,West,Pulse,Services,2208.11,1462.94,745.17,18,C-02304,Direct,109,0.08
2024-12-05,North,Atlas,Hardware,1682.99,1176.83,506.16,17,C-01960,Online,166,0.101
2024-12-05,North,Nova,Software,1505.76,796.61,709.15,17,C-00056,Partner,138,0.097
2024-12-05,North,Pulse,Services,1440.44,1141.03,299.41,19,C-00674,Partner,137,0.1504
2024-12-05,South,Atlas,Hardware,1974.37,1294.99,679.38,16,C-02474,Direct,88,0.1128
2024-12-05,South,Nova,Software,2000.62,1200.17,800.45,14,C-00456,Partner,126,0.1686
2024-12-05,South,Pulse,Services,2139.52,1560.04,579.48,14,C-02483,Partner,112,0.1185
2024-12-05,East,Atlas,Hardware,2303.57,1473.38,830.2,13,C-01331,Online,111,0.2024
2024-12-05,East,Nova,Software,2100.23,1327.05,773.18,17,C-01996,Online,150,0.151
2024-12-05,East,Pulse,Services,2154.18,1424.83,729.35,18,C-00955,Partner,109,0.1043
2024-12-05,West,Atlas,Hardware,2227.03,1575.99,651.04,20,C-02330,Direct,121,0.159
2024-12-05,West,Nova,Software,2399.84,1794.64,605.21,21,C-00850,Partner,84,0.1602
2024-12-05,West,Pulse,Services,2220.8,1153.85,1066.95,14,C-00942,Online,85,0.1638
2024-12-06,North,Atlas,Hardware,1531.16,1002.05,529.11,19,C-01614,Online,119,0.0952
2024-12-06,North,Nova,Software,1514.89,858.17,656.71,28,C-02065,Direct,135,0.1376
2024-12-06,North,Pulse,Services,1450.65,978.54,472.1,16,C-02398,Partner,111,0.097
2024-12-06,South,Atlas,Hardware,2020.64,1270.06,750.57,24,C-01507,Partner,153,0.0919
2024-12-06,South,Nova,Software,2123.94,1294.5,829.44,13,C-02418,Direct,96,0.1149
2024-12-06,South,Pulse,Services,1805.45,1121.76,683.68,26,C-00473,Partner,144,0.1275
2024-12-06,East,Atlas,Hardware,2509.57,1548.07,961.5,20,C-01999,Partner,191,0.0913
2024-12-06,East,Nova,Software,2054.66,1185.51,869.15,14,C-01240,Direct,77,0.0995
2024-12-06,East,Pulse,Services,2137.44,1278.33,859.1,15,C-00053,Direct,143,0.0269
2024-12-06,West,Atlas,Hardware,2580.37,1587.44,992.92,10,C-00634,Direct,126,0.1253
2024-12-06,West,Nova,Software,2036.29,1229.61,806.68,16,C-01910,Online,91,0.1594
2024-12-06,West,Pulse,Services,2257.64,1471.44,786.2,21,C-02428,Partner,153,0.1279
2024-12-07,North,Atlas,Hardware,1447.89,878.32,569.57,23,C-01412,Online,88,0.116
2024-12-07,North,Nova,Software,1521.19,1016.08,505.1,15,C-01307,Online,97,0.0118
2024-12-07,North,Pulse,Services,1425.84,819.04,606.8,13,C-00423,Direct,127,0.1186
2024-12-07,South,Atlas,Hardware,1958.87,1213.53,745.34,17,C-01779,Partner,161,0.1291
2024-12-07,South,Nova,Software,1753.89,1222.52,531.37,19,C-00450,Online,103,0.1654
2024-12-07,South,Pulse,Services,1846.99,1314.35,532.64,9,C-01175,Partner,133,0.1838
2024-12-07,East,Atlas,Hardware,2120.68,1362.51,758.17,14,C-00994,Direct,133,0.1308
2024-12-07,East,Nova,Software,1799.4,996.19,803.21,17,C-01875,Partner,135,0.1263
2024-12-07,East,Pulse,Services,2209.24,1437.99,771.25,17,C-00172,Partner,132,0.06
2024-12-07,West,Atlas,Hardware,2328.78,1256.08,1072.7,8,C-01165,Direct,131,0.1839
2024-12-07,West,Nova,Software,2438.93,1555.51,883.42,15,C-01407,Partner,149,0.0405
2024-12-07,West,Pulse,Services,2579.89,1557.32,1022.57,19,C-02107,Online,140,0.1095
2024-12-08,North,Atlas,Hardware,1551.25,902.46,648.8,18,C-02216,Partner,129,0.0801
2024-12-08,North,Nova,Software,1396.08,804.6,591.48,16,C-01944,Partner,115,0.0567
2024-12-08,North,Pulse,Services,1554.0,1005.78,548.22,22,C-02231,Direct,125,0.1379
2024-12-08,South,Atlas,Hardware,2388.51,1325.17,1063.34,22,C-00267,Online,118,0.1334
2024-12-08,South,Nova,Software,2227.92,966.64,1261.28,26,C-00694,Partner,125,0.1055
2024-12-08,South,Pulse,Services,2051.68,1226.59,825.1,15,C-01821,Online,118,0.1325
2024-12-08,East,Atlas,Hardware,2014.33,1450.29,564.03,26,C-02191,Partner,121,0.0772
2024-12-08,East,Nova,Software,2310.41,1587.44,722.97,32,C-01909,Partner,136,0.126
2024-12-08,East,Pulse,Services,1913.9,1272.4,641.51,16,C-01318,Direct,117,0.0554
2024-12-08,West,Atlas,Hardware,2385.19,1710.12,675.07,22,C-00856,Online,61,0.1172
2024-12-08,West,Nova,Software,2333.7,1323.96,1009.74,16,C-01585,Partner,119,0.0288
2024-12-08,West,Pulse,Services,2242.71,1226.07,1016.64,14,C-00692,Partner,112,0.1437
2024-12-09,North,Atlas,Hardware,1378.42,854.14,524.28,19,C-00858,Online,116,0.1122
2024-12-09,North,Nova,Software,1461.45,913.18,548.28,19,C-00547,Online,123,0.1613
2024-12-09,North,Pulse,Services,1400.14,900.84,499.31,25,C-01926,Partner,117,0.0468
2024-12-09,South,Atlas,Hardware,1982.44,1435.14,547.3,13,C-00786,Direct,134,0.1627
2024-12-09,South,Nova,Software,1657.72,1084.75,572.97,16,C-01483,Online,123,0.1099
2024-12-09,South,Pulse,Services,2231.78,1366.07,865.71,20,C-00834,Partner,120,0.1173
2024-12-09,East,Atlas,Hardware,2252.86,1414.81,838.05,18,C-00563,Online,125,0.1516
2024-12-09,East,Nova,Software,1929.29,1104.2,825.09,18,C-00323,Online,107,0.111
2024-12-09,East,Pulse,Services,1960.26,1179.95,780.31,20,C-01053,Partner,80,0.1528
2024-12-09,West,Atlas,Hardware,2387.81,1547.37,840.44,13,C-01876,Online,87,0.146
2024-12-09,West,Nova,Software,2348.08,1289.08,1059.0,15,C-00507,Partner,118,0.0571
2024-12-09,West,Pulse,Services,2292.3,1654.12,638.18,13,C-01354,Direct,105,0.0698
2024-12-10,North,Atlas,Hardware,1334.59,925.75,408.84,15,C-01490,Direct,98,0.0411
2024-12-10,North,Nova,Software,1511.16,727.42,783.74,14,C-01646,Online,126,0.1022
2024-12-10,North,Pulse,Services,1424.48,807.95,616.53,14,C-01129,Online,121,0.0873
2024-12-10,South,Atlas,Hardware,2388.02,1491.86,896.16,19,C-00758,Partner,104,0.1267
2024-12-10,South,Nova,Software,1993.96,1315.74,678.22,13,C-00264,Online,105,0.1289
2024-12-10,South,Pulse,Services,1961.03,1479.42,481.61,24,C-00713,Direct,139,0.1299
2024-12-10,East,Atlas,Hardware,2250.3,1254.85,995.45,13,C-00066,Partner,120,0.0453
2024-12-10,East,Nova,Software,2313.12,1484.37,828.75,20,C-00982,Online,122,0.0856
2024-12-10,East,Pulse,Services,2119.53,1090.7,1028.83,17,C-01194,Direct,140,0.1085
2024-12-10,West,Atlas,Hardware,2105.66,1591.19,514.47,17,C-00631,Direct,84,0.0888
2024-12-10,West,Nova,Software,2393.44,1653.02,740.42,27,C-01749,Direct,134,0.1345
2024-12-10,West,Pulse,Services,2275.98,1478.6,797.38,17,C-01887,Partner,92,0.1955
2024-12-11,North,Atlas,Hardware,1698.29,1050.36,647.93,23,C-01332,Partner,78,0.1819
2024-12-11,North,Nova,Software,1571.54,1044.55,526.99,19,C-02118,Online,127,0.1659
2024-12-11,North,Pulse,Services,1416.55,1037.79,378.76,27,C-01364,Direct,127,0.1336
2024-12-11,South,Atlas,Hardware,2197.87,1639.14,558.73,24,C-01973,Direct,71,0.1897
2024-12-11,South,Nova,Software,1961.71,1510.63,451.09,22,C-00923,Online,95,0.1438
2024-12-11,South,Pulse,Services,2013.11,1393.01,620.1,30,C-02499,Partner,139,0.0911
2024-12-11,East,Atlas,Hardware,2238.76,1581.42,657.35,21,C-01578,Partner,75,0.1027
2024-12-11,East,Nova,Software,2136.38,1460.86,675.51,17,C-00134,Partner,112,0.103
2024-12-11,East,Pulse,Services,2129.92,1568.69,561.23,15,C-01725,Partner,167,0.0627
2024-12-11,West,Atlas,Hardware,2232.96,1481.26,751.7,19,C-02442,Partner,104,0.0643
2024-12-11,West,Nova,Software,2162.6,1657.06,505.54,21,C-00042,Partner,136,0.0611
2024-12-11,West,Pulse,Services,2214.1,1480.86,733.23,10,C-01719,Partner,125,0.0799
2024-12-12,North,Atlas,Hardware,1740.33,993.92,746.4,19,C-00618,Direct,156,0.0593
2024-12-12,North,Nova,Software,1732.04,1198.46,533.58,12,C-01230,Direct,125,0.1285
2024-12-12,North,Pulse,Services,1436.03,791.33,644.71,23,C-00160,Partner,81,0.104
2024-12-12,South,Atlas,Hardware,2336.17,1448.79,887.38,19,C-01758,Online,144,0.1492
2024-12-12,South,Nova,Software,2216.55,1425.41,791.14,28,C-01956,Partner,119,0.1221
2024-12-12,South,Pulse,Services,2150.54,1611.99,538.55,21,C-01671,Direct,119,0.041
2024-12-12,East,Atlas,Hardware,2237.95,1632.62,605.33,19,C-00742,Online,100,0.1054
2024-12-12,East,Nova,Software,2219.43,1415.29,804.13,23,C-02391,Online,125,0.1322
2024-12-12,East,Pulse,Services,2430.94,1812.05,618.89,23,C-00143,Direct,81,0.1494
2024-12-12,West,Atlas,Hardware,2267.63,1329.2,938.43,16,C-00289,Direct,156,0.1311
2024-12-12,West,Nova,Software,2352.04,1529.2,822.84,21,C-01870,Direct,90,0.1617
2024-12-12,West,Pulse,Services,2394.32,1594.38,799.95,13,C-00092,Direct,107,0.0536
2024-12-13,North,Atlas,Hardware,1533.01,866.78,666.24,16,C-00774,Online,152,0.1439
2024-12-13,North,Nova,Software,1382.64,785.18,597.46,16,C-02485,Online,117,0.187
2024-12-13,North,Pulse,Services,1494.38,983.62,510.76,19,C-00920,Partner,71,0.1107
2024-12-13,South,Atlas,Hardware,1888.0,1033.93,854.07,20,C-00186,Online,71,0.156
2024-12-13,South,Nova,Software,2029.62,1199.69,829.93,9,C-01864,Direct,89,0.1523
2024-12-13,South,Pulse,Services,2059.27,1163.62,895.64,8,C-01144,Partner,107,0.1063
2024-12-13,East,Atlas,Hardware,2201.75,1257.69,944.06,24,C-01539,Direct,106,0.1052
2024-12-13,East,Nova,Software,2342.99,984.06,1358.93,15,C-01058,Direct,134,0.1219
2024-12-13,East,Pulse,Services,2313.03,1554.0,759.03,21,C-00496,Partner,139,0.0353
2024-12-13,West,Atlas,Hardware,2100.57,1274.09,826.48,13,C-00049,Direct,115,0.1038
2024-12-13,West,Nova,Software,2436.89,1785.07,651.82,14,C-00307,Direct,84,0.0739
2024-12-13,West,Pulse,Services,2351.58,1675.93,675.66,23,C-00072,Direct,159,0.0345
2024-12-14,North,Atlas,Hardware,1643.9,1029.42,614.48,20,C-00646,Online,123,0.086
2024-12-14,North,Nova,Software,1463.18,940.7,522.48,15,C-02259,Direct,94,0.0897
2024-12-14,North,Pulse,Services,1590.68,938.16,652.53,19,C-01679,Online,132,0.1197
2024-12-14,South,Atlas,Hardware,1961.87,1393.63,568.24,15,C-00689,Online,128,0.0498
2024-12-14,South,Nova,Software,2039.77,1297.85,741.92,17,C-01766,Direct,122,0.1099
2024-12-14,South,Pulse,Services,1878.58,1113.38,765.21,16,C-00181,Online,97,0.0582
2024-12-14,East,Atlas,Hardware,2348.35,1499.06,849.3,20,C-00688,Partner,103,0.0534
2024-12-14,East,Nova,Software,2087.05,1516.02,571.03,19,C-02113,Online,148,0.0958
2024-12-14,East,Pulse,Services,2247.01,1818.96,428.05,22,C-00030,Online,131,0.135
2024-12-14,West,Atlas,Hardware,2149.48,1275.76,873.73,19,C-00709,Partner,139,0.0767
2024-12-14,West,Nova,Software,2461.49,1477.33,984.17,25,C-00382,Online,94,0.1412
2024-12-14,West,Pulse,Services,2315.21,1416.82,898.39,15,C-00725,Online,100,0.0616
2024-12-15,North,Atlas,Hardware,1489.18,968.45,520.73,14,C-02469,Online,143,0.0009
2024-12-15,North,Nova,Software,1428.37,960.79,467.58,17,C-00387,Partner,105,0.0839
2024-12-15,North,Pulse,Services,1548.95,1093.59,455.36,10,C-01362,Partner,123,0.1098
2024-12-15,South,Atlas,Hardware,2129.16,1426.51,702.64,19,C-00421,Direct,121,0.0969
2024-12-15,South,Nova,Software,2222.83,1405.83,817.0,23,C-01483,Online,107,0.071
2024-12-15,South,Pulse,Services,2190.72,1273.29,917.44,22,C-00646,Partner,100,0.0946
2024-12-15,East,Atlas,Hardware,2211.16,1365.86,845.3,11,C-01106,Online,89,0.093
2024-12-15,East,Nova,Software,2187.45,1452.46,734.99,17,C-01857,Direct,95,0.0396
2024-12-15,East,Pulse,Services,2218.47,1559.29,659.18,18,C-02076,Direct,132,0.0984
2024-12-15,West,Atlas,Hardware,2227.88,1216.75,1011.14,19,C-01466,Partner,153,0.161
2024-12-15,West,Nova,Software,1972.86,1214.5,758.36,14,C-00212,Online,121,0.1146
2024-12-15,West,Pulse,Services,2448.65,1631.79,816.86,16,C-01050,Partner,92,0.1678
2024-12-16,North,Atlas,Hardware,1528.01,911.0,617.01,16,C-02268,Partner,111,0.0986
2024-12-16,North,Nova,Software,1628.04,906.57,721.47,26,C-01639,Direct,115,0.1159
2024-12-16,North,Pulse,Services,1596.24,886.45,709.79,23,C-02356,Online,109,0.1745
2024-12-16,South,Atlas,Hardware,1895.63,1219.27,676.35,16,C-00539,Partner,108,0.2108
2024-12-16,South,Nova,Software,2094.01,1306.69,787.33,13,C-01780,Online,160,0.1696
2024-12-16,South,Pulse,Services,1926.15,1428.69,497.46,23,C-00302,Direct,114,0.1601
2024-12-16,East,Atlas,Hardware,1937.87,1268.01,669.86,18,C-00585,Online,133,0.1443
2024-12-16,East,Nova,Software,2039.31,1230.67,808.64,7,C-00193,Direct,130,0.1252
2024-12-16,East,Pulse,Services,2264.54,1517.14,747.4,17,C-01129,Online,94,0.1877
2024-12-16,West,Atlas,Hardware,2483.18,1720.93,762.25,21,C-01688,Direct,101,0.134
2024-12-16,West,Nova,Software,2692.24,2111.03,581.21,14,C-01783,Partner,176,0.0951
2024-12-16,West,Pulse,Services,2213.97,1516.13,697.84,12,C-01067,Direct,117,0.1909
2024-12-17,North,Atlas,Hardware,1558.67,1027.65,531.02,27,C-01273,Direct,142,0.0287
2024-12-17,North,Nova,Software,1348.03,663.67,684.36,20,C-00755,Online,119,0.0871
2024-12-17,North,Pulse,Services,1616.85,997.65,619.2,14,C-01160,Online,114,0.0911
2024-12-17,South,Atlas,Hardware,1928.82,1352.16,576.66,22,C-02404,Direct,97,0.1739
2024-12-17,South,Nova,Software,2100.34,1112.62,987.73,16,C-01631,Direct,161,0.1647
2024-12-17,South,Pulse,Services,2389.65,1830.79,558.86,23,C-00379,Online,155,0.0813
2024-12-17,East,Atlas,Hardware,2345.34,1415.32,930.02,10,C-02300,Partner,106,0.0506
2024-12-17,East,Nova,Software,2293.4,1225.15,1068.25,8,C-01001,Partner,135,0.1161
2024-12-17,East,Pulse,Services,2348.18,1694.65,653.53,20,C-02424,Direct,126,0.1132
2024-12-17,West,Atlas,Hardware,2309.83,1391.22,918.61,19,C-00122,Online,161,0.0889
2024-12-17,West,Nova,Software,2303.56,1451.83,851.73,18,C-01564,Online,130,0.0
2024-12-17,West,Pulse,Services,2267.6,1429.88,837.72,17,C-01822,Online,119,0.0886
2024-12-18,North,Atlas,Hardware,1546.23,1015.36,530.87,28,C-01196,Direct,119,0.1198
2024-12-18,North,Nova,Software,1508.17,1021.55,486.62,13,C-00910,Online,127,0.0531
2024-12-18,North,Pulse,Services,1597.02,1036.06,560.97,19,C-02431,Direct,97,0.065
2024-12-18,South,Atlas,Hardware,1918.55,1314.5,604.05,13,C-01461,Online,121,0.1244
2024-12-18,South,Nova,Software,1955.8,1349.19,606.61,18,C-00002,Direct,92,0.1163
2024-12-18,South,Pulse,Services,2378.42,1192.37,1186.05,15,C-00414,Partner,87,0.162
2024-12-18,East,Atlas,Hardware,2301.37,1674.09,627.28,18,C-00604,Online,122,0.1562
2024-12-18,East,Nova,Software,2069.68,1189.91,879.77,18,C-02265,Partner,162,0.1187
2024-12-18,East,Pulse,Services,2352.39,1331.06,1021.33,19,C-00768,Online,127,0.1491
2024-12-18,West,Atlas,Hardware,2272.32,1641.53,630.79,20,C-02457,Partner,149,0.0641
2024-12-18,West,Nova,Software,2301.06,1534.77,766.29,16,C-02354,Direct,120,0.1479
2024-12-18,West,Pulse,Services,2457.86,1655.04,802.81,16,C-00711,Partner,84,0.0873
2024-12-19,North,Atlas,Hardware,1563.43,978.42,585.01,20,C-02461,Online,111,0.1295
2024-12-19,North,Nova,Software,1483.13,1006.16,476.97,19,C-01527,Partner,63,0.1253
2024-12-19,North,Pulse,Services,1546.8,888.18,658.62,13,C-00505,Direct,99,0.151
2024-12-19,South,Atlas,Hardware,2243.91,1276.11,967.8,18,C-01437,Partner,107,0.1776
2024-12-19,South,Nova,Software,2225.78,1468.92,756.86,14,C-02107,Partner,87,0.0777
2024-12-19,South,Pulse,Services,2018.05,1150.45,867.6,22,C-02358,Direct,117,0.1185
2024-12-19,East,Atlas,Hardware,2133.78,1581.83,551.95,9,C-01993,Online,139,0.0631
2024-12-19,East,Nova,Software,2393.44,1600.66,792.78,13,C-01077,Direct,103,0.0869
2024-12-19,East,Pulse,Services,2305.04,1613.34,691.7,21,C-01459,Partner,102,0.0931
2024-12-19,West,Atlas,Hardware,2326.61,1440.22,886.38,14,C-00818,Online,122,0.0432
2024-12-19,West,Nova,Software,2212.87,1310.9,901.97,20,C-00412,Partner,117,0.1635
2024-12-19,West,Pulse,Services,2434.98,1392.69,1042.29,20,C-00977,Online,123,0.1326
2024-12-20,North,Atlas,Hardware,1385.76,949.43,436.33,18,C-00253,Partner,111,0.0666
2024-12-20,North,Nova,Software,1610.94,1075.16,535.78,21,C-01520,Direct,112,0.1713
2024-12-20,North,Pulse,Services,1695.16,1029.6,665.57,12,C-01291,Direct,103,0.056
2024-12-20,South,Atlas,Hardware,2023.92,1115.13,908.8,22,C-01287,Online,160,0.1133
2024-12-20,South,Nova,Software,2162.04,1561.66,600.38,12,C-01787,Partner,159,0.1368
2024-12-20,South,Pulse,Services,2097.83,1348.89,748.94,17,C-01827,Partner,116,0.137
2024-12-20,East,Atlas,Hardware,2172.75,1476.87,695.88,20,C-01255,Partner,135,0.0947
2024-12-20,East,Nova,Software,2357.48,1614.32,743.16,22,C-01563,Online,125,0.1266
2024-12-20,East,Pulse,Services,2181.28,1269.1,912.18,27,C-01126,Direct,129,0.1103
2024-12-20,West,Atlas,Hardware,2254.11,1340.32,913.79,23,C-01936,Online,100,0.0969
2024-12-20,West,Nova,Software,2341.95,1516.1,825.85,18,C-00535,Online,124,0.1388
2024-12-20,West,Pulse,Services,2496.41,1309.52,1186.89,16,C-00101,Direct,139,0.0249
2024-12-21,North,Atlas,Hardware,1487.18,1262.28,224.9,16,C-00295,Direct,121,0.124
2024-12-21,North,Nova,Software,1550.21,948.28,601.93,13,C-01656,Partner,151,0.0956
2024-12-21,North,Pulse,Services,1625.36,1145.33,480.03,15,C-01516,Direct,143,0.0462
2024-12-21,South,Atlas,Hardware,2109.67,1306.11,803.55,23,C-01395,Partner,101,0.1275
2024-12-21,South,Nova,Software,2185.28,1348.02,837.26,14,C-00803,Online,67,0.1008
2024-12-21,South,Pulse,Services,1883.07,1134.74,748.32,22,C-00508,Partner,101,0.0497
2024-12-21,East,Atlas,Hardware,2351.38,1458.55,892.83,19,C-00926,Online,110,0.1142
2024-12-21,East,Nova,Software,2288.8,1455.65,833.15,21,C-00986,Direct,146,0.0642
2024-12-21,East,Pulse,Services,2098.88,1321.53,777.36,17,C-00892,Direct,140,0.0862
2024-12-21,West,Atlas,Hardware,2262.29,1519.22,743.08,13,C-00359,Direct,123,0.0386
2024-12-21,West,Nova,Software,2450.69,1366.37,1084.32,10,C-02361,Direct,122,0.079
2024-12-21,West,Pulse,Services,2317.5,1467.44,850.06,18,C-01959,Partner,153,0.0937
2024-12-22,North,Atlas,Hardware,1456.9,982.24,474.67,17,C-01673,Online,102,0.0665
2024-12-22,North,Nova,Software,1366.11,689.38,676.73,22,C-00130,Online,106,0.0837
2024-12-22,North,Pulse,Services,1331.0,860.12,470.88,16,C-00360,Direct,119,0.1134
2024-12-22,South,Atlas,Hardware,2025.1,1085.04,940.06,18,C-01537,Online,91,0.0881
2024-12-22,South,Nova,Software,2265.45,1638.38,627.07,12,C-01242,Online,85,0.0321
2024-12-22,South,Pulse,Services,1936.1,1105.08,831.01,19,C-01667,Partner,153,0.036
2024-12-22,East,Atlas,Hardware,2422.35,1490.0,932.35,31,C-00667,Online,101,0.088
2024-12-22,East,Nova,Software,2047.19,1289.07,758.12,24,C-00258,Direct,140,0.2032
2024-12-22,East,Pulse,Services,2052.09,1275.78,776.31,15,C-01284,Direct,63,0.1676
2024-12-22,West,Atlas,Hardware,2438.8,1423.72,1015.08,24,C-01383,Online,111,0.0726
2024-12-22,West,Nova,Software,2268.65,1525.46,743.19,20,C-00033,Direct,97,0.0627
2024-12-22,West,Pulse,Services,2314.54,1534.78,779.76,18,C-02423,Direct,117,0.099
2024-12-23,North,Atlas,Hardware,1490.81,704.57,786.24,13,C-00096,Direct,92,0.1085
2024-12-23,North,Nova,Software,1192.59,739.43,453.16,26,C-02494,Partner,109,0.1886
2024-12-23,North,Pulse,Services,1614.3,1198.75,415.55,16,C-01261,Direct,95,0.1185
2024-12-23,South,Atlas,Hardware,2164.76,1223.88,940.88,13,C-02062,Partner,90,0.132
2024-12-23,South,Nova,Software,2079.65,1164.39,915.26,14,C-00484,Direct,112,0.0799
2024-12-23,South,Pulse,Services,2183.35,1364.54,818.81,20,C-00506,Online,100,0.1143
2024-12-23,East,Atlas,Hardware,2263.34,1665.32,598.02,15,C-01064,Online,93,0.1329
2024-12-23,East,Nova,Software,2322.23,1358.51,963.71,17,C-00520,Partner,141,0.0704
2024-12-23,East,Pulse,Services,2238.81,1644.09,594.73,14,C-00031,Online,154,0.1575
2024-12-23,West,Atlas,Hardware,2250.45,1646.79,603.66,17,C-01180,Direct,75,0.1513
2024-12-23,West,Nova,Software,2603.91,1569.79,1034.11,19,C-01855,Direct,120,0.132
2024-12-23,West,Pulse,Services,1846.23,1157.89,688.35,15,C-01446,Online,124,0.132
2024-12-24,North,Atlas,Hardware,1558.04,917.96,640.08,27,C-01962,Partner,160,0.1314
2024-12-24,North,Nova,Software,1510.78,1071.2,439.58,17,C-00880,Direct,83,0.1519
2024-12-24,North,Pulse,Services,1546.94,1192.96,353.97,19,C-00270,Online,108,0.0652
2024-12-24,South,Atlas,Hardware,2166.94,1433.03,733.91,21,C-02067,Direct,108,0.0677
2024-12-24,South,Nova,Software,1959.63,1325.4,634.23,18,C-01151,Partner,131,0.0104
2024-12-24,South,Pulse,Services,2237.89,1593.46,644.43,14,C-02273,Partner,124,0.0443
2024-12-24,East,Atlas,Hardware,2359.61,1290.01,1069.6,20,C-01710,Direct,112,0.0424
2024-12-24,East,Nova,Software,2242.91,1424.31,818.6,22,C-00554,Direct,118,0.1074
2024-12-24,East,Pulse,Services,2225.95,1257.43,968.52,20,C-00212,Direct,125,0.2233
2024-12-24,West,Atlas,Hardware,2257.19,1634.75,622.44,13,C-01763,Partner,136,0.1503
2024-12-24,West,Nova,Software,2153.23,1196.5,956.73,24,C-01682,Direct,89,0.1212
2024-12-24,West,Pulse,Services,2449.11,1972.3,476.81,15,C-00120,Direct,103,0.0456
2024-12-25,North,Atlas,Hardware,1473.47,973.94,499.54,18,C-01267,Partner,75,0.2115
2024-12-25,North,Nova,Software,1463.51,791.35,672.16,25,C-01254,Online,138,0.2143
2024-12-25,North,Pulse,Services,1410.82,942.28,468.54,17,C-00065,Online,140,0.1071
2024-12-25,South,Atlas,Hardware,2091.55,1050.03,1041.52,18,C-01134,Online,175,0.1551
2024-12-25,South,Nova,Software,2213.16,1375.47,837.69,23,C-01632,Partner,165,0.1375
2024-12-25,South,Pulse,Services,2272.31,1244.51,1027.8,15,C-00828,Direct,137,0.1149
2024-12-25,East,Atlas,Hardware,2245.01,1354.84,890.17,18,C-00021,Online,113,0.051
2024-12-25,East,Nova,Software,2229.6,1383.91,845.69,20,C-01818,Online,134,0.0833
2024-12-25,East,Pulse,Services,2332.32,1494.93,837.4,18,C-02464,Direct,128,0.0588
2024-12-25,West,Atlas,Hardware,2658.38,1727.91,930.48,22,C-00258,Partner,96,0.1199
2024-12-25,West,Nova,Software,2310.76,1504.26,806.49,17,C-02249,Partner,130,0.0774
2024-12-25,West,Pulse,Services,2286.72,1458.47,828.25,14,C-01672,Partner,153,0.0282
2024-12-26,North,Atlas,Hardware,1356.89,990.06,366.83,19,C-00832,Direct,146,0.0868
2024-12-26,North,Nova,Software,1478.27,936.78,541.49,18,C-02113,Online,107,0.1268
2024-12-26,North,Pulse,Services,1372.54,961.59,410.94,16,C-01763,Partner,109,0.1297
2024-12-26,South,Atlas,Hardware,1987.08,1005.5,981.58,15,C-01604,Online,167,0.1617
2024-12-26,South,Nova,Software,2338.1,1350.09,988.01,18,C-01827,Direct,155,0.0784
2024-12-26,South,Pulse,Services,2120.86,1063.49,1057.36,17,C-00110,Direct,107,0.0596
2024-12-26,East,Atlas,Hardware,2270.75,1379.26,891.49,24,C-01753,Online,143,0.1177
2024-12-26,East,Nova,Software,2207.9,1752.65,455.25,20,C-02445,Direct,127,0.1231
2024-12-26,East,Pulse,Services,2019.13,1308.48,710.65,12,C-01587,Online,118,0.1431
2024-12-26,West,Atlas,Hardware,2408.19,1798.84,609.35,17,C-01068,Partner,102,0.114
2024-12-26,West,Nova,Software,2401.43,1171.79,1229.64,18,C-02154,Direct,104,0.1292
2024-12-26,West,Pulse,Services,2391.98,1876.5,515.49,19,C-01458,Partner,144,0.0745
2024-12-27,North,Atlas,Hardware,1580.32,1047.2,533.12,20,C-02146,Direct,123,0.0318
2024-12-27,North,Nova,Software,1820.91,1291.71,529.19,19,C-00481,Online,136,0.1817
2024-12-27,North,Pulse,Services,1668.07,940.86,727.21,20,C-00920,Online,147,0.1581
2024-12-27,South,Atlas,Hardware,2061.85,1342.16,719.69,15,C-01167,Direct,99,0.0776
2024-12-27,South,Nova,Software,2212.44,1597.3,615.15,25,C-00852,Direct,169,0.1378
2024-12-27,South,Pulse,Services,2113.94,1541.79,572.15,14,C-00329,Direct,148,0.1161
2024-12-27,East,Atlas,Hardware,1963.02,1380.46,582.56,25,C-00016,Partner,92,0.1975
2024-12-27,East,Nova,Software,1891.77,1139.86,751.91,20,C-00935,Online,108,0.1922
2024-12-27,East,Pulse,Services,2336.57,1675.82,660.76,23,C-01609,Partner,119,0.0949
2024-12-27,West,Atlas,Hardware,2367.21,1460.32,906.88,23,C-00566,Partner,97,0.13
2024-12-27,West,Nova,Software,2103.43,1336.96,766.47,9,C-01649,Direct,126,0.116
2024-12-27,West,Pulse,Services,2377.77,1601.77,776.0,26,C-00487,Partner,145,0.1314
2024-12-28,North,Atlas,Hardware,1508.03,703.95,804.07,23,C-00065,Partner,130,0.1136
2024-12-28,North,Nova,Software,1330.89,812.41,518.48,8,C-00189,Partner,161,0.2016
2024-12-28,North,Pulse,Services,1495.75,723.53,772.22,14,C-01547,Partner,130,0.0
2024-12-28,South,Atlas,Hardware,2090.35,1023.54,1066.81,20,C-01091,Partner,131,0.0728
2024-12-28,South,Nova,Software,2161.96,1328.23,833.73,23,C-01162,Online,138,0.0918
2024-12-28,South,Pulse,Services,2323.42,1304.25,1019.17,17,C-02411,Direct,100,0.0733
2024-12-28,East,Atlas,Hardware,2307.92,1502.2,805.72,16,C-01475,Partner,102,0.1799
2024-12-28,East,Nova,Software,2296.01,1521.27,774.74,22,C-00291,Partner,116,0.0561
2024-12-28,East,Pulse,Services,2060.26,1559.28,500.98,15,C-00202,Direct,143,0.0792
2024-12-28,West,Atlas,Hardware,2472.68,1490.3,982.38,27,C-01322,Direct,123,0.1094
2024-12-28,West,Nova,Software,2147.25,1258.78,888.47,20,C-01913,Direct,123,0.0707
2024-12-28,West,Pulse,Services,2292.81,1129.32,1163.49,21,C-01355,Partner,103,0.1102
2024-12-29,North,Atlas,Hardware,1570.99,980.52,590.47,23,C-00917,Online,66,0.106
2024-12-29,North,Nova,Software,1398.05,838.18,559.87,19,C-02118,Partner,117,0.0729
2024-12-29,North,Pulse,Services,1520.64,1102.02,418.62,16,C-00142,Direct,158,0.0929
2024-12-29,South,Atlas,Hardware,2044.44,1298.24,746.2,15,C-02245,Direct,148,0.0761
2024-12-29,South,Nova,Software,2051.35,1388.68,662.67,20,C-00861,Partner,88,0.1069
2024-12-29,South,Pulse,Services,2188.29,1397.09,791.2,21,C-00452,Direct,121,0.0972
2024-12-29,East,Atlas,Hardware,2353.09,1370.2,982.88,11,C-01730,Online,143,0.0715
2024-12-29,East,Nova,Software,2003.44,1079.92,923.52,14,C-00056,Partner,109,0.1024
2024-12-29,East,Pulse,Services,2360.06,1658.08,701.99,18,C-00079,Partner,97,0.1653
2024-12-29,West,Atlas,Hardware,2569.8,1631.7,938.1,15,C-01923,Direct,93,0.1083
2024-12-29,West,Nova,Software,2599.14,1517.6,1081.54,16,C-01946,Direct,143,0.1225
2024-12-29,West,Pulse,Services,2421.27,1519.57,901.7,15,C-00068,Direct,105,0.0917
2024-12-30,North,Atlas,Hardware,1502.48,1062.09,440.39,23,C-01915,Online,145,0.1348
2024-12-30,North,Nova,Software,1695.11,1125.9,569.21,18,C-01299,Direct,107,0.1507
2024-12-30,North,Pulse,Services,1485.3,860.2,625.1,17,C-01743,Online,110,0.2245
2024-12-30,South,Atlas,Hardware,2153.71,1199.38,954.33,14,C-02026,Online,87,0.0275
2024-12-30,South,Nova,Software,2237.68,1578.02,659.66,19,C-00087,Partner,113,0.097
2024-12-30,South,Pulse,Services,2141.83,1484.09,657.75,13,C-02178,Online,159,0.06
2024-12-30,East,Atlas,Hardware,2312.43,1156.59,1155.85,22,C-01373,Online,65,0.1474
2024-12-30,East,Nova,Software,2403.34,1585.4,817.94,27,C-01267,Online,165,0.1145
2024-12-30,East,Pulse,Services,2343.07,1706.18,636.89,22,C-00370,Online,173,0.0507
2024-12-30,West,Atlas,Hardware,2391.49,1455.93,935.56,19,C-01217,Online,112,0.1289
2024-12-30,West,Nova,Software,2566.53,1895.82,670.71,15,C-02133,Online,133,0.131
2024-12-30,West,Pulse,Services,2482.77,1526.31,956.47,28,C-01760,Direct,154,0.0
2024-12-31,North,Atlas,Hardware,1604.95,1202.14,402.81,16,C-02164,Online,102,0.1428
2024-12-31,North,Nova,Software,1522.53,1020.97,501.56,18,C-00041,Online,122,0.1157
2024-12-31,North,Pulse,Services,1567.12,1246.78,320.34,18,C-01092,Online,126,0.1152
2024-12-31,South,Atlas,Hardware,2181.53,1397.17,784.36,16,C-02206,Online,111,0.1176
2024-12-31,South,Nova,Software,2056.43,1441.32,615.11,19,C-00352,Online,109,0.0966
2024-12-31,South,Pulse,Services,2217.83,1143.59,1074.24,20,C-01983,Partner,45,0.0977
2024-12-31,East,Atlas,Hardware,2389.09,1892.36,496.73,16,C-02451,Partner,74,0.1377
2024-12-31,East,Nova,Software,2528.93,1716.11,812.82,22,C-01072,Online,102,0.1371
2024-12-31,East,Pulse,Services,2545.45,1789.89,755.56,18,C-01846,Direct,66,0.2067
2024-12-31,West,Atlas,Hardware,1969.9,1372.42,597.48,12,C-01182,Online,153,0.1067
2024-12-31,West,Nova,Software,2397.33,1270.48,1126.85,18,C-02388,Direct,110,0.1224
2024-12-31,West,Pulse,Services,2306.37,1643.59,662.78,7,C-01222,Online,83,0.0856
2025-01-01,North,Atlas,Hardware,1703.53,977.44,726.09,17,C-02172,Online,144,0.1189
2025-01-01,North,Nova,Software,1754.39,1070.27,684.11,27,C-01110,Direct,97,0.1128
2025-01-01,North,Pulse,Services,1510.86,1060.04,450.82,16,C-01245,Online,114,0.0818
2025-01-01,South,Atlas,Hardware,2242.93,1307.79,935.14,16,C-00335,Direct,164,0.1486
2025-01-01,South,Nova,Software,1773.57,1251.74,521.83,13,C-01547,Online,107,0.0805
2025-01-01,South,Pulse,Services,2004.35,1336.63,667.72,19,C-02110,Partner,104,0.0565
2025-01-01,East,Atlas,Hardware,2115.95,1453.9,662.04,17,C-00393,Direct,91,0.0784
2025-01-01,East,Nova,Software,2424.59,1572.73,851.85,20,C-00301,Direct,131,0.1412
2025-01-01,East,Pulse,Services,2269.03,1613.12,655.91,18,C-02298,Direct,135,0.131
2025-01-01,West,Atlas,Hardware,2410.79,1543.2,867.58,19,C-00898,Online,122,0.0901
2025-01-01,West,Nova,Software,2150.51,1263.78,886.73,16,C-01374,Online,189,0.0729
2025-01-01,West,Pulse,Services,2469.99,1276.46,1193.53,15,C-02469,Direct,132,0.1594
2025-01-02,North,Atlas,Hardware,1399.19,861.5,537.69,19,C-00943,Direct,132,0.1277
2025-01-02,North,Nova,Software,1496.52,921.67,574.85,17,C-00883,Partner,127,0.1821
2025-01-02,North,Pulse,Services,1609.6,945.45,664.15,24,C-00563,Direct,106,0.101
2025-01-02,South,Atlas,Hardware,2050.31,1402.13,648.17,18,C-01142,Partner,147,0.1571
2025-01-02,South,Nova,Software,2052.68,1318.16,734.52,13,C-02172,Direct,114,0.1988
2025-01-02,South,Pulse,Services,2022.35,1232.45,789.9,27,C-00392,Direct,164,0.1253
2025-01-02,East,Atlas,Hardware,2402.71,1596.49,806.21,15,C-01166,Direct,122,0.1613
2025-01-02,East,Nova,Software,2427.55,1832.92,594.62,18,C-00620,Online,129,0.182
2025-01-02,East,Pulse,Services,2526.52,1383.23,1143.3,18,C-00224,Online,108,0.1247
2025-01-02,West,Atlas,Hardware,2292.66,1352.49,940.17,17,C-00400,Partner,142,0.1052
2025-01-02,West,Nova,Software,2366.44,1481.95,884.49,14,C-01513,Direct,135,0.1226
2025-01-02,West,Pulse,Services,2455.09,1724.59,730.49,25,C-01351,Partner,124,0.0567
2025-01-03,North,Atlas,Hardware,1625.37,1122.96,502.4,18,C-00233,Direct,137,0.1954
2025-01-03,North,Nova,Software,1473.57,966.5,507.07,21,C-00894,Partner,117,0.1007
2025-01-03,North,Pulse,Services,1321.1,835.56,485.55,20,C-01963,Direct,102,0.0531
2025-01-03,South,Atlas,Hardware,2160.27,1428.95,731.32,21,C-01620,Online,121,0.1516
2025-01-03,South,Nova,Software,2299.12,1385.44,913.68,13,C-00104,Online,88,0.107
2025-01-03,South,Pulse,Services,2305.15,1221.24,1083.91,19,C-00432,Direct,126,0.1781
2025-01-03,East,Atlas,Hardware,2195.67,1235.49,960.19,19,C-00433,Direct,118,0.0238
2025-01-03,East,Nova,Software,2332.05,1277.33,1054.72,18,C-00966,Direct,140,0.0947
2025-01-03,East,Pulse,Services,2190.93,1326.6,864.34,19,C-01062,Direct,131,0.1063
2025-01-03,West,Atlas,Hardware,2534.92,1524.73,1010.19,26,C-01961,Online,130,0.1021
2025-01-03,West,Nova,Software,2364.54,1673.0,691.54,26,C-02254,Partner,140,0.1404
2025-01-03,West,Pulse,Services,2528.89,1731.08,797.82,21,C-01129,Partner,107,0.0932
2025-01-04,North,Atlas,Hardware,1455.26,877.67,577.59,21,C-00951,Partner,117,0.0709
2025-01-04,North,Nova,Software,1525.54,915.18,610.36,11,C-00347,Online,136,0.079
2025-01-04,North,Pulse,Services,1561.83,965.68,596.15,15,C-01331,Online,157,0.2525
2025-01-04,South,Atlas,Hardware,2309.82,1394.67,915.15,17,C-01378,Online,122,0.031
2025-01-04,South,Nova,Software,1892.85,1192.3,700.55,9,C-00115,Direct,127,0.1157
2025-01-04,South,Pulse,Services,2287.82,1716.72,571.1,23,C-00865,Direct,126,0.0769
2025-01-04,East,Atlas,Hardware,2334.0,1582.65,751.35,20,C-00692,Partner,118,0.1019
2025-01-04,East,Nova,Software,2401.04,1359.44,1041.6,10,C-01642,Direct,153,0.176
2025-01-04,East,Pulse,Services,2187.15,1226.53,960.62,14,C-00682,Online,160,0.1576
2025-01-04,West,Atlas,Hardware,2594.43,1644.92,949.51,18,C-02258,Partner,135,0.0787
2025-01-04,West,Nova,Software,2351.08,1347.93,1003.16,22,C-01578,Online,100,0.1625
2025-01-04,West,Pulse,Services,2221.51,1443.81,777.7,20,C-01727,Partner,79,0.0542
2025-01-05,North,Atlas,Hardware,1628.0,1116.51,511.48,23,C-01030,Partner,91,0.0558
2025-01-05,North,Nova,Software,1440.93,911.65,529.28,24,C-00542,Partner,129,0.1042
2025-01-05,North,Pulse,Services,1461.0,1019.32,441.68,15,C-00977,Online,131,0.08
2025-01-05,South,Atlas,Hardware,2218.05,1456.86,761.19,16,C-01650,Partner,85,0.1122
2025-01-05,South,Nova,Software,2432.66,1325.63,1107.03,17,C-02320,Direct,85,0.1378
2025-01-05,South,Pulse,Services,2126.64,1404.93,721.72,26,C-01421,Online,166,0.1406
2025-01-05,East,Atlas,Hardware,2157.56,1181.23,976.33,21,C-01239,Direct,135,0.1173
2025-01-05,East,Nova,Software,2286.99,1374.79,912.19,16,C-00907,Online,130,0.1929
2025-01-05,East,Pulse,Services,1940.67,1513.94,426.73,12,C-01854,Online,114,0.0456
2025-01-05,West,Atlas,Hardware,2344.73,1698.0,646.73,21,C-02050,Direct,103,0.1842
2025-01-05,West,Nova,Software,2236.58,1252.18,984.4,19,C-00979,Online,108,0.0513
2025-01-05,West,Pulse,Services,2295.07,1373.91,921.16,12,C-00769,Partner,84,0.2031
2025-01-06,North,Atlas,Hardware,1575.01,973.54,601.47,14,C-00752,Direct,154,0.0707
2025-01-06,North,Nova,Software,1649.52,1187.02,462.5,11,C-00124,Online,145,0.0793
2025-01-06,North,Pulse,Services,1555.19,1041.71,513.48,18,C-01801,Partner,110,0.1463
2025-01-06,South,Atlas,Hardware,2131.88,1199.46,932.41,19,C-01998,Online,116,0.1002
2025-01-06,South,Nova,Software,2219.46,1484.74,734.72,16,C-01775,Direct,98,0.0619
2025-01-06,South,Pulse,Services,2044.5,1548.9,495.6,10,C-01201,Partner,144,0.1332
2025-01-06,East,Atlas,Hardware,2199.24,1498.62,700.61,17,C-01320,Online,67,0.1176
2025-01-06,East,Nova,Software,2139.35,1186.97,952.38,14,C-00356,Partner,106,0.1535
2025-01-06,East,Pulse,Services,2229.84,1159.95,1069.88,10,C-01927,Online,146,0.1757
2025-01-06,West,Atlas,Hardware,2439.84,1822.4,617.44,15,C-01775,Online,103,0.075
2025-01-06,West,Nova,Software,2353.8,1419.19,934.61,19,C-01328,Partner,158,0.1704
2025-01-06,West,Pulse,Services,2182.99,1322.45,860.54,23,C-02228,Direct,128,0.0995
2025-01-07,North,Atlas,Hardware,1447.52,847.43,600.09,26,C-01293,Direct,96,0.1141
2025-01-07,North,Nova,Software,1665.44,983.55,681.88,13,C-02202,Direct,116,0.0657
2025-01-07,North,Pulse,Services,1497.93,1091.92,406.01,15,C-02008,Direct,114,0.0756
2025-01-07,South,Atlas,Hardware,2197.01,1409.5,787.51,17,C-02111,Online,130,0.1175
2025-01-07,South,Nova,Software,2236.59,1679.91,556.68,24,C-00705,Partner,111,0.0648
2025-01-07,South,Pulse,Services,1856.44,1155.94,700.51,16,C-00497,Partner,95,0.0876
2025-01-07,East,Atlas,Hardware,2327.56,1573.91,753.65,19,C-01304,Direct,104,0.105
2025-01-07,East,Nova,Software,2480.52,1750.13,730.39,21,C-01968,Online,103,0.1258
2025-01-07,East,Pulse,Services,2273.96,1149.0,1124.96,22,C-02365,Partner,108,0.1346
2025-01-07,West,Atlas,Hardware,2266.08,1471.52,794.55,17,C-01213,Online,111,0.0615
2025-01-07,West,Nova,Software,2462.32,1511.34,950.98,20,C-01363,Direct,141,0.1708
2025-01-07,West,Pulse,Services,2448.96,1534.43,914.53,21,C-00918,Online,122,0.0997
2025-01-08,North,Atlas,Hardware,1748.22,1041.32,706.9,23,C-01675,Online,88,0.0787
2025-01-08,North,Nova,Software,1446.69,746.43,700.26,19,C-01376,Online,135,0.1286
2025-01-08,North,Pulse,Services,1590.73,932.27,658.46,12,C-02466,Direct,111,0.0763
2025-01-08,South,Atlas,Hardware,2043.56,1489.78,553.78,15,C-01641,Partner,109,0.0928
2025-01-08,South,Nova,Software,2163.7,1298.34,865.36,12,C-00269,Direct,145,0.137
2025-01-08,South,Pulse,Services,2259.82,1495.28,764.55,11,C-01736,Partner,152,0.2048
2025-01-08,East,Atlas,Hardware,2305.87,1656.98,648.89,10,C-00230,Partner,91,0.0607
2025-01-08,East,Nova,Software,2402.08,1500.12,901.96,15,C-00289,Online,152,0.0518
2025-01-08,East,Pulse,Services,2138.16,1470.16,668.01,14,C-02365,Direct,117,0.0531
2025-01-08,West,Atlas,Hardware,2300.25,1399.96,900.29,17,C-02422,Direct,131,0.1243
2025-01-08,West,Nova,Software,2420.76,1461.46,959.3,11,C-02412,Partner,133,0.1556
2025-01-08,West,Pulse,Services,2402.1,1290.39,1111.72,18,C-01964,Partner,128,0.0508
2025-01-09,North,Atlas,Hardware,1760.37,970.06,790.3,16,C-00338,Direct,134,0.061
2025-01-09,North,Nova,Software,1592.5,1031.52,560.98,10,C-00655,Online,95,0.0958
2025-01-09,North,Pulse,Services,1764.57,1045.09,719.47,20,C-01666,Partner,145,0.173
2025-01-09,South,Atlas,Hardware,2186.53,1191.93,994.6,8,C-00211,Direct,107,0.0856
2025-01-09,South,Nova,Software,2184.57,1166.24,1018.33,23,C-01708,Partner,120,0.0
2025-01-09,South,Pulse,Services,2288.29,1435.2,853.09,14,C-01470,Direct,128,0.0699
2025-01-09,East,Atlas,Hardware,2070.36,1392.01,678.34,16,C-00915,Partner,140,0.1514
2025-01-09,East,Nova,Software,2177.23,1556.37,620.86,20,C-01939,Partner,117,0.1085
2025-01-09,East,Pulse,Services,2364.76,2034.07,330.69,21,C-01913,Direct,171,0.0739
2025-01-09,West,Atlas,Hardware,2550.28,1576.07,974.22,19,C-00548,Online,116,0.0595
2025-01-09,West,Nova,Software,2398.92,1073.07,1325.84,16,C-00411,Direct,106,0.1474
2025-01-09,West,Pulse,Services,2670.23,1825.38,844.86,19,C-00700,Partner,155,0.1084
2025-01-10,North,Atlas,Hardware,1558.21,968.51,589.7,23,C-02203,Partner,93,0.1737
2025-01-10,North,Nova,Software,1651.47,1172.91,478.56,18,C-02042,Online,133,0.1092
2025-01-10,North,Pulse,Services,1599.24,926.16,673.09,18,C-01830,Direct,109,0.0744
2025-01-10,South,Atlas,Hardware,2135.46,1227.34,908.12,22,C-02105,Direct,89,0.0738
2025-01-10,South,Nova,Software,2339.79,1442.88,896.91,19,C-01346,Online,104,0.1216
2025-01-10,South,Pulse,Services,2031.93,1444.85,587.08,16,C-01769,Partner,127,0.1268
2025-01-10,East,Atlas,Hardware,2497.95,2248.16,249.8,19,C-01633,Direct,107,0.122
2025-01-10,East,Nova,Software,2218.22,1332.28,885.94,17,C-01696,Online,133,0.2049
2025-01-10,East,Pulse,Services,2196.56,1211.73,984.83,19,C-00860,Partner,117,0.1193
2025-01-10,West,Atlas,Hardware,2410.95,1509.52,901.43,17,C-00437,Partner,114,0.2256
2025-01-10,West,Nova,Software,2306.61,1445.19,861.42,18,C-02195,Direct,99,0.0505
2025-01-10,West,Pulse,Services,2498.16,1681.09,817.07,16,C-02160,Direct,122,0.0538
2025-01-11,North,Atlas,Hardware,1343.02,998.07,344.95,13,C-00943,Partner,116,0.1116
2025-01-11,North,Nova,Software,1511.97,824.92,687.05,22,C-01257,Partner,133,0.0597
2025-01-11,North,Pulse,Services,1513.4,886.81,626.6,17,C-01393,Online,142,0.1266
2025-01-11,South,Atlas,Hardware,2094.15,1389.1,705.06,18,C-00259,Online,106,0.0988
2025-01-11,South,Nova,Software,2187.85,1246.56,941.29,19,C-01772,Partner,116,0.1288
2025-01-11,South,Pulse,Services,1905.24,1109.23,796.01,13,C-01357,Direct,118,0.027
2025-01-11,East,Atlas,Hardware,2189.4,1496.99,692.41,21,C-00631,Direct,117,0.0136
2025-01-11,East,Nova,Software,2343.98,1703.59,640.4,14,C-00302,Direct,109,0.1225
2025-01-11,East,Pulse,Services,2140.47,1272.94,867.52,17,C-02364,Online,94,0.1711
2025-01-11,West,Atlas,Hardware,2414.3,1181.46,1232.84,23,C-01287,Online,128,0.0943
2025-01-11,West,Nova,Software,2346.33,1596.17,750.17,21,C-01288,Online,107,0.0604
2025-01-11,West,Pulse,Services,2553.7,1650.55,903.14,12,C-01367,Direct,83,0.132
2025-01-12,North,Atlas,Hardware,1650.59,916.74,733.85,19,C-01867,Direct,131,0.1789
2025-01-12,North,Nova,Software,1671.63,961.9,709.74,16,C-02205,Online,149,0.1565
2025-01-12,North,Pulse,Services,1476.66,1067.33,409.34,23,C-02382,Online,145,0.1095
2025-01-12,South,Atlas,Hardware,2187.93,1458.73,729.2,22,C-00366,Direct,88,0.16
2025-01-12,South,Nova,Software,2045.53,1248.92,796.61,19,C-02128,Direct,143,0.1035
2025-01-12,South,Pulse,Services,2245.85,1475.24,770.61,14,C-00885,Direct,89,0.1181
2025-01-12,East,Atlas,Hardware,2481.1,1804.42,676.68,19,C-00406,Partner,147,0.0963
2025-01-12,East,Nova,Software,2438.95,1493.23,945.73,19,C-02114,Direct,133,0.0292
2025-01-12,East,Pulse,Services,2247.52,1722.61,524.91,22,C-00749,Direct,120,0.0927
2025-01-12,West,Atlas,Hardware,2288.91,1520.21,768.7,21,C-00111,Partner,125,0.14
2025-01-12,West,Nova,Software,2404.3,1373.25,1031.05,18,C-01883,Partner,115,0.0791
2025-01-12,West,Pulse,Services,2567.67,1485.97,1081.71,14,C-01036,Direct,130,0.1576
2025-01-13,North,Atlas,Hardware,1550.14,851.02,699.11,11,C-02322,Direct,123,0.1197
2025-01-13,North,Nova,Software,1482.6,915.0,567.6,21,C-00878,Online,119,0.129
2025-01-13,North,Pulse,Services,1439.88,908.64,531.24,15,C-02062,Direct,114,0.0902
2025-01-13,South,Atlas,Hardware,1954.4,1190.88,763.52,12,C-00157,Partner,134,0.1141
2025-01-13,South,Nova,Software,2158.66,1462.48,696.18,20,C-01775,Online,112,0.0418
2025-01-13,South,Pulse,Services,2210.03,1245.75,964.29,19,C-01946,Online,104,0.075
2025-01-13,East,Atlas,Hardware,2511.5,1812.56,698.95,17,C-01647,Online,109,0.0328
2025-01-13,East,Nova,Software,2391.73,1265.26,1126.46,18,C-02082,Direct,130,0.1057
2025-01-13,East,Pulse,Services,2188.85,1606.51,582.34,23,C-01830,Direct,96,0.1306
2025-01-13,West,Atlas,Hardware,2216.87,1346.84,870.03,27,C-02212,Online,122,0.1276
2025-01-13,West,Nova,Software,2323.58,1215.83,1107.75,11,C-02126,Partner,110,0.0816
2025-01-13,West,Pulse,Services,2348.29,1530.37,817.92,20,C-01046,Direct,106,0.1223
2025-01-14,North,Atlas,Hardware,1632.52,1017.9,614.62,22,C-02483,Online,97,0.1528
2025-01-14,North,Nova,Software,1561.42,978.39,583.04,15,C-00681,Online,137,0.1303
2025-01-14,North,Pulse,Services,1672.14,1088.8,583.34,19,C-01993,Partner,90,0.1514
2025-01-14,South,Atlas,Hardware,2149.5,1399.18,750.32,19,C-02364,Partner,126,0.0305
2025-01-14,South,Nova,Software,2145.77,1548.56,597.21,22,C-01640,Direct,131,0.0975
2025-01-14,South,Pulse,Services,2276.59,1295.82,980.77,16,C-00526,Partner,134,0.1059
2025-01-14,East,Atlas,Hardware,2296.59,1397.96,898.63,19,C-00591,Direct,113,0.1239
2025-01-14,East,Nova,Software,2540.29,1552.84,987.45,25,C-00249,Direct,122,0.1011
2025-01-14,East,Pulse,Services,2242.75,1407.08,835.68,16,C-00733,Online,155,0.1673
2025-01-14,West,Atlas,Hardware,2276.96,1440.02,836.94,18,C-00050,Direct,89,0.1225
2025-01-14,West,Nova,Software,2545.75,1594.57,951.18,13,C-00725,Direct,97,0.0351
2025-01-14,West,Pulse,Services,2357.05,1576.98,780.08,18,C-01658,Direct,97,0.1357
2025-01-15,North,Atlas,Hardware,1702.78,1034.59,668.2,15,C-01925,Partner,152,0.0734
2025-01-15,North,Nova,Software,1666.4,936.76,729.64,17,C-00875,Direct,154,0.1158
2025-01-15,North,Pulse,Services,1701.37,1205.07,496.3,15,C-02260,Direct,109,0.0328
2025-01-15,South,Atlas,Hardware,2198.1,1651.26,546.84,23,C-01128,Online,139,0.1407
2025-01-15,South,Nova,Software,2238.78,1503.36,735.42,24,C-00356,Direct,120,0.1732
2025-01-15,South,Pulse,Services,1911.19,1156.88,754.32,12,C-01662,Direct,63,0.1048
2025-01-15,East,Atlas,Hardware,2335.56,1567.61,767.95,18,C-02122,Partner,122,0.1149
2025-01-15,East,Nova,Software,2577.56,1695.98,881.58,19,C-00828,Partner,118,0.06
2025-01-15,East,Pulse,Services,2454.45,1562.29,892.16,28,C-00085,Partner,112,0.1318
2025-01-15,West,Atlas,Hardware,2256.73,1413.97,842.76,17,C-00335,Partner,118,0.1403
2025-01-15,West,Nova,Software,2398.52,1396.3,1002.22,15,C-01760,Partner,176,0.0922
2025-01-15,West,Pulse,Services,2423.75,1316.43,1107.32,30,C-01635,Online,84,0.0424
2025-01-16,North,Atlas,Hardware,1606.85,936.62,670.23,19,C-00186,Online,100,0.1605
2025-01-16,North,Nova,Software,1687.26,1187.3,499.96,18,C-00047,Partner,118,0.0464
2025-01-16,North,Pulse,Services,1537.96,1129.9,408.06,16,C-01313,Direct,129,0.1516
2025-01-16,South,Atlas,Hardware,2302.91,1470.92,831.99,14,C-02034,Partner,93,0.1057
2025-01-16,South,Nova,Software,2209.37,1395.57,813.8,20,C-02125,Direct,134,0.0489
2025-01-16,South,Pulse,Services,2112.95,1265.7,847.25,19,C-01526,Partner,140,0.1491
2025-01-16,East,Atlas,Hardware,2387.83,1496.64,891.19,26,C-00456,Direct,107,0.1641
2025-01-16,East,Nova,Software,2397.43,1006.92,1390.51,14,C-00430,Online,106,0.1405
2025-01-16,East,Pulse,Services,2271.33,1372.96,898.37,16,C-00265,Online,156,0.0972
2025-01-16,West,Atlas,Hardware,2342.26,1453.85,888.41,19,C-00822,Online,81,0.1041
2025-01-16,West,Nova,Software,2186.46,1249.65,936.81,17,C-02297,Online,68,0.0883
2025-01-16,West,Pulse,Services,2425.93,1440.46,985.47,21,C-02300,Direct,149,0.1262
2025-01-17,North,Atlas,Hardware,1537.76,970.37,567.39,27,C-01638,Partner,83,0.154
2025-01-17,North,Nova,Software,1691.1,1107.22,583.88,18,C-01827,Online,121,0.1313
2025-01-17,North,Pulse,Services,1530.92,1004.8,526.12,22,C-00845,Direct,122,0.1573
2025-01-17,South,Atlas,Hardware,2264.34,1512.16,752.18,22,C-00543,Online,124,0.0697
2025-01-17,South,Nova,Software,2167.55,1680.9,486.65,19,C-00056,Direct,138,0.1047
2025-01-17,South,Pulse,Services,2431.68,1554.52,877.16,14,C-00348,Direct,121,0.0669
2025-01-17,East,Atlas,Hardware,2276.78,1663.09,613.69,15,C-02248,Direct,146,0.2432
2025-01-17,East,Nova,Software,2268.57,1457.09,811.48,21,C-01753,Partner,163,0.1032
2025-01-17,East,Pulse,Services,2433.43,1559.29,874.14,16,C-01735,Online,139,0.1582
2025-01-17,West,Atlas,Hardware,2497.24,1721.05,776.19,18,C-00926,Online,131,0.0407
2025-01-17,West,Nova,Software,2628.89,1566.38,1062.51,23,C-02403,Online,106,0.0887
2025-01-17,West,Pulse,Services,2385.48,1241.98,1143.5,18,C-00126,Online,112,0.126
2025-01-18,North,Atlas,Hardware,1561.32,1138.43,422.89,21,C-00340,Online,96,0.0593
2025-01-18,North,Nova,Software,1493.3,841.29,652.01,27,C-02468,Partner,100,0.1216
2025-01-18,North,Pulse,Services,1662.93,1211.33,451.61,21,C-00884,Partner,122,0.0898
2025-01-18,South,Atlas,Hardware,2006.04,1240.62,765.41,11,C-00814,Online,115,0.0173
2025-01-18,South,Nova,Software,2367.67,1197.73,1169.94,13,C-00914,Partner,97,0.1493
2025-01-18,South,Pulse,Services,2007.47,1237.52,769.95,11,C-00205,Direct,140,0.1158
2025-01-18,East,Atlas,Hardware,2494.43,1503.77,990.66,16,C-01084,Online,114,0.1193
2025-01-18,East,Nova,Software,2357.8,1629.5,728.3,17,C-01006,Online,126,0.1783
2025-01-18,East,Pulse,Services,2408.71,1435.94,972.78,15,C-01372,Partner,105,0.0878
2025-01-18,West,Atlas,Hardware,2705.75,2025.68,680.07,27,C-00059,Direct,94,0.0715
2025-01-18,West,Nova,Software,2456.4,1438.54,1017.85,23,C-01418,Direct,81,0.1101
2025-01-18,West,Pulse,Services,2692.73,1981.19,711.54,12,C-01453,Online,91,0.087
2025-01-19,North,Atlas,Hardware,1574.66,1178.01,396.65,18,C-00530,Direct,95,0.109
2025-01-19,North,Nova,Software,1488.49,848.35,640.14,18,C-00302,Online,95,0.0752
2025-01-19,North,Pulse,Services,1480.7,795.15,685.56,19,C-00275,Online,167,0.1598
2025-01-19,South,Atlas,Hardware,2191.71,1490.07,701.64,19,C-01093,Online,112,0.0481
2025-01-19,South,Nova,Software,2366.17,1495.7,870.47,16,C-00503,Online,92,0.0812
2025-01-19,South,Pulse,Services,2267.95,1312.37,955.59,12,C-02043,Online,117,0.1363
2025-01-19,East,Atlas,Hardware,2130.33,1324.9,805.43,11,C-02357,Direct,130,0.1595
2025-01-19,East,Nova,Software,2538.84,1664.19,874.66,19,C-00413,Online,90,0.1148
2025-01-19,East,Pulse,Services,2099.7,1463.79,635.91,18,C-02036,Online,88,0.1152
2025-01-19,West,Atlas,Hardware,2675.39,1723.91,951.48,12,C-02373,Online,128,0.2072
2025-01-19,West,Nova,Software,2546.63,1614.07,932.55,22,C-00776,Partner,177,0.1849
2025-01-19,West,Pulse,Services,2602.08,1774.55,827.54,16,C-00757,Direct,142,0.1459
2025-01-20,North,Atlas,Hardware,1673.99,1097.46,576.52,16,C-01058,Online,105,0.0854
2025-01-20,North,Nova,Software,1514.44,960.9,553.54,21,C-00296,Online,124,0.1077
2025-01-20,North,Pulse,Services,1658.91,1227.27,431.63,17,C-01689,Partner,120,0.1828
2025-01-20,South,Atlas,Hardware,2342.05,1476.52,865.54,15,C-01492,Partner,125,0.1756
2025-01-20,South,Nova,Software,2129.85,1670.13,459.72,16,C-02103,Partner,110,0.1048
2025-01-20,South,Pulse,Services,2292.93,1594.75,698.18,13,C-01155,Online,138,0.1434
2025-01-20,East,Atlas,Hardware,2498.34,1675.52,822.81,21,C-02475,Online,142,0.1233
2025-01-20,East,Nova,Software,2448.5,1566.35,882.16,12,C-00762,Partner,109,0.1161
2025-01-20,East,Pulse,Services,2353.22,1274.63,1078.59,17,C-00177,Direct,169,0.1738
2025-01-20,West,Atlas,Hardware,2344.98,1390.56,954.42,22,C-01734,Online,129,0.0757
2025-01-20,West,Nova,Software,2173.08,1655.31,517.77,19,C-01895,Direct,111,0.1093
2025-01-20,West,Pulse,Services,2817.8,1793.4,1024.4,14,C-01860,Direct,173,0.078
2025-01-21,North,Atlas,Hardware,1461.77,878.95,582.82,19,C-00122,Partner,137,0.1012
2025-01-21,North,Nova,Software,1617.52,846.04,771.48,14,C-02147,Direct,152,0.0537
2025-01-21,North,Pulse,Services,1689.89,1097.65,592.24,21,C-00532,Partner,95,0.082
2025-01-21,South,Atlas,Hardware,2327.26,1407.21,920.05,19,C-01428,Partner,138,0.021
2025-01-21,South,Nova,Software,2252.09,1155.1,1096.99,12,C-01200,Online,107,0.1126
2025-01-21,South,Pulse,Services,2309.75,1256.57,1053.18,11,C-01809,Direct,118,0.1328
2025-01-21,East,Atlas,Hardware,2280.0,1611.98,668.01,25,C-00625,Direct,109,0.2015
2025-01-21,East,Nova,Software,2258.94,1585.98,672.96,19,C-00481,Partner,167,0.1237
2025-01-21,East,Pulse,Services,2348.73,1213.61,1135.13,17,C-00831,Online,117,0.1707
2025-01-21,West,Atlas,Hardware,2472.98,1497.24,975.73,15,C-01720,Partner,103,0.0921
2025-01-21,West,Nova,Software,2312.64,1287.11,1025.53,25,C-00951,Direct,148,0.0994
2025-01-21,West,Pulse,Services,2285.89,1428.08,857.81,15,C-00513,Direct,158,0.167
2025-01-22,North,Atlas,Hardware,1606.11,1011.54,594.57,17,C-00053,Direct,86,0.1548
2025-01-22,North,Nova,Software,1670.08,1114.41,555.67,17,C-00008,Partner,99,0.1396
2025-01-22,North,Pulse,Services,1561.0,1074.81,486.2,12,C-02226,Partner,131,0.1362
2025-01-22,South,Atlas,Hardware,2469.52,1462.12,1007.41,19,C-00143,Partner,132,0.0644
2025-01-22,South,Nova,Software,2288.28,1435.44,852.84,13,C-01542,Online,82,0.1121
2025-01-22,South,Pulse,Services,2395.15,1706.85,688.3,14,C-01783,Partner,129,0.111
2025-01-22,East,Atlas,Hardware,2478.33,1365.03,1113.3,11,C-00290,Partner,108,0.1111
2025-01-22,East,Nova,Software,2190.36,1575.53,614.83,21,C-00459,Direct,90,0.1079
2025-01-22,East,Pulse,Services,2254.32,1366.0,888.32,20,C-01520,Partner,76,0.1484
2025-01-22,West,Atlas,Hardware,2537.08,1389.75,1147.33,19,C-01634,Direct,144,0.1587
2025-01-22,West,Nova,Software,2297.17,1428.86,868.31,14,C-00388,Partner,69,0.1054
2025-01-22,West,Pulse,Services,2652.36,1855.76,796.61,14,C-01551,Online,101,0.1023
2025-01-23,North,Atlas,Hardware,1637.51,1177.23,460.28,24,C-00040,Partner,91,0.0654
2025-01-23,North,Nova,Software,1630.66,1099.05,531.6,18,C-00582,Online,111,0.0717
2025-01-23,North,Pulse,Services,1733.77,855.97,877.8,13,C-00056,Online,125,0.1106
2025-01-23,South,Atlas,Hardware,2113.38,1413.97,699.41,17,C-00313,Online,118,0.036
2025-01-23,South,Nova,Software,2166.91,1544.24,622.66,15,C-01621,Partner,115,0.1385
2025-01-23,South,Pulse,Services,2197.55,1301.09,896.46,14,C-00188,Partner,120,0.0949
2025-01-23,East,Atlas,Hardware,2556.77,1406.28,1150.49,10,C-01435,Partner,73,0.1338
2025-01-23,East,Nova,Software,2287.12,1548.6,738.52,20,C-00544,Partner,127,0.0565
2025-01-23,East,Pulse,Services,2276.57,1350.24,926.33,16,C-01311,Direct,80,0.2192
2025-01-23,West,Atlas,Hardware,2404.33,1722.91,681.41,26,C-01203,Partner,96,0.1006
2025-01-23,West,Nova,Software,2367.03,1662.85,704.18,17,C-01600,Online,145,0.0457
2025-01-23,West,Pulse,Services,2620.78,1547.76,1073.01,19,C-01838,Direct,127,0.0637
2025-01-24,North,Atlas,Hardware,1612.09,1080.63,531.46,17,C-02128,Online,88,0.11
2025-01-24,North,Nova,Software,1761.23,1256.18,505.05,17,C-02035,Online,114,0.1887
2025-01-24,North,Pulse,Services,1732.34,1122.55,609.79,25,C-01982,Direct,148,0.0736
2025-01-24,South,Atlas,Hardware,2023.92,1194.05,829.87,19,C-00872,Online,122,0.1118
2025-01-24,South,Nova,Software,2333.21,1529.44,803.77,21,C-00734,Direct,93,0.136
2025-01-24,South,Pulse,Services,2260.23,1468.7,791.53,21,C-00629,Online,107,0.0733
2025-01-24,East,Atlas,Hardware,2449.87,1633.9,815.97,14,C-01092,Partner,117,0.156
2025-01-24,East,Nova,Software,2152.74,1024.74,1127.99,14,C-01341,Direct,103,0.0732
2025-01-24,East,Pulse,Services,2470.38,1352.43,1117.95,9,C-01863,Partner,126,0.0573
2025-01-24,West,Atlas,Hardware,2364.73,1586.41,778.32,20,C-01726,Partner,81,0.1209
2025-01-24,West,Nova,Software,2462.27,1475.55,986.72,19,C-02014,Online,177,0.1587
2025-01-24,West,Pulse,Services,2351.67,1497.22,854.45,21,C-00727,Online,185,0.1141
2025-01-25,North,Atlas,Hardware,1711.33,1102.19,609.14,16,C-00715,Partner,113,0.0895
2025-01-25,North,Nova,Software,1494.27,1048.11,446.16,6,C-01995,Online,93,0.0347
2025-01-25,North,Pulse,Services,1714.25,1322.42,391.83,32,C-00652,Online,129,0.0967
2025-01-25,South,Atlas,Hardware,2369.04,1838.16,530.87,16,C-01391,Online,131,0.0977
2025-01-25,South,Nova,Software,2030.44,1329.35,701.09,24,C-02459,Direct,147,0.109
2025-01-25,South,Pulse,Services,2224.53,1236.16,988.37,20,C-00244,Partner,112,0.1592
2025-01-25,East,Atlas,Hardware,2011.93,1671.8,340.13,18,C-01959,Online,136,0.1344
2025-01-25,East,Nova,Software,2398.04,1692.59,705.45,26,C-02458,Partner,121,0.1608
2025-01-25,East,Pulse,Services,2221.03,1535.19,685.84,14,C-00243,Online,93,0.0711
2025-01-25,West,Atlas,Hardware,2536.83,1496.26,1040.57,15,C-01969,Direct,124,0.11
2025-01-25,West,Nova,Software,2228.59,1294.48,934.12,25,C-00510,Direct,106,0.087
2025-01-25,West,Pulse,Services,2408.41,1718.06,690.34,27,C-02256,Direct,98,0.0705
2025-01-26,North,Atlas,Hardware,1654.8,1128.16,526.64,22,C-00153,Online,140,0.1102
2025-01-26,North,Nova,Software,1480.81,966.78,514.02,16,C-02112,Online,105,0.1048
2025-01-26,North,Pulse,Services,1639.4,1016.36,623.04,14,C-00939,Direct,154,0.0458
2025-01-26,South,Atlas,Hardware,2340.93,1425.71,915.22,19,C-00721,Online,130,0.0486
2025-01-26,South,Nova,Software,2098.89,1375.43,723.46,20,C-01005,Direct,120,0.025
2025-01-26,South,Pulse,Services,2178.91,1310.66,868.25,25,C-00503,Partner,91,0.0169
2025-01-26,East,Atlas,Hardware,2267.74,1525.0,742.74,23,C-00302,Partner,132,0.099
2025-01-26,East,Nova,Software,2350.32,1527.0,823.32,18,C-00681,Online,98,0.0947
2025-01-26,East,Pulse,Services,2411.8,1617.7,794.1,17,C-01948,Direct,145,0.0744
2025-01-26,West,Atlas,Hardware,2605.19,1741.18,864.02,16,C-00335,Online,120,0.1099
2025-01-26,West,Nova,Software,2469.6,1341.62,1127.98,13,C-01059,Partner,126,0.1495
2025-01-26,West,Pulse,Services,2555.07,1970.27,584.81,25,C-00029,Direct,116,0.0868
2025-01-27,North,Atlas,Hardware,1561.68,925.93,635.76,10,C-00818,Partner,96,0.074
2025-01-27,North,Nova,Software,1668.33,870.54,797.78,13,C-02039,Online,133,0.111
2025-01-27,North,Pulse,Services,1654.64,1099.37,555.28,11,C-00376,Online,106,0.1252
2025-01-27,South,Atlas,Hardware,1999.56,1365.96,633.6,16,C-01667,Direct,133,0.0934
2025-01-27,South,Nova,Software,2380.54,1474.97,905.56,22,C-00905,Online,100,0.0098
2025-01-27,South,Pulse,Services,1997.92,1387.55,610.37,21,C-01608,Online,149,0.0815
2025-01-27,East,Atlas,Hardware,2289.05,1558.38,730.67,19,C-01534,Partner,110,0.1133
2025-01-27,East,Nova,Software,2225.6,1514.92,710.68,19,C-01689,Online,147,0.1856
2025-01-27,East,Pulse,Services,2333.52,1459.98,873.54,25,C-00394,Partner,98,0.0506
2025-01-27,West,Atlas,Hardware,2308.71,1418.71,890.0,13,C-00937,Partner,152,0.1459
2025-01-27,West,Nova,Software,2374.3,1426.24,948.06,19,C-01825,Online,79,0.0761
2025-01-27,West,Pulse,Services,2389.07,1584.9,804.17,24,C-00923,Online,156,0.1148
2025-01-28,North,Atlas,Hardware,1616.04,996.58,619.46,17,C-01259,Partner,95,0.1233
2025-01-28,North,Nova,Software,1632.32,1083.87,548.45,13,C-02476,Direct,152,0.1803
2025-01-28,North,Pulse,Services,1664.24,966.73,697.51,26,C-01798,Online,124,0.1099
2025-01-28,South,Atlas,Hardware,2488.51,1542.09,946.42,23,C-01773,Online,109,0.1427
2025-01-28,South,Nova,Software,2155.8,1192.75,963.05,18,C-00863,Partner,136,0.0804
2025-01-28,South,Pulse,Services,2145.68,1189.12,956.56,20,C-02119,Online,164,0.15
2025-01-28,East,Atlas,Hardware,2377.1,1496.35,880.75,25,C-00549,Direct,102,0.1549
2025-01-28,East,Nova,Software,2394.16,1433.84,960.32,18,C-00917,Direct,156,0.1587
2025-01-28,East,Pulse,Services,2276.93,1478.79,798.14,12,C-02431,Online,126,0.0418
2025-01-28,West,Atlas,Hardware,2306.59,1416.96,889.63,13,C-00064,Direct,128,0.1458
2025-01-28,West,Nova,Software,2654.06,1592.95,1061.11,18,C-02164,Partner,119,0.1601
2025-01-28,West,Pulse,Services,2361.59,1431.65,929.94,17,C-02442,Direct,134,0.1648
2025-01-29,North,Atlas,Hardware,1671.37,1039.56,631.82,26,C-00284,Direct,95,0.1245
2025-01-29,North,Nova,Software,1454.28,1062.36,391.92,15,C-01109,Partner,73,0.1038
2025-01-29,North,Pulse,Services,1598.46,946.94,651.52,18,C-01990,Direct,147,0.0073
2025-01-29,South,Atlas,Hardware,2076.3,1479.73,596.57,14,C-00873,Direct,89,0.0389
2025-01-29,South,Nova,Software,2389.86,1737.24,652.63,17,C-00585,Online,111,0.234
2025-01-29,South,Pulse,Services,1886.31,1078.34,807.96,12,C-01436,Direct,117,0.0964
2025-01-29,East,Atlas,Hardware,2397.1,1397.89,999.21,24,C-00728,Online,74,0.1335
2025-01-29,East,Nova,Software,2622.25,1569.15,1053.1,20,C-02467,Online,92,0.1159
2025-01-29,East,Pulse,Services,2433.31,1420.33,1012.97,22,C-00678,Partner,80,0.1065
2025-01-29,West,Atlas,Hardware,2568.67,1539.99,1028.68,24,C-01262,Direct,120,0.1092
2025-01-29,West,Nova,Software,2531.91,1699.44,832.48,19,C-01686,Online,117,0.0587
2025-01-29,West,Pulse,Services,2390.75,1694.55,696.2,14,C-00470,Direct,123,0.0053
2025-01-30,North,Atlas,Hardware,1553.69,1099.1,454.59,17,C-00827,Partner,156,0.1265
2025-01-30,North,Nova,Software,1619.83,1141.15,478.67,21,C-02129,Partner,135,0.0445
2025-01-30,North,Pulse,Services,1561.79,965.87,595.91,22,C-01288,Online,171,0.0618
2025-01-30,South,Atlas,Hardware,2387.76,1778.38,609.38,17,C-01001,Direct,109,0.0802
2025-01-30,South,Nova,Software,2285.54,1550.11,735.43,15,C-02420,Direct,147,0.0475
2025-01-30,South,Pulse,Services,2020.93,1180.3,840.63,22,C-00735,Direct,106,0.0417
2025-01-30,East,Atlas,Hardware,2319.62,1288.08,1031.53,18,C-00856,Partner,147,0.0987
2025-01-30,East,Nova,Software,2692.07,1704.31,987.76,16,C-00643,Partner,138,0.049
2025-01-30,East,Pulse,Services,2484.98,1947.8,537.17,18,C-01249,Partner,109,0.2235
2025-01-30,West,Atlas,Hardware,2520.12,1802.3,717.82,15,C-00186,Online,142,0.0472
2025-01-30,West,Nova,Software,2520.5,1470.34,1050.15,25,C-02073,Online,134,0.1822
2025-01-30,West,Pulse,Services,2299.74,1594.79,704.95,18,C-02427,Partner,70,0.117
2025-01-31,North,Atlas,Hardware,1994.3,1289.25,705.05,19,C-00362,Partner,152,0.1603
2025-01-31,North,Nova,Software,1795.36,1250.12,545.24,18,C-01729,Partner,107,0.1377
2025-01-31,North,Pulse,Services,1816.51,1151.94,664.57,17,C-00950,Online,99,0.1305
2025-01-31,South,Atlas,Hardware,2423.2,1789.8,633.4,18,C-00507,Partner,139,0.1207
2025-01-31,South,Nova,Software,2300.96,1581.77,719.19,15,C-00732,Partner,108,0.0674
2025-01-31,South,Pulse,Services,2309.47,1441.68,867.8,15,C-01588,Partner,89,0.1042
2025-01-31,East,Atlas,Hardware,2412.64,1559.78,852.85,16,C-00405,Partner,114,0.1124
2025-01-31,East,Nova,Software,2422.07,1592.79,829.28,23,C-00728,Partner,145,0.0929
2025-01-31,East,Pulse,Services,2595.35,1712.63,882.73,20,C-01792,Online,66,0.0487
2025-01-31,West,Atlas,Hardware,2606.83,1662.72,944.11,16,C-00526,Direct,74,0.1601
2025-01-31,West,Nova,Software,2406.73,1375.28,1031.45,13,C-02397,Partner,138,0.0612
2025-01-31,West,Pulse,Services,2899.48,1989.23,910.25,14,C-00724,Partner,146,0.1236
2025-02-01,North,Atlas,Hardware,1679.75,985.49,694.26,14,C-02207,Online,116,0.1044
2025-02-01,North,Nova,Software,1475.09,988.74,486.34,23,C-00191,Partner,119,0.0996
2025-02-01,North,Pulse,Services,1552.21,1001.38,550.84,18,C-01739,Online,121,0.0809
2025-02-01,South,Atlas,Hardware,2068.94,1051.15,1017.79,14,C-00657,Direct,126,0.0557
2025-02-01,South,Nova,Software,2190.76,1249.92,940.84,24,C-00038,Online,113,0.0946
2025-02-01,South,Pulse,Services,2530.55,1562.46,968.09,15,C-01540,Direct,131,0.1054
2025-02-01,East,Atlas,Hardware,2458.41,1696.9,761.51,25,C-02051,Partner,89,0.2037
2025-02-01,East,Nova,Software,2245.04,1410.59,834.45,21,C-00825,Online,109,0.141
2025-02-01,East,Pulse,Services,2224.07,1543.51,680.57,19,C-01473,Direct,143,0.1214
2025-02-01,West,Atlas,Hardware,2302.37,1859.57,442.81,14,C-00173,Direct,95,0.2101
2025-02-01,West,Nova,Software,2456.74,1669.91,786.83,20,C-02342,Direct,158,0.0943
2025-02-01,West,Pulse,Services,2429.44,1569.03,860.42,18,C-01452,Online,118,0.1252
2025-02-02,North,Atlas,Hardware,1566.32,1154.85,411.48,13,C-00694,Direct,108,0.0344
2025-02-02,North,Nova,Software,1506.92,1010.43,496.49,17,C-01010,Direct,121,0.1561
2025-02-02,North,Pulse,Services,1720.73,1125.12,595.6,17,C-00206,Online,125,0.2063
2025-02-02,South,Atlas,Hardware,2257.85,1441.3,816.55,17,C-00015,Direct,125,0.1615
2025-02-02,South,Nova,Software,2313.32,1803.71,509.62,12,C-00401,Direct,149,0.1608
2025-02-02,South,Pulse,Services,2406.48,1348.37,1058.11,27,C-01059,Online,155,0.0832
2025-02-02,East,Atlas,Hardware,2457.37,1208.55,1248.82,13,C-00575,Direct,109,0.1462
2025-02-02,East,Nova,Software,2388.56,1403.96,984.6,18,C-01126,Online,92,0.1202
2025-02-02,East,Pulse,Services,2246.79,1144.91,1101.87,17,C-01631,Partner,93,0.0454
2025-02-02,West,Atlas,Hardware,2715.95,1692.84,1023.11,19,C-00952,Direct,96,0.2285
2025-02-02,West,Nova,Software,2654.48,1559.54,1094.94,12,C-00983,Online,109,0.0916
2025-02-02,West,Pulse,Services,2228.77,1322.74,906.03,16,C-02419,Direct,146,0.1256
2025-02-03,North,Atlas,Hardware,1699.85,1257.88,441.97,11,C-02167,Direct,130,0.1039
2025-02-03,North,Nova,Software,1776.42,1130.1,646.32,15,C-01366,Direct,172,0.0
2025-02-03,North,Pulse,Services,1650.73,1165.58,485.15,20,C-01537,Direct,117,0.1841
2025-02-03,South,Atlas,Hardware,2419.66,1785.9,633.76,22,C-00855,Partner,103,0.1004
2025-02-03,South,Nova,Software,2204.18,1234.73,969.45,14,C-00491,Online,97,0.0888
2025-02-03,South,Pulse,Services,2416.41,1116.91,1299.5,23,C-01281,Online,149,0.1468
2025-02-03,East,Atlas,Hardware,2323.96,1957.14,366.83,12,C-00107,Partner,149,0.0608
2025-02-03,East,Nova,Software,2156.18,1380.22,775.96,16,C-02445,Partner,89,0.0329
2025-02-03,East,Pulse,Services,2379.71,1521.93,857.78,13,C-00280,Online,132,0.081
2025-02-03,West,Atlas,Hardware,2543.08,1639.45,903.64,9,C-00641,Partner,122,0.2857
2025-02-03,West,Nova,Software,2470.64,1769.15,701.49,21,C-02333,Partner,136,0.1089
2025-02-03,West,Pulse,Services,2581.64,1904.33,677.31,15,C-01721,Online,111,0.0933
2025-02-04,North,Atlas,Hardware,1613.6,1107.09,506.51,14,C-01523,Online,115,0.1531
2025-02-04,North,Nova,Software,1667.48,1016.06,651.42,12,C-01744,Partner,165,0.1319
2025-02-04,North,Pulse,Services,1453.11,807.33,645.78,16,C-02412,Direct,120,0.1197
2025-02-04,South,Atlas,Hardware,2326.5,1460.51,865.99,21,C-02070,Direct,120,0.1503
2025-02-04,South,Nova,Software,2171.58,1451.03,720.55,18,C-01923,Partner,136,0.0404
2025-02-04,South,Pulse,Services,2284.05,1424.54,859.51,22,C-01400,Online,83,0.1107
2025-02-04,East,Atlas,Hardware,2307.97,1467.53,840.44,10,C-00820,Partner,93,0.1575
2025-02-04,East,Nova,Software,2358.63,1575.06,783.57,13,C-01494,Online,109,0.1442
2025-02-04,East,Pulse,Services,2256.73,1380.7,876.02,10,C-00283,Partner,92,0.1526
2025-02-04,West,Atlas,Hardware,2564.9,1735.67,829.23,14,C-02419,Online,157,0.2374
2025-02-04,West,Nova,Software,2794.32,1696.74,1097.58,20,C-01749,Online,79,0.0424
2025-02-04,West,Pulse,Services,2397.64,1280.12,1117.52,18,C-01327,Partner,87,0.1237
2025-02-05,North,Atlas,Hardware,1830.9,1045.53,785.38,15,C-01747,Partner,109,0.0793
2025-02-05,North,Nova,Software,1618.18,1022.7,595.48,19,C-02242,Partner,133,0.0516
2025-02-05,North,Pulse,Services,1592.65,961.99,630.66,18,C-00872,Online,138,0.1568
2025-02-05,South,Atlas,Hardware,2077.81,1446.87,630.94,13,C-01990,Partner,128,0.0647
2025-02-05,South,Nova,Software,2161.85,1456.8,705.05,13,C-01689,Partner,102,0.1179
2025-02-05,South,Pulse,Services,2427.06,1832.93,594.13,17,C-00099,Online,135,0.078
2025-02-05,East,Atlas,Hardware,2423.17,1145.23,1277.95,17,C-00691,Partner,127,0.1259
2025-02-05,East,Nova,Software,2459.52,1804.97,654.55,16,C-00943,Direct,139,0.0568
2025-02-05,East,Pulse,Services,2339.25,1691.28,647.97,17,C-01513,Partner,105,0.1249
2025-02-05,West,Atlas,Hardware,2594.84,1637.79,957.05,17,C-00584,Direct,111,0.2805
2025-02-05,West,Nova,Software,2536.31,1624.91,911.41,14,C-02095,Direct,162,0.0847
2025-02-05,West,Pulse,Services,2401.35,1482.76,918.59,22,C-01236,Partner,95,0.0279
2025-02-06,North,Atlas,Hardware,1572.58,780.43,792.14,28,C-01115,Direct,92,0.1064
2025-02-06,North,Nova,Software,1588.83,1053.73,535.1,21,C-00121,Direct,152,0.133
2025-02-06,North,Pulse,Services,1490.31,902.03,588.28,18,C-02331,Online,131,0.1922
2025-02-06,South,Atlas,Hardware,2333.69,1619.56,714.12,18,C-00356,Partner,140,0.1053
2025-02-06,South,Nova,Software,2525.82,1554.51,971.3,13,C-01899,Online,129,0.0658
2025-02-06,South,Pulse,Services,2428.49,1367.55,1060.94,19,C-00011,Online,121,0.1647
2025-02-06,East,Atlas,Hardware,2275.62,1651.45,624.17,15,C-02309,Partner,140,0.1352
2025-02-06,East,Nova,Software,2618.61,1545.78,1072.83,22,C-01040,Online,136,0.1722
2025-02-06,East,Pulse,Services,2517.86,1854.7,663.16,23,C-01173,Partner,138,0.1153
2025-02-06,West,Atlas,Hardware,2999.06,1923.33,1075.73,19,C-01164,Direct,116,0.2044
2025-02-06,West,Nova,Software,2405.64,1826.56,579.09,14,C-02320,Partner,119,0.1268
2025-02-06,West,Pulse,Services,2473.88,1835.18,638.71,16,C-01350,Direct,122,0.1366
2025-02-07,North,Atlas,Hardware,1712.27,1186.68,525.59,16,C-00053,Partner,105,0.1404
2025-02-07,North,Nova,Software,1852.63,1133.96,718.67,21,C-01496,Direct,160,0.0456
2025-02-07,North,Pulse,Services,1734.11,889.23,844.88,15,C-02080,Partner,145,0.1451
2025-02-07,South,Atlas,Hardware,2389.6,1649.13,740.47,12,C-00197,Online,125,0.1271
2025-02-07,South,Nova,Software,2260.13,1075.27,1184.86,20,C-01053,Partner,112,0.0973
2025-02-07,South,Pulse,Services,2471.48,1723.77,747.71,16,C-02295,Direct,77,0.0447
2025-02-07,East,Atlas,Hardware,2395.02,1617.98,777.05,20,C-01839,Direct,106,0.1789
2025-02-07,East,Nova,Software,2167.89,1483.79,684.1,16,C-01653,Partner,175,0.1026
2025-02-07,East,Pulse,Services,2443.18,1652.23,790.95,17,C-00341,Direct,108,0.0958
2025-02-07,West,Atlas,Hardware,2585.75,1241.67,1344.09,16,C-01104,Partner,129,0.2128
2025-02-07,West,Nova,Software,2307.88,1819.65,488.23,26,C-01865,Direct,100,0.1495
2025-02-07,West,Pulse,Services,2434.62,1729.32,705.31,23,C-01460,Online,79,0.0895
2025-02-08,North,Atlas,Hardware,1730.09,959.32,770.77,25,C-00974,Partner,134,0.1205
2025-02-08,North,Nova,Software,1671.28,1250.88,420.41,18,C-02077,Partner,108,0.1018
2025-02-08,North,Pulse,Services,1470.25,1037.97,432.28,15,C-02275,Online,79,0.1011
2025-02-08,South,Atlas,Hardware,2396.43,1548.3,848.14,19,C-02002,Direct,116,0.0388
2025-02-08,South,Nova,Software,2337.08,1379.66,957.43,21,C-02376,Direct,95,0.1137
2025-02-08,South,Pulse,Services,2473.47,1701.79,771.69,7,C-00846,Direct,132,0.0432
2025-02-08,East,Atlas,Hardware,2500.78,1441.08,1059.7,16,C-01375,Direct,133,0.1195
2025-02-08,East,Nova,Software,2363.24,1413.2,950.04,16,C-01868,Online,120,0.1304
2025-02-08,East,Pulse,Services,2505.75,1740.64,765.11,12,C-01000,Direct,144,0.1087
2025-02-08,West,Atlas,Hardware,2496.94,1571.95,924.98,11,C-02283,Partner,145,0.3117
2025-02-08,West,Nova,Software,2477.15,1761.15,716.0,13,C-01474,Direct,153,0.1077
2025-02-08,West,Pulse,Services,2490.63,1614.01,876.62,23,C-02406,Online,127,0.1267
2025-02-09,North,Atlas,Hardware,1807.68,1093.01,714.68,15,C-01714,Partner,120,0.1166
2025-02-09,North,Nova,Software,1801.53,1171.71,629.82,20,C-02386,Direct,133,0.0668
2025-02-09,North,Pulse,Services,1566.39,776.04,790.35,13,C-01029,Partner,94,0.1268
2025-02-09,South,Atlas,Hardware,2349.86,1380.22,969.64,23,C-01909,Partner,89,0.0772
2025-02-09,South,Nova,Software,2250.39,1343.91,906.48,23,C-01092,Partner,72,0.1411
2025-02-09,South,Pulse,Services,2507.17,1613.58,893.59,18,C-01487,Partner,161,0.065
2025-02-09,East,Atlas,Hardware,2046.92,1484.77,562.15,16,C-01785,Partner,157,0.0595
2025-02-09,East,Nova,Software,2379.98,1406.24,973.74,14,C-00011,Partner,109,0.0488
2025-02-09,East,Pulse,Services,2558.9,1678.57,880.33,17,C-00193,Partner,147,0.1036
2025-02-09,West,Atlas,Hardware,2487.71,1552.98,934.73,21,C-02339,Partner,100,0.3095
2025-02-09,West,Nova,Software,2689.15,1952.57,736.58,18,C-00916,Partner,162,0.0768
2025-02-09,West,Pulse,Services,2743.95,2073.61,670.34,21,C-02012,Online,172,0.0846
2025-02-10,North,Atlas,Hardware,1502.81,1198.45,304.35,14,C-02057,Online,143,0.1186
2025-02-10,North,Nova,Software,1731.59,1041.65,689.94,22,C-00899,Online,118,0.1303
2025-02-10,North,Pulse,Services,1701.39,1194.26,507.12,17,C-01164,Direct,100,0.0821
2025-02-10,South,Atlas,Hardware,2423.07,1960.36,462.71,14,C-01503,Online,157,0.1365
2025-02-10,South,Nova,Software,2180.48,1546.61,633.88,20,C-01068,Partner,94,0.2177
2025-02-10,South,Pulse,Services,2330.66,1742.9,587.76,21,C-01188,Direct,113,0.1256
2025-02-10,East,Atlas,Hardware,2400.13,1299.11,1101.02,15,C-02055,Partner,130,0.0963
2025-02-10,East,Nova,Software,2220.55,1312.88,907.67,17,C-01651,Direct,131,0.1362
2025-02-10,East,Pulse,Services,2683.04,1754.6,928.44,24,C-01300,Partner,100,0.0985
2025-02-10,West,Atlas,Hardware,2567.3,1649.16,918.14,14,C-00947,Partner,120,0.2273
2025-02-10,West,Nova,Software,2636.46,1685.09,951.36,15,C-00919,Online,127,0.1124
2025-02-10,West,Pulse,Services,2418.9,1720.97,697.93,15,C-01433,Partner,126,0.0671
2025-02-11,North,Atlas,Hardware,1648.75,1085.9,562.85,20,C-02437,Direct,118,0.1665
2025-02-11,North,Nova,Software,1903.22,1306.04,597.18,14,C-01652,Partner,111,0.0892
2025-02-11,North,Pulse,Services,1584.51,798.85,785.66,20,C-00765,Direct,109,0.0762
2025-02-11,South,Atlas,Hardware,2497.0,1743.91,753.08,20,C-02276,Direct,132,0.0782
2025-02-11,South,Nova,Software,2415.44,1481.76,933.68,19,C-01142,Online,158,0.1033
2025-02-11,South,Pulse,Services,2449.01,1682.62,766.39,14,C-00027,Online,109,0.0733
2025-02-11,East,Atlas,Hardware,2577.93,1465.28,1112.65,16,C-00485,Partner,141,0.0705
2025-02-11,East,Nova,Software,2842.62,2050.84,791.78,19,C-01788,Online,135,0.1306
2025-02-11,East,Pulse,Services,2513.46,1480.87,1032.59,24,C-00258,Direct,155,0.1353
2025-02-11,West,Atlas,Hardware,2562.5,1767.7,794.8,6,C-01944,Direct,131,0.3162
2025-02-11,West,Nova,Software,2271.93,1475.57,796.36,18,C-00469,Online,149,0.0697
2025-02-11,West,Pulse,Services,2544.4,1339.24,1205.16,20,C-01197,Partner,132,0.1574
2025-02-12,North,Atlas,Hardware,1650.74,1128.29,522.45,13,C-00223,Direct,141,0.1262
2025-02-12,North,Nova,Software,1531.2,1024.32,506.88,15,C-00216,Direct,128,0.0761
2025-02-12,North,Pulse,Services,1610.7,766.21,844.48,16,C-02431,Direct,113,0.116
2025-02-12,South,Atlas,Hardware,2301.75,1241.74,1060.01,16,C-00205,Online,100,0.0681
2025-02-12,South,Nova,Software,2077.19,1211.61,865.57,28,C-00520,Online,130,0.1652
2025-02-12,South,Pulse,Services,2621.65,1650.32,971.33,14,C-01957,Partner,156,0.094
2025-02-12,East,Atlas,Hardware,2485.57,1608.22,877.35,18,C-00074,Online,148,0.1646
2025-02-12,East,Nova,Software,2534.82,1780.82,754.0,14,C-01756,Online,148,0.0766
2025-02-12,East,Pulse,Services,2385.65,1480.31,905.34,16,C-00181,Online,167,0.1186
2025-02-12,West,Atlas,Hardware,2471.99,1898.8,573.18,18,C-00348,Online,109,0.2854
2025-02-12,West,Nova,Software,2718.28,1748.34,969.93,20,C-02488,Direct,99,0.1037
2025-02-12,West,Pulse,Services,2617.45,1659.48,957.98,19,C-01330,Direct,96,0.0013
2025-02-13,North,Atlas,Hardware,1567.06,1062.27,504.79,13,C-01114,Direct,110,0.1335
2025-02-13,North,Nova,Software,1540.4,921.97,618.43,15,C-00767,Direct,150,0.1083
2025-02-13,North,Pulse,Services,1598.06,881.05,717.01,12,C-02431,Direct,101,0.0966
2025-02-13,South,Atlas,Hardware,2379.56,1537.1,842.46,22,C-01054,Online,90,0.1238
2025-02-13,South,Nova,Software,2194.66,1503.75,690.91,20,C-01510,Online,167,0.0539
2025-02-13,South,Pulse,Services,2201.3,1425.9,775.39,22,C-00493,Online,89,0.1481
2025-02-13,East,Atlas,Hardware,2288.78,1346.25,942.52,24,C-01399,Partner,104,0.0844
2025-02-13,East,Nova,Software,2186.55,1424.93,761.62,12,C-00786,Partner,139,0.097
2025-02-13,East,Pulse,Services,2541.31,1579.14,962.17,24,C-01409,Partner,166,0.1264
2025-02-13,West,Atlas,Hardware,2534.24,1649.33,884.92,24,C-00442,Partner,150,0.3044
2025-02-13,West,Nova,Software,2577.74,1669.94,907.8,19,C-00179,Online,155,0.096
2025-02-13,West,Pulse,Services,2579.62,1742.67,836.95,14,C-00148,Direct,108,0.0711
2025-02-14,North,Atlas,Hardware,1659.03,995.24,663.79,17,C-01558,Partner,125,0.151
2025-02-14,North,Nova,Software,1776.89,1300.91,475.98,17,C-02499,Online,74,0.1396
2025-02-14,North,Pulse,Services,1525.39,1138.76,386.63,19,C-02042,Direct,125,0.0841
2025-02-14,South,Atlas,Hardware,1958.22,1175.24,782.98,22,C-00082,Partner,124,0.0567
2025-02-14,South,Nova,Software,2123.45,1222.61,900.84,19,C-01786,Partner,92,0.1089
2025-02-14,South,Pulse,Services,2365.94,1527.52,838.42,23,C-01702,Partner,130,0.1325
2025-02-14,East,Atlas,Hardware,2412.76,1306.14,1106.62,20,C-00893,Online,139,0.0797
2025-02-14,East,Nova,Software,2111.52,1532.62,578.91,19,C-01739,Direct,114,0.1639
2025-02-14,East,Pulse,Services,2668.86,1504.9,1163.96,19,C-00217,Online,101,0.1673
2025-02-14,West,Atlas,Hardware,2386.42,1317.75,1068.67,21,C-00522,Online,123,0.2655
2025-02-14,West,Nova,Software,2338.72,1411.86,926.86,21,C-01606,Direct,97,0.1182
2025-02-14,West,Pulse,Services,2440.21,1598.86,841.35,22,C-01251,Direct,164,0.0803
2025-02-15,North,Atlas,Hardware,1680.65,944.23,736.42,18,C-00130,Partner,146,0.1496
2025-02-15,North,Nova,Software,1547.69,1018.99,528.7,13,C-02008,Online,165,0.0971
2025-02-15,North,Pulse,Services,1592.21,856.02,736.18,22,C-00083,Partner,115,0.0684
2025-02-15,South,Atlas,Hardware,2455.1,1458.14,996.97,24,C-01192,Direct,153,0.1383
2025-02-15,South,Nova,Software,2345.75,1494.41,851.35,24,C-01618,Partner,142,0.0916
2025-02-15,South,Pulse,Services,2188.72,1390.32,798.4,14,C-01835,Partner,127,0.1291
2025-02-15,East,Atlas,Hardware,2281.53,1293.17,988.36,17,C-01717,Direct,143,0.1138
2025-02-15,East,Nova,Software,2562.42,1664.14,898.28,17,C-01619,Online,106,0.2088
2025-02-15,East,Pulse,Services,2449.12,1326.94,1122.18,16,C-00336,Online,130,0.1417
2025-02-15,West,Atlas,Hardware,2713.19,1775.78,937.41,19,C-01493,Partner,149,0.2837
2025-02-15,West,Nova,Software,2627.14,1515.98,1111.15,14,C-01346,Direct,86,0.0693
2025-02-15,West,Pulse,Services,2517.82,1472.79,1045.03,18,C-01456,Partner,122,0.143
2025-02-16,North,Atlas,Hardware,1840.81,1110.44,730.37,15,C-01741,Direct,100,0.1351
2025-02-16,North,Nova,Software,1692.4,1140.42,551.98,18,C-01001,Partner,124,0.1208
2025-02-16,North,Pulse,Services,1755.08,1255.8,499.28,18,C-01256,Online,81,0.1668
2025-02-16,South,Atlas,Hardware,2071.72,1453.97,617.75,23,C-01850,Direct,94,0.1928
2025-02-16,South,Nova,Software,2153.81,1465.81,688.0,19,C-00948,Partner,113,0.1911
2025-02-16,South,Pulse,Services,2098.7,1248.03,850.67,23,C-02222,Partner,140,0.2138
2025-02-16,East,Atlas,Hardware,2302.66,1588.29,714.37,14,C-01481,Direct,114,0.0744
2025-02-16,East,Nova,Software,2721.22,1845.82,875.41,22,C-01950,Direct,89,0.1521
2025-02-16,East,Pulse,Services,2293.22,1393.56,899.66,11,C-01206,Direct,103,0.1002
2025-02-16,West,Atlas,Hardware,2489.74,1666.08,823.66,13,C-02325,Direct,94,0.2183
2025-02-16,West,Nova,Software,2774.92,1632.38,1142.54,16,C-00744,Direct,113,0.0715
2025-02-16,West,Pulse,Services,2725.76,1845.45,880.31,20,C-00040,Direct,103,0.1302
2025-02-17,North,Atlas,Hardware,1523.9,930.39,593.51,18,C-00088,Online,113,0.1092
2025-02-17,North,Nova,Software,1685.12,1095.16,589.96,22,C-01875,Direct,116,0.1413
2025-02-17,North,Pulse,Services,1755.84,1281.14,474.7,28,C-00547,Online,97,0.1552
2025-02-17,South,Atlas,Hardware,2308.36,1282.71,1025.65,17,C-01114,Online,102,0.1645
2025-02-17,South,Nova,Software,2349.14,1769.48,579.66,20,C-00090,Partner,76,0.0593
2025-02-17,South,Pulse,Services,2580.6,1778.66,801.94,18,C-00273,Online,105,0.1141
2025-02-17,East,Atlas,Hardware,2394.83,1530.92,863.91,17,C-02399,Partner,119,0.0501
2025-02-17,East,Nova,Software,2462.28,1577.9,884.38,21,C-01633,Direct,107,0.1603
2025-02-17,East,Pulse,Services,2713.6,1744.74,968.86,18,C-00636,Online,118,0.0503
2025-02-17,West,Atlas,Hardware,2428.08,1301.36,1126.72,14,C-00095,Partner,113,0.2765
2025-02-17,West,Nova,Software,2677.56,1638.05,1039.52,19,C-00473,Direct,95,0.1322
2025-02-17,West,Pulse,Services,2675.08,1381.88,1293.2,23,C-01435,Online,38,0.0604
2025-02-18,North,Atlas,Hardware,1686.69,1000.4,686.29,16,C-01620,Online,152,0.1205
2025-02-18,North,Nova,Software,1711.43,1143.79,567.64,24,C-01701,Direct,108,0.0942
2025-02-18,North,Pulse,Services,1564.56,854.89,709.67,12,C-01802,Online,110,0.0897
2025-02-18,South,Atlas,Hardware,2422.59,1352.87,1069.72,18,C-01526,Online,71,0.0991
2025-02-18,South,Nova,Software,2316.26,1239.85,1076.4,19,C-01527,Partner,94,0.146
2025-02-18,South,Pulse,Services,2314.59,1517.65,796.94,22,C-00727,Direct,103,0.0782
2025-02-18,East,Atlas,Hardware,2366.28,1727.71,638.58,20,C-01808,Direct,64,0.0623
2025-02-18,East,Nova,Software,2828.96,1540.71,1288.25,16,C-01582,Direct,72,0.1197
2025-02-18,East,Pulse,Services,2412.46,1222.37,1190.09,21,C-01323,Online,92,0.156
2025-02-18,West,Atlas,Hardware,2840.36,1603.0,1237.36,14,C-01775,Online,150,0.3452
2025-02-18,West,Nova,Software,2332.28,1437.22,895.06,24,C-01847,Partner,133,0.1154
2025-02-18,West,Pulse,Services,2461.28,1660.0,801.28,11,C-00698,Partner,135,0.1621
2025-02-19,North,Atlas,Hardware,1742.38,928.81,813.57,21,C-01746,Direct,81,0.1368
2025-02-19,North,Nova,Software,1734.76,1171.62,563.14,19,C-00216,Online,125,0.1833
2025-02-19,North,Pulse,Services,1554.53,1099.27,455.26,20,C-01760,Partner,121,0.1692
2025-02-19,South,Atlas,Hardware,2361.77,1523.88,837.89,16,C-01380,Partner,82,0.113
2025-02-19,South,Nova,Software,2489.15,1433.6,1055.56,18,C-02095,Direct,114,0.157
2025-02-19,South,Pulse,Services,2069.31,1243.43,825.88,10,C-01896,Direct,121,0.1183
2025-02-19,East,Atlas,Hardware,2449.61,1546.74,902.87,10,C-00489,Online,107,0.0641
2025-02-19,East,Nova,Software,2593.36,1861.46,731.9,22,C-00632,Partner,114,0.1551
2025-02-19,East,Pulse,Services,2555.34,1435.49,1119.85,13,C-01302,Direct,134,0.1426
2025-02-19,West,Atlas,Hardware,2580.11,1882.27,697.84,21,C-02303,Online,102,0.251
2025-02-19,West,Nova,Software,2637.59,1565.95,1071.64,13,C-00968,Direct,106,0.0764
2025-02-19,West,Pulse,Services,2601.06,1672.04,929.02,13,C-00052,Partner,155,0.1179
2025-02-20,North,Atlas,Hardware,1555.79,1079.22,476.57,11,C-00150,Partner,139,0.073
2025-02-20,North,Nova,Software,1757.44,1131.91,625.53,16,C-02414,Direct,82,0.1223
2025-02-20,North,Pulse,Services,1859.62,1129.75,729.87,14,C-01231,Partner,138,0.0899
2025-02-20,South,Atlas,Hardware,2488.88,1562.89,925.99,20,C-02324,Partner,100,0.0218
2025-02-20,South,Nova,Software,2574.18,1570.34,1003.84,29,C-01335,Partner,151,0.1034
2025-02-20,South,Pulse,Services,2370.58,1573.04,797.54,15,C-00252,Direct,155,0.1194
2025-02-20,East,Atlas,Hardware,2518.33,1580.43,937.9,12,C-02251,Partner,122,0.1412
2025-02-20,East,Nova,Software,2237.47,1427.29,810.19,18,C-02180,Direct,72,0.1375
2025-02-20,East,Pulse,Services,2590.52,1498.54,1091.98,11,C-01716,Online,150,0.1382
2025-02-20,West,Atlas,Hardware,2500.22,1154.84,1345.38,23,C-01117,Online,72,0.1976
2025-02-20,West,Nova,Software,2479.02,1597.63,881.39,15,C-01300,Partner,146,0.1405
2025-02-20,West,Pulse,Services,2518.67,1816.51,702.17,13,C-00308,Partner,100,0.1089
2025-02-21,North,Atlas,Hardware,1586.0,1188.01,397.99,16,C-01387,Partner,132,0.0136
2025-02-21,North,Nova,Software,1546.45,879.42,667.03,12,C-01180,Partner,105,0.1729
2025-02-21,North,Pulse,Services,1593.17,1069.19,523.99,16,C-02309,Partner,103,0.0905
2025-02-21,South,Atlas,Hardware,2384.82,1720.26,664.56,19,C-00255,Online,98,0.1391
2025-02-21,South,Nova,Software,2406.77,1592.41,814.37,13,C-00682,Online,131,0.1099
2025-02-21,South,Pulse,Services,2354.63,1290.51,1064.12,19,C-00285,Direct,128,0.0625
2025-02-21,East,Atlas,Hardware,2449.44,1590.61,858.83,23,C-00677,Online,116,0.0218
2025-02-21,East,Nova,Software,2462.33,1668.49,793.84,22,C-00656,Partner,155,0.144
2025-02-21,East,Pulse,Services,2410.4,1491.46,918.94,21,C-00535,Direct,121,0.1125
2025-02-21,West,Atlas,Hardware,2373.97,1453.8,920.17,17,C-01840,Online,135,0.2486
2025-02-21,West,Nova,Software,2449.9,1484.12,965.78,13,C-00820,Online,142,0.096
2025-02-21,West,Pulse,Services,2517.36,1569.6,947.76,25,C-01914,Partner,93,0.1378
2025-02-22,North,Atlas,Hardware,1645.56,1222.18,423.39,19,C-00522,Online,88,0.1254
2025-02-22,North,Nova,Software,1659.81,977.64,682.17,23,C-00778,Direct,91,0.046
2025-02-22,North,Pulse,Services,1816.79,1131.48,685.31,10,C-00601,Direct,75,0.1927
2025-02-22,South,Atlas,Hardware,2386.58,1531.13,855.45,23,C-02145,Partner,157,0.0916
2025-02-22,South,Nova,Software,2328.53,1545.17,783.36,12,C-02081,Direct,114,0.1489
2025-02-22,South,Pulse,Services,2686.57,1617.69,1068.88,25,C-00915,Online,109,0.0924
2025-02-22,East,Atlas,Hardware,2522.25,1574.93,947.31,23,C-01996,Online,86,0.1072
2025-02-22,East,Nova,Software,2709.2,1634.17,1075.03,18,C-01262,Partner,117,0.0655
2025-02-22,East,Pulse,Services,2554.03,1428.74,1125.28,13,C-01745,Online,123,0.0651
2025-02-22,West,Atlas,Hardware,2589.93,1638.88,951.04,15,C-00021,Online,79,0.2828
2025-02-22,West,Nova,Software,2620.7,1649.02,971.68,20,C-02226,Online,90,0.1368
2025-02-22,West,Pulse,Services,2675.47,1723.89,951.58,20,C-02017,Partner,128,0.1243
2025-02-23,North,Atlas,Hardware,1603.82,1169.47,434.35,19,C-02111,Direct,92,0.0904
2025-02-23,North,Nova,Software,1619.8,1127.75,492.05,18,C-01882,Direct,89,0.0678
2025-02-23,North,Pulse,Services,1614.57,1105.08,509.49,10,C-00253,Direct,125,0.0952
2025-02-23,South,Atlas,Hardware,2220.65,1375.95,844.7,23,C-00548,Online,131,0.0791
2025-02-23,South,Nova,Software,2498.23,1228.51,1269.72,24,C-00811,Partner,115,0.0735
2025-02-23,South,Pulse,Services,2386.18,1507.17,879.02,20,C-02003,Partner,160,0.0819
2025-02-23,East,Atlas,Hardware,2588.51,1843.29,745.22,12,C-00728,Direct,110,0.1333
2025-02-23,East,Nova,Software,2309.72,1669.91,639.81,15,C-01368,Direct,120,0.0391
2025-02-23,East,Pulse,Services,2455.21,1675.36,779.85,19,C-01852,Partner,106,0.0582
2025-02-23,West,Atlas,Hardware,2456.93,1519.42,937.51,17,C-01146,Online,106,0.3008
2025-02-23,West,Nova,Software,2574.52,1751.49,823.02,18,C-00438,Direct,78,0.0977
2025-02-23,West,Pulse,Services,2667.0,1554.21,1112.79,12,C-00928,Direct,131,0.1387
2025-02-24,North,Atlas,Hardware,1822.38,1273.82,548.56,25,C-00997,Partner,89,0.1531
2025-02-24,North,Nova,Software,1544.57,975.55,569.02,18,C-02478,Online,110,0.0968
2025-02-24,North,Pulse,Services,1778.2,1087.96,690.24,17,C-00153,Online,114,0.1226
2025-02-24,South,Atlas,Hardware,2380.52,1513.07,867.45,15,C-01292,Online,94,0.0874
2025-02-24,South,Nova,Software,2365.07,1502.16,862.91,13,C-00460,Online,110,0.0942
2025-02-24,South,Pulse,Services,2412.23,1429.56,982.67,21,C-01070,Partner,79,0.0777
2025-02-24,East,Atlas,Hardware,2543.01,1321.98,1221.03,15,C-01733,Direct,81,0.1673
2025-02-24,East,Nova,Software,2457.44,1356.74,1100.7,18,C-02239,Direct,116,0.074
2025-02-24,East,Pulse,Services,2401.79,1590.7,811.1,21,C-00275,Direct,125,0.1309
2025-02-24,West,Atlas,Hardware,2427.18,1618.26,808.93,16,C-00838,Partner,137,0.2902
2025-02-24,West,Nova,Software,2621.34,1619.01,1002.33,15,C-01021,Partner,155,0.0836
2025-02-24,West,Pulse,Services,2596.94,1684.81,912.14,20,C-00203,Partner,87,0.0997
2025-02-25,North,Atlas,Hardware,1783.11,1207.42,575.69,16,C-02393,Online,118,0.152
2025-02-25,North,Nova,Software,1714.88,1018.85,696.03,20,C-01157,Direct,125,0.206
2025-02-25,North,Pulse,Services,1705.66,1084.17,621.49,21,C-00299,Partner,77,0.054
2025-02-25,South,Atlas,Hardware,2201.74,1409.86,791.88,16,C-00426,Partner,61,0.0881
2025-02-25,South,Nova,Software,2494.15,1941.92,552.22,22,C-01415,Partner,127,0.1302
2025-02-25,South,Pulse,Services,2506.84,1205.39,1301.45,15,C-02269,Partner,100,0.1123
2025-02-25,East,Atlas,Hardware,2379.68,1325.67,1054.01,23,C-02196,Direct,120,0.1302
2025-02-25,East,Nova,Software,2394.39,1528.98,865.41,19,C-01974,Partner,129,0.1102
2025-02-25,East,Pulse,Services,2572.98,1701.04,871.93,15,C-00623,Online,147,0.1574
2025-02-25,West,Atlas,Hardware,2639.99,1479.42,1160.57,11,C-01371,Partner,95,0.3532
2025-02-25,West,Nova,Software,2699.1,1638.58,1060.52,14,C-02474,Direct,125,0.1581
2025-02-25,West,Pulse,Services,2636.98,1505.35,1131.63,22,C-01443,Online,84,0.1427
2025-02-26,North,Atlas,Hardware,1887.28,1040.14,847.14,20,C-00670,Partner,106,0.0865
2025-02-26,North,Nova,Software,1680.79,1126.33,554.46,19,C-02028,Partner,146,0.0798
2025-02-26,North,Pulse,Services,1970.33,1404.19,566.14,24,C-00683,Direct,141,0.0816
2025-02-26,South,Atlas,Hardware,2308.27,1475.59,832.68,16,C-02061,Direct,126,0.211
2025-02-26,South,Nova,Software,2374.42,1945.09,429.33,12,C-02000,Online,121,0.1199
2025-02-26,South,Pulse,Services,2564.78,1276.5,1288.28,18,C-01049,Direct,135,0.1513
2025-02-26,East,Atlas,Hardware,2688.56,1584.1,1104.47,23,C-02279,Direct,188,0.041
2025-02-26,East,Nova,Software,2395.79,1388.02,1007.77,20,C-02126,Online,111,0.1404
2025-02-26,East,Pulse,Services,2396.89,1434.93,961.96,19,C-02340,Online,120,0.0963
2025-02-26,West,Atlas,Hardware,2462.5,1331.94,1130.56,23,C-02068,Online,145,0.3172
2025-02-26,West,Nova,Software,2582.98,1498.88,1084.1,12,C-00696,Direct,128,0.116
2025-02-26,West,Pulse,Services,2501.96,1523.23,978.73,18,C-01741,Online,112,0.0678
2025-02-27,North,Atlas,Hardware,1580.2,1042.81,537.39,12,C-01697,Online,132,0.0084
2025-02-27,North,Nova,Software,1708.38,1047.64,660.75,16,C-00986,Online,121,0.0542
2025-02-27,North,Pulse,Services,1780.05,1206.9,573.15,21,C-00663,Partner,154,0.1307
2025-02-27,South,Atlas,Hardware,2365.91,1366.72,999.18,17,C-00775,Partner,141,0.1819
2025-02-27,South,Nova,Software,2335.72,1579.85,755.87,22,C-00301,Online,139,0.2269
2025-02-27,South,Pulse,Services,2325.9,1658.19,667.71,15,C-00947,Partner,122,0.1283
2025-02-27,East,Atlas,Hardware,2377.17,1785.08,592.1,22,C-01357,Partner,73,0.0493
2025-02-27,East,Nova,Software,2428.88,1391.24,1037.64,24,C-00107,Online,141,0.1121
2025-02-27,East,Pulse,Services,2384.77,1620.62,764.16,15,C-00207,Partner,117,0.049
2025-02-27,West,Atlas,Hardware,2591.77,1987.73,604.03,21,C-00211,Direct,129,0.3265
2025-02-27,West,Nova,Software,2735.75,2203.68,532.07,23,C-01028,Partner,141,0.0835
2025-02-27,West,Pulse,Services,2798.26,1860.78,937.48,16,C-01988,Online,115,0.1307
2025-02-28,North,Atlas,Hardware,1727.08,1200.69,526.39,18,C-00935,Partner,92,0.0439
2025-02-28,North,Nova,Software,1733.0,1028.18,704.82,25,C-02217,Direct,111,0.1225
2025-02-28,North,Pulse,Services,1975.17,1137.13,838.04,13,C-00399,Online,96,0.0802
2025-02-28,South,Atlas,Hardware,2079.83,1287.47,792.36,17,C-02193,Direct,91,0.0747
2025-02-28,South,Nova,Software,2422.69,1702.11,720.57,27,C-02376,Direct,111,0.1646
2025-02-28,South,Pulse,Services,2429.49,1734.84,694.65,23,C-00286,Partner,124,0.0949
2025-02-28,East,Atlas,Hardware,2268.65,1492.12,776.53,17,C-00019,Partner,107,0.0577
2025-02-28,East,Nova,Software,2513.0,1423.15,1089.85,22,C-01328,Partner,133,0.0537
2025-02-28,East,Pulse,Services,2531.26,1283.46,1247.8,21,C-02105,Online,94,0.0598
2025-02-28,West,Atlas,Hardware,2915.66,1903.57,1012.09,16,C-02349,Direct,144,0.2962
2025-02-28,West,Nova,Software,2697.16,1661.82,1035.34,16,C-00176,Partner,122,0.1567
2025-02-28,West,Pulse,Services,2681.64,1421.18,1260.46,11,C-00122,Partner,152,0.1231
2025-03-01,North,Atlas,Hardware,1708.26,910.39,797.87,12,C-02317,Online,105,0.1465
2025-03-01,North,Nova,Software,1682.83,1075.39,607.43,23,C-01480,Direct,107,0.0917
2025-03-01,North,Pulse,Services,1698.55,945.13,753.43,16,C-00804,Online,103,0.1469
2025-03-01,South,Atlas,Hardware,2361.68,1750.35,611.34,20,C-00407,Direct,128,0.1966
2025-03-01,South,Nova,Software,2418.62,1602.69,815.93,21,C-01668,Direct,163,0.1511
2025-03-01,South,Pulse,Services,2322.0,1559.72,762.28,19,C-00507,Partner,148,0.1077
2025-03-01,East,Atlas,Hardware,2494.33,2000.47,493.86,20,C-00229,Direct,137,0.1057
2025-03-01,East,Nova,Software,2647.85,1468.69,1179.17,24,C-00205,Online,147,0.1235
2025-03-01,East,Pulse,Services,2513.85,1731.68,782.17,26,C-01365,Online,108,0.039
2025-03-01,West,Atlas,Hardware,2722.85,1502.49,1220.37,14,C-00018,Partner,126,0.257
2025-03-01,West,Nova,Software,2896.94,1758.18,1138.76,19,C-01652,Direct,139,0.0718
2025-03-01,West,Pulse,Services,2621.53,1955.46,666.07,28,C-00577,Online,94,0.1265
2025-03-02,North,Atlas,Hardware,1906.47,1405.02,501.45,17,C-02236,Partner,97,0.0111
2025-03-02,North,Nova,Software,1526.45,1005.37,521.08,16,C-02429,Online,119,0.1523
2025-03-02,North,Pulse,Services,1695.89,1005.31,690.57,19,C-02337,Online,75,0.1112
2025-03-02,South,Atlas,Hardware,2351.82,1711.89,639.93,17,C-01106,Direct,161,0.1461
2025-03-02,South,Nova,Software,2704.56,1839.4,865.16,14,C-00221,Direct,94,0.1127
2025-03-02,South,Pulse,Services,2414.29,1609.57,804.72,17,C-00876,Partner,131,0.0743
2025-03-02,East,Atlas,Hardware,2424.95,1519.57,905.38,21,C-01672,Direct,123,0.0832
2025-03-02,East,Nova,Software,2137.65,1310.91,826.74,16,C-00256,Direct,148,0.1005
2025-03-02,East,Pulse,Services,2409.97,1743.61,666.37,17,C-00664,Online,98,0.1336
2025-03-02,West,Atlas,Hardware,2794.26,1771.43,1022.84,27,C-01693,Online,158,0.2957
2025-03-02,West,Nova,Software,2306.61,1587.86,718.76,19,C-00677,Direct,107,0.1071
2025-03-02,West,Pulse,Services,2626.83,1816.07,810.76,25,C-02238,Direct,106,0.0527
2025-03-03,North,Atlas,Hardware,1642.42,996.0,646.42,16,C-01433,Direct,141,0.0966
2025-03-03,North,Nova,Software,1596.93,1112.48,484.45,17,C-02495,Online,143,0.111
2025-03-03,North,Pulse,Services,1967.59,1106.54,861.06,12,C-02084,Partner,101,0.1372
2025-03-03,South,Atlas,Hardware,2694.37,1684.18,1010.19,19,C-00249,Online,85,0.0777
2025-03-03,South,Nova,Software,2554.8,1838.88,715.91,19,C-01519,Direct,150,0.0548
2025-03-03,South,Pulse,Services,2265.96,1339.38,926.58,16,C-01857,Online,117,0.1707
2025-03-03,East,Atlas,Hardware,2368.39,1335.11,1033.27,12,C-01785,Direct,104,0.1204
2025-03-03,East,Nova,Software,2626.76,1825.07,801.68,15,C-01508,Partner,119,0.1327
2025-03-03,East,Pulse,Services,2258.24,1309.53,948.71,20,C-00211,Partner,122,0.0784
2025-03-03,West,Atlas,Hardware,2377.59,1691.15,686.44,17,C-02497,Partner,124,0.2831
2025-03-03,West,Nova,Software,2705.52,1581.75,1123.78,16,C-00297,Partner,198,0.1172
2025-03-03,West,Pulse,Services,2673.63,1907.53,766.1,17,C-01042,Online,126,0.1413
2025-03-04,North,Atlas,Hardware,1774.42,1009.07,765.34,28,C-02001,Partner,132,0.1558
2025-03-04,North,Nova,Software,1622.56,1014.86,607.7,22,C-01739,Online,129,0.1961
2025-03-04,North,Pulse,Services,1935.49,1313.68,621.81,21,C-01537,Partner,150,0.0554
2025-03-04,South,Atlas,Hardware,2325.6,1711.27,614.33,19,C-01960,Online,131,0.1587
2025-03-04,South,Nova,Software,2421.49,1636.9,784.59,10,C-02175,Partner,89,0.1333
2025-03-04,South,Pulse,Services,2376.74,1346.95,1029.78,20,C-02414,Direct,107,0.0604
2025-03-04,East,Atlas,Hardware,2606.33,1812.16,794.17,14,C-00900,Online,138,0.0557
2025-03-04,East,Nova,Software,2711.12,1571.87,1139.25,16,C-00236,Direct,118,0.0077
2025-03-04,East,Pulse,Services,2547.41,1438.03,1109.39,15,C-00586,Online,40,0.1507
2025-03-04,West,Atlas,Hardware,2824.04,1961.46,862.58,21,C-00891,Direct,125,0.3063
2025-03-04,West,Nova,Software,2433.95,1546.03,887.93,22,C-01893,Direct,110,0.1278
2025-03-04,West,Pulse,Services,2741.99,1941.72,800.27,22,C-01737,Direct,128,0.1541
2025-03-05,North,Atlas,Hardware,1848.99,952.25,896.74,19,C-01596,Direct,107,0.0479
2025-03-05,North,Nova,Software,1895.88,1188.29,707.59,16,C-00616,Online,105,0.0903
2025-03-05,North,Pulse,Services,1846.82,1102.59,744.23,19,C-00399,Online,90,0.0466
2025-03-05,South,Atlas,Hardware,2362.92,1541.52,821.4,27,C-00876,Online,129,0.1055
2025-03-05,South,Nova,Software,2348.88,1569.5,779.38,20,C-00271,Online,129,0.1218
2025-03-05,South,Pulse,Services,2032.34,1287.35,744.99,23,C-01993,Online,134,0.08
2025-03-05,East,Atlas,Hardware,2583.35,1391.66,1191.69,14,C-01128,Partner,128,0.055
2025-03-05,East,Nova,Software,2509.51,1613.3,896.21,8,C-00774,Online,143,0.1746
2025-03-05,East,Pulse,Services,2387.55,1502.31,885.24,23,C-02245,Online,145,0.1067
2025-03-05,West,Atlas,Hardware,2810.76,1808.52,1002.24,14,C-01729,Online,111,0.1718
2025-03-05,West,Nova,Software,2513.91,1896.29,617.61,18,C-01447,Partner,116,0.094
2025-03-05,West,Pulse,Services,2733.79,1869.6,864.19,18,C-00576,Partner,117,0.0663
2025-03-06,North,Atlas,Hardware,1547.02,961.11,585.91,20,C-00932,Partner,110,0.0904
2025-03-06,North,Nova,Software,1570.9,1037.8,533.1,21,C-00856,Online,103,0.0631
2025-03-06,North,Pulse,Services,1623.26,1169.62,453.64,20,C-02067,Partner,129,0.1244
2025-03-06,South,Atlas,Hardware,2216.63,1387.46,829.17,21,C-00790,Direct,127,0.0893
2025-03-06,South,Nova,Software,2452.46,1265.88,1186.58,17,C-01327,Partner,112,0.2318
2025-03-06,South,Pulse,Services,2646.96,1794.83,852.13,14,C-00829,Online,115,0.2213
2025-03-06,East,Atlas,Hardware,2589.93,1485.35,1104.58,18,C-01499,Direct,152,0.2322
2025-03-06,East,Nova,Software,2585.43,1792.64,792.79,17,C-01963,Online,154,0.0766
2025-03-06,East,Pulse,Services,2731.44,1729.95,1001.49,17,C-00765,Direct,131,0.072
2025-03-06,West,Atlas,Hardware,2524.56,1781.78,742.79,18,C-01020,Online,88,0.2678
2025-03-06,West,Nova,Software,2676.59,1742.12,934.47,20,C-00015,Partner,168,0.1732
2025-03-06,West,Pulse,Services,2256.62,1449.93,806.7,24,C-00607,Online,78,0.1105
2025-03-07,North,Atlas,Hardware,1855.06,1324.02,531.04,20,C-00464,Online,109,0.0724
2025-03-07,North,Nova,Software,1539.59,1023.83,515.75,19,C-00678,Partner,103,0.0175
2025-03-07,North,Pulse,Services,1894.89,1212.68,682.22,19,C-01463,Partner,107,0.0297
2025-03-07,South,Atlas,Hardware,2468.84,1522.59,946.25,20,C-02463,Partner,125,0.0553
2025-03-07,South,Nova,Software,2135.08,1284.55,850.54,24,C-01222,Direct,141,0.035
2025-03-07,South,Pulse,Services,2247.02,1425.92,821.11,15,C-01306,Online,118,0.0014
2025-03-07,East,Atlas,Hardware,2449.94,1131.01,1318.93,10,C-02141,Direct,170,0.0615
2025-03-07,East,Nova,Software,2448.34,1240.13,1208.22,18,C-01356,Online,150,0.1208
2025-03-07,East,Pulse,Services,2501.3,1647.64,853.65,19,C-00068,Online,105,0.1286
2025-03-07,West,Atlas,Hardware,2826.93,2048.15,778.78,15,C-01511,Online,113,0.299
2025-03-07,West,Nova,Software,2521.57,1670.88,850.69,13,C-02192,Partner,146,0.1268
2025-03-07,West,Pulse,Services,2699.15,1846.5,852.64,16,C-00917,Partner,127,0.1109
2025-03-08,North,Atlas,Hardware,1710.24,1378.67,331.57,18,C-00050,Direct,180,0.1205
2025-03-08,North,Nova,Software,1644.23,857.65,786.59,17,C-00011,Partner,123,0.0809
2025-03-08,North,Pulse,Services,1656.0,1029.86,626.15,24,C-02243,Online,80,0.0886
2025-03-08,South,Atlas,Hardware,2431.98,1534.53,897.45,17,C-00982,Partner,160,0.1072
2025-03-08,South,Nova,Software,2530.75,1974.82,555.93,12,C-02259,Partner,138,0.0925
2025-03-08,South,Pulse,Services,2255.32,1457.59,797.73,26,C-00476,Online,97,0.0962
2025-03-08,East,Atlas,Hardware,2491.06,1663.59,827.47,11,C-00966,Partner,108,0.0311
2025-03-08,East,Nova,Software,2508.12,1696.09,812.03,22,C-01895,Online,139,0.026
2025-03-08,East,Pulse,Services,2497.25,1322.5,1174.75,23,C-00159,Partner,154,0.167
2025-03-08,West,Atlas,Hardware,2754.7,1745.23,1009.47,15,C-01566,Partner,100,0.299
2025-03-08,West,Nova,Software,2942.16,1798.43,1143.73,15,C-01945,Partner,110,0.1061
2025-03-08,West,Pulse,Services,2281.86,1394.44,887.41,12,C-00932,Partner,101,0.1454
2025-03-09,North,Atlas,Hardware,1779.57,1248.76,530.81,19,C-02446,Direct,104,0.3047
2025-03-09,North,Nova,Software,1545.49,1167.1,378.39,11,C-02293,Direct,138,0.1367
2025-03-09,North,Pulse,Services,1706.14,810.42,895.72,13,C-01412,Direct,148,0.0159
2025-03-09,South,Atlas,Hardware,2112.48,1148.14,964.34,18,C-01722,Partner,87,0.0985
2025-03-09,South,Nova,Software,2112.68,1401.31,711.37,17,C-00144,Partner,132,0.0481
2025-03-09,South,Pulse,Services,2566.6,1515.09,1051.5,22,C-00657,Online,127,0.1045
2025-03-09,East,Atlas,Hardware,2512.34,1455.96,1056.38,21,C-02204,Direct,142,0.0977
2025-03-09,East,Nova,Software,2274.29,1417.56,856.73,17,C-02293,Direct,105,0.2181
2025-03-09,East,Pulse,Services,2385.36,1674.9,710.45,16,C-00792,Partner,151,0.0874
2025-03-09,West,Atlas,Hardware,2543.03,1767.96,775.07,19,C-00632,Direct,106,0.2927
2025-03-09,West,Nova,Software,2563.31,1472.53,1090.79,19,C-02365,Direct,111,0.1304
2025-03-09,West,Pulse,Services,2710.71,1738.87,971.85,16,C-00405,Direct,156,0.1128
2025-03-10,North,Atlas,Hardware,1704.5,1206.18,498.32,22,C-00309,Online,123,0.081
2025-03-10,North,Nova,Software,1803.84,1091.13,712.71,17,C-00978,Direct,94,0.0875
2025-03-10,North,Pulse,Services,1603.07,1134.25,468.82,14,C-02309,Partner,145,0.0626
2025-03-10,South,Atlas,Hardware,2401.61,1364.73,1036.87,14,C-02016,Partner,130,0.1782
2025-03-10,South,Nova,Software,2569.77,1261.47,1308.31,16,C-00742,Partner,121,0.0468
2025-03-10,South,Pulse,Services,2465.23,1386.16,1079.07,12,C-01710,Partner,122,0.0103
2025-03-10,East,Atlas,Hardware,2405.25,1381.39,1023.87,18,C-01053,Partner,111,0.0206
2025-03-10,East,Nova,Software,2514.08,1753.27,760.82,24,C-00384,Partner,119,0.0988
2025-03-10,East,Pulse,Services,2417.57,1944.52,473.05,20,C-02262,Direct,114,0.0453
2025-03-10,West,Atlas,Hardware,2376.28,1509.77,866.51,24,C-01887,Partner,146,0.3535
2025-03-10,West,Nova,Software,2794.63,1877.42,917.21,19,C-00791,Partner,104,0.082
2025-03-10,West,Pulse,Services,2710.22,1757.06,953.16,17,C-01361,Direct,95,0.0607
2025-03-11,North,Atlas,Hardware,1815.03,1401.58,413.45,26,C-02149,Partner,121,0.1109
2025-03-11,North,Nova,Software,1701.31,1186.32,515.0,19,C-00017,Online,138,0.0585
2025-03-11,North,Pulse,Services,1649.64,846.4,803.25,12,C-02046,Partner,158,0.1198
2025-03-11,South,Atlas,Hardware,2233.28,1086.04,1147.24,17,C-02118,Partner,108,0.136
2025-03-11,South,Nova,Software,2567.77,1418.7,1149.06,26,C-00613,Online,121,0.1851
2025-03-11,South,Pulse,Services,2456.34,1179.77,1276.57,22,C-00138,Online,144,0.1273
2025-03-11,East,Atlas,Hardware,2507.83,1902.41,605.42,16,C-00279,Partner,121,0.0875
2025-03-11,East,Nova,Software,2484.65,1599.64,885.0,14,C-00466,Online,128,0.1418
2025-03-11,East,Pulse,Services,2624.06,1886.75,737.31,23,C-00603,Direct,131,0.1303
2025-03-11,West,Atlas,Hardware,2689.06,1862.29,826.78,22,C-02176,Online,112,0.3197
2025-03-11,West,Nova,Software,2583.98,1614.52,969.45,27,C-02448,Partner,102,0.1431
2025-03-11,West,Pulse,Services,2482.76,1615.5,867.25,18,C-00792,Partner,59,0.124
2025-03-12,North,Atlas,Hardware,1864.26,1150.68,713.58,17,C-01165,Direct,171,0.1555
2025-03-12,North,Nova,Software,1824.79,1262.37,562.42,11,C-01442,Online,141,0.1523
2025-03-12,North,Pulse,Services,1775.64,1376.61,399.02,18,C-00284,Partner,133,0.1194
2025-03-12,South,Atlas,Hardware,2504.33,1230.27,1274.06,16,C-01759,Partner,97,0.0585
2025-03-12,South,Nova,Software,2500.87,1936.88,563.99,23,C-01328,Direct,118,0.0759
2025-03-12,South,Pulse,Services,2629.48,1757.19,872.29,20,C-02411,Online,117,0.0687
2025-03-12,East,Atlas,Hardware,2635.06,1806.37,828.69,16,C-00373,Partner,112,0.118
2025-03-12,East,Nova,Software,2672.76,1575.35,1097.41,18,C-01057,Online,113,0.1029
2025-03-12,East,Pulse,Services,2530.86,1812.09,718.78,17,C-01501,Direct,82,0.1556
2025-03-12,West,Atlas,Hardware,2451.32,1933.46,517.87,12,C-01346,Direct,164,0.3078
2025-03-12,West,Nova,Software,2617.46,1950.29,667.17,12,C-00053,Direct,106,0.0995
2025-03-12,West,Pulse,Services,2422.33,1520.5,901.83,24,C-02343,Direct,158,0.0771
2025-03-13,North,Atlas,Hardware,1727.03,1215.29,511.73,16,C-02464,Online,94,0.1268
2025-03-13,North,Nova,Software,1781.12,1166.53,614.59,20,C-01703,Partner,123,0.1578
2025-03-13,North,Pulse,Services,1824.56,1173.18,651.38,13,C-01786,Partner,115,0.1079
2025-03-13,South,Atlas,Hardware,2255.08,1301.17,953.9,22,C-01318,Partner,178,0.116
2025-03-13,South,Nova,Software,2089.58,1322.02,767.56,13,C-02071,Direct,134,0.1205
2025-03-13,South,Pulse,Services,2369.5,1415.84,953.66,18,C-02496,Direct,149,0.0127
2025-03-13,East,Atlas,Hardware,2664.37,1967.94,696.43,20,C-01736,Online,130,0.1711
2025-03-13,East,Nova,Software,2203.3,1350.38,852.92,20,C-01693,Partner,111,0.0389
2025-03-13,East,Pulse,Services,2542.38,1671.16,871.22,24,C-01686,Online,86,0.0059
2025-03-13,West,Atlas,Hardware,2465.32,1575.22,890.1,21,C-00347,Partner,113,0.2575
2025-03-13,West,Nova,Software,2575.26,1573.77,1001.49,23,C-00288,Online,86,0.175
2025-03-13,West,Pulse,Services,2834.71,1297.99,1536.73,25,C-01498,Online,87,0.0439
2025-03-14,North,Atlas,Hardware,1672.16,975.9,696.27,25,C-01938,Online,130,0.1216
2025-03-14,North,Nova,Software,1445.61,1044.55,401.05,21,C-01183,Direct,89,0.1388
2025-03-14,North,Pulse,Services,1737.78,1083.87,653.91,8,C-01605,Direct,108,0.0055
2025-03-14,South,Atlas,Hardware,2439.91,1656.79,783.12,21,C-00518,Partner,92,0.0402
2025-03-14,South,Nova,Software,2594.18,1421.8,1172.38,12,C-02032,Partner,88,0.1587
2025-03-14,South,Pulse,Services,2389.0,1661.79,727.21,10,C-01674,Online,104,0.0698
2025-03-14,East,Atlas,Hardware,2536.49,1553.84,982.66,17,C-01489,Direct,171,0.1304
2025-03-14,East,Nova,Software,2562.16,1601.54,960.62,23,C-01061,Partner,115,0.1118
2025-03-14,East,Pulse,Services,2494.08,1551.8,942.27,15,C-01640,Online,123,0.0765
2025-03-14,West,Atlas,Hardware,2486.95,1859.84,627.1,13,C-00707,Online,88,0.2348
2025-03-14,West,Nova,Software,2566.83,1605.29,961.54,12,C-00972,Online,111,0.1374
2025-03-14,West,Pulse,Services,2519.29,1513.68,1005.61,19,C-00150,Partner,140,0.0549
2025-03-15,North,Atlas,Hardware,1753.3,1183.86,569.44,19,C-01711,Partner,84,0.0398
2025-03-15,North,Nova,Software,1647.81,979.75,668.06,17,C-00700,Direct,109,0.1146
2025-03-15,North,Pulse,Services,1936.03,1334.88,601.14,21,C-02168,Partner,117,0.1033
2025-03-15,South,Atlas,Hardware,2469.62,1625.1,844.52,16,C-00701,Online,106,0.1459
2025-03-15,South,Nova,Software,2475.21,1394.07,1081.15,11,C-00758,Online,130,0.1864
2025-03-15,South,Pulse,Services,2439.12,1525.47,913.65,15,C-01510,Online,88,0.1722
2025-03-15,East,Atlas,Hardware,2748.75,1783.56,965.19,17,C-00143,Partner,143,0.1614
2025-03-15,East,Nova,Software,2428.19,1453.2,974.99,22,C-02355,Direct,82,0.0114
2025-03-15,East,Pulse,Services,2466.28,1494.77,971.51,18,C-00647,Direct,117,0.0706
2025-03-15,West,Atlas,Hardware,2589.81,1819.52,770.28,13,C-00097,Direct,126,0.342
2025-03-15,West,Nova,Software,2581.23,1764.74,816.49,12,C-00667,Direct,128,0.0922
2025-03-15,West,Pulse,Services,2613.63,1721.13,892.5,18,C-02083,Online,129,0.1092
2025-03-16,North,Atlas,Hardware,1652.28,1039.75,612.53,9,C-00240,Online,113,0.1277
2025-03-16,North,Nova,Software,1991.82,1466.74,525.08,20,C-00812,Direct,124,0.0077
2025-03-16,North,Pulse,Services,1849.83,1137.16,712.67,18,C-00983,Direct,120,0.121
2025-03-16,South,Atlas,Hardware,2136.6,1543.16,593.45,23,C-01507,Direct,105,0.1563
2025-03-16,South,Nova,Software,2355.6,1504.3,851.3,19,C-00683,Partner,112,0.1139
2025-03-16,South,Pulse,Services,2403.08,1431.99,971.1,16,C-02302,Direct,135,0.0497
2025-03-16,East,Atlas,Hardware,2551.22,1394.44,1156.79,17,C-01605,Online,160,0.1946
2025-03-16,East,Nova,Software,2458.33,1441.94,1016.39,21,C-01498,Partner,75,0.0575
2025-03-16,East,Pulse,Services,2452.98,1436.64,1016.34,17,C-01704,Partner,138,0.1549
2025-03-16,West,Atlas,Hardware,2686.03,1800.34,885.68,15,C-02016,Partner,97,0.281
2025-03-16,West,Nova,Software,2483.35,1685.89,797.46,14,C-01424,Partner,134,0.0589
2025-03-16,West,Pulse,Services,2589.25,1600.88,988.37,9,C-02291,Direct,85,0.0405
2025-03-17,North,Atlas,Hardware,1797.74,1231.37,566.37,20,C-01414,Direct,117,0.0832
2025-03-17,North,Nova,Software,1468.1,803.27,664.83,13,C-01500,Partner,151,0.073
2025-03-17,North,Pulse,Services,1670.78,984.19,686.59,16,C-00518,Direct,93,0.1494
2025-03-17,South,Atlas,Hardware,2324.68,1664.51,660.18,20,C-01416,Direct,117,0.1985
2025-03-17,South,Nova,Software,2345.21,1442.28,902.93,16,C-00841,Direct,165,0.1145
2025-03-17,South,Pulse,Services,2361.54,1498.44,863.1,18,C-01769,Partner,103,0.0888
2025-03-17,East,Atlas,Hardware,2295.98,1279.81,1016.17,28,C-00873,Online,132,0.1131
2025-03-17,East,Nova,Software,2470.53,1696.0,774.53,15,C-00526,Online,104,0.1514
2025-03-17,East,Pulse,Services,2434.41,1658.42,775.99,20,C-01065,Direct,117,0.1239
2025-03-17,West,Atlas,Hardware,2663.36,1752.28,911.08,18,C-00350,Online,111,0.2617
2025-03-17,West,Nova,Software,2347.66,1508.7,838.96,23,C-01314,Direct,119,0.1823
2025-03-17,West,Pulse,Services,2536.86,1503.23,1033.63,12,C-00646,Online,110,0.1394
2025-03-18,North,Atlas,Hardware,1733.56,1236.27,497.28,21,C-01982,Direct,136,0.1326
2025-03-18,North,Nova,Software,1974.93,1323.91,651.02,10,C-00949,Partner,162,0.0464
2025-03-18,North,Pulse,Services,1714.64,1422.78,291.86,25,C-00742,Direct,121,0.0983
2025-03-18,South,Atlas,Hardware,2210.49,1027.54,1182.95,21,C-01109,Direct,109,0.1213
2025-03-18,South,Nova,Software,2169.67,1598.14,571.53,21,C-00461,Online,139,0.1093
2025-03-18,South,Pulse,Services,2378.91,1396.24,982.67,10,C-00953,Direct,121,0.1292
2025-03-18,East,Atlas,Hardware,2621.09,1656.62,964.47,16,C-00664,Partner,70,0.1218
2025-03-18,East,Nova,Software,2376.34,1540.06,836.28,20,C-01791,Online,127,0.1627
2025-03-18,East,Pulse,Services,2603.66,1650.67,952.99,11,C-01448,Direct,116,0.0898
2025-03-18,West,Atlas,Hardware,2572.5,1874.35,698.15,21,C-02215,Direct,78,0.3297
2025-03-18,West,Nova,Software,2658.22,1692.82,965.4,14,C-00456,Partner,102,0.0881
2025-03-18,West,Pulse,Services,2715.44,1313.7,1401.73,10,C-01353,Online,134,0.1013
2025-03-19,North,Atlas,Hardware,1888.19,1246.94,641.25,23,C-02245,Online,142,0.1312
2025-03-19,North,Nova,Software,1855.5,1148.39,707.11,19,C-00608,Online,107,0.1129
2025-03-19,North,Pulse,Services,1816.3,1259.93,556.37,20,C-01774,Partner,100,0.0742
2025-03-19,South,Atlas,Hardware,2554.49,1439.15,1115.35,17,C-01407,Partner,153,0.1494
2025-03-19,South,Nova,Software,2285.09,1442.07,843.02,18,C-00146,Partner,134,0.1121
2025-03-19,South,Pulse,Services,2309.51,1222.64,1086.87,19,C-00859,Direct,133,0.04
2025-03-19,East,Atlas,Hardware,2516.4,1916.67,599.73,18,C-01671,Online,117,0.0689
2025-03-19,East,Nova,Software,2645.25,1524.58,1120.67,11,C-00539,Online,126,0.1154
2025-03-19,East,Pulse,Services,2447.16,1406.77,1040.39,19,C-00944,Direct,97,0.1291
2025-03-19,West,Atlas,Hardware,2740.04,1459.54,1280.5,15,C-00013,Direct,131,0.3053
2025-03-19,West,Nova,Software,2826.52,1930.31,896.21,13,C-01899,Partner,122,0.0546
2025-03-19,West,Pulse,Services,2494.47,1501.92,992.54,15,C-01262,Direct,99,0.1086
2025-03-20,North,Atlas,Hardware,1756.0,1240.3,515.7,18,C-00507,Partner,100,0.0936
2025-03-20,North,Nova,Software,1829.79,1119.59,710.2,17,C-02017,Direct,137,0.0639
2025-03-20,North,Pulse,Services,1761.47,1257.54,503.93,20,C-02286,Partner,89,0.0834
2025-03-20,South,Atlas,Hardware,2563.64,1561.94,1001.7,18,C-01215,Online,138,0.0971
2025-03-20,South,Nova,Software,2284.05,1410.71,873.34,16,C-02438,Direct,120,0.1521
2025-03-20,South,Pulse,Services,2473.73,2024.08,449.65,22,C-01388,Online,184,0.0836
2025-03-20,East,Atlas,Hardware,2390.86,1630.48,760.38,14,C-01286,Online,126,0.1672
2025-03-20,East,Nova,Software,2550.22,1470.79,1079.42,20,C-01778,Online,142,0.0943
2025-03-20,East,Pulse,Services,2590.89,1823.16,767.74,17,C-02406,Online,93,0.0512
2025-03-20,West,Atlas,Hardware,2732.98,1642.56,1090.42,22,C-01771,Online,126,0.2261
2025-03-20,West,Nova,Software,2550.32,1739.61,810.71,18,C-00289,Direct,84,0.0889
2025-03-20,West,Pulse,Services,2842.93,2215.33,627.6,13,C-01436,Online,164,0.1127
2025-03-21,North,Atlas,Hardware,1769.44,1199.49,569.95,14,C-01636,Online,166,0.1255
2025-03-21,North,Nova,Software,1914.34,1152.04,762.3,16,C-00735,Partner,123,0.1038
2025-03-21,North,Pulse,Services,1669.55,1095.92,573.63,12,C-02118,Online,141,0.0867
2025-03-21,South,Atlas,Hardware,2482.93,1492.29,990.64,11,C-00516,Online,154,0.0412
2025-03-21,South,Nova,Software,2314.04,1399.97,914.07,15,C-00495,Partner,97,0.0592
2025-03-21,South,Pulse,Services,2346.42,1665.99,680.44,14,C-00895,Online,122,0.1084
2025-03-21,East,Atlas,Hardware,2282.91,1559.32,723.59,10,C-01265,Online,149,0.0827
2025-03-21,East,Nova,Software,2445.11,1292.28,1152.84,20,C-00349,Online,85,0.0
2025-03-21,East,Pulse,Services,2512.19,1890.01,622.18,14,C-00399,Partner,171,0.0716
2025-03-21,West,Atlas,Hardware,2640.97,1382.41,1258.56,12,C-01115,Online,70,0.3643
2025-03-21,West,Nova,Software,2730.03,1835.77,894.27,26,C-01673,Direct,149,0.0502
2025-03-21,West,Pulse,Services,2873.97,1809.83,1064.14,13,C-01815,Online,107,0.0537
2025-03-22,North,Atlas,Hardware,1710.82,1094.19,616.63,18,C-00911,Direct,116,0.1744
2025-03-22,North,Nova,Software,1830.22,1248.48,581.74,10,C-00742,Partner,133,0.1055
2025-03-22,North,Pulse,Services,1746.18,1114.49,631.69,21,C-00541,Partner,112,0.1143
2025-03-22,South,Atlas,Hardware,2526.31,1695.97,830.34,16,C-00122,Partner,100,0.1248
2025-03-22,South,Nova,Software,2338.64,1416.69,921.95,15,C-01749,Partner,86,0.0453
2025-03-22,South,Pulse,Services,2391.42,1451.3,940.12,16,C-01420,Online,140,0.0423
2025-03-22,East,Atlas,Hardware,2618.27,1888.05,730.22,21,C-01401,Partner,133,0.1944
2025-03-22,East,Nova,Software,2645.16,1516.47,1128.7,11,C-01845,Partner,99,0.1431
2025-03-22,East,Pulse,Services,2802.28,1491.16,1311.11,17,C-00582,Partner,141,0.0756
2025-03-22,West,Atlas,Hardware,2392.97,1119.11,1273.86,19,C-00880,Partner,115,0.2767
2025-03-22,West,Nova,Software,2458.78,1642.37,816.41,14,C-00350,Direct,88,0.0816
2025-03-22,West,Pulse,Services,2607.42,1296.64,1310.79,23,C-00791,Partner,116,0.0
2025-03-23,North,Atlas,Hardware,1690.42,1214.08,476.34,19,C-00188,Partner,136,0.1402
2025-03-23,North,Nova,Software,1810.68,1332.85,477.83,25,C-01370,Partner,142,0.0838
2025-03-23,North,Pulse,Services,1657.74,1132.42,525.33,12,C-00075,Partner,95,0.1378
2025-03-23,South,Atlas,Hardware,2476.67,1811.71,664.96,18,C-00604,Online,132,0.1039
2025-03-23,South,Nova,Software,2351.54,1579.12,772.42,15,C-02183,Partner,166,0.0944
2025-03-23,South,Pulse,Services,2452.18,1354.26,1097.91,25,C-01932,Online,140,0.1158
2025-03-23,East,Atlas,Hardware,2568.85,1662.43,906.42,17,C-02318,Direct,134,0.084
2025-03-23,East,Nova,Software,2682.48,1750.99,931.49,17,C-00337,Online,163,0.0905
2025-03-23,East,Pulse,Services,2759.95,1709.44,1050.5,20,C-02108,Direct,129,0.0984
2025-03-23,West,Atlas,Hardware,2719.21,1592.03,1127.18,17,C-01575,Partner,94,0.2452
2025-03-23,West,Nova,Software,2796.98,1864.35,932.63,18,C-00853,Direct,130,0.0932
2025-03-23,West,Pulse,Services,2574.8,1598.91,975.9,19,C-02130,Direct,126,0.1327
2025-03-24,North,Atlas,Hardware,1705.44,1082.4,623.04,27,C-02249,Online,122,0.1046
2025-03-24,North,Nova,Software,1833.85,1148.98,684.88,11,C-00112,Online,133,0.05
2025-03-24,North,Pulse,Services,1739.86,897.64,842.23,23,C-02364,Direct,124,0.0042
2025-03-24,South,Atlas,Hardware,2524.1,1581.42,942.68,14,C-01504,Online,118,0.0637
2025-03-24,South,Nova,Software,2542.98,1815.07,727.91,22,C-01811,Partner,152,0.1163
2025-03-24,South,Pulse,Services,2391.62,1478.65,912.97,24,C-00071,Direct,96,0.1042
2025-03-24,East,Atlas,Hardware,2551.82,1856.3,695.52,21,C-02283,Partner,96,0.1639
2025-03-24,East,Nova,Software,2485.09,1753.2,731.89,18,C-00131,Direct,116,0.1073
2025-03-24,East,Pulse,Services,2114.81,1572.02,542.79,20,C-00827,Online,96,0.1059
2025-03-24,West,Atlas,Hardware,2498.22,1441.52,1056.71,20,C-02261,Partner,127,0.3334
2025-03-24,West,Nova,Software,2668.0,1694.03,973.97,11,C-01522,Direct,134,0.0099
2025-03-24,West,Pulse,Services,2436.52,1418.86,1017.66,17,C-00748,Direct,70,0.0832
2025-03-25,North,Atlas,Hardware,1708.76,1046.62,662.14,16,C-01007,Online,128,0.1303
2025-03-25,North,Nova,Software,1642.35,1131.89,510.46,18,C-00431,Partner,113,0.1157
2025-03-25,North,Pulse,Services,1755.55,1025.63,729.92,9,C-01004,Partner,110,0.0876
2025-03-25,South,Atlas,Hardware,2191.92,1663.65,528.27,19,C-00423,Direct,124,0.1507
2025-03-25,South,Nova,Software,2474.85,1303.65,1171.2,16,C-00534,Direct,131,0.0463
2025-03-25,South,Pulse,Services,2444.9,1441.68,1003.23,16,C-01187,Partner,111,0.0865
2025-03-25,East,Atlas,Hardware,2431.96,1867.39,564.57,16,C-01450,Partner,75,0.0621
2025-03-25,East,Nova,Software,2680.89,1592.72,1088.17,20,C-01535,Direct,62,0.0633
2025-03-25,East,Pulse,Services,2739.62,1980.41,759.21,12,C-02122,Online,104,0.1481
2025-03-25,West,Atlas,Hardware,2401.56,1635.31,766.26,17,C-00066,Partner,111,0.2665
2025-03-25,West,Nova,Software,2720.48,1943.32,777.16,23,C-00959,Online,143,0.1505
2025-03-25,West,Pulse,Services,2554.48,1626.4,928.08,19,C-00949,Direct,108,0.1456
2025-03-26,North,Atlas,Hardware,1886.3,1103.16,783.15,19,C-01720,Online,134,0.1051
2025-03-26,North,Nova,Software,1675.85,1081.06,594.79,11,C-02041,Online,136,0.1189
2025-03-26,North,Pulse,Services,1682.71,1111.61,571.1,16,C-01681,Direct,104,0.0339
2025-03-26,South,Atlas,Hardware,2499.23,1254.09,1245.14,16,C-01334,Online,123,0.0416
2025-03-26,South,Nova,Software,2444.48,1530.37,914.12,16,C-00541,Direct,148,0.0259
2025-03-26,South,Pulse,Services,2505.17,1617.76,887.41,19,C-01796,Partner,100,0.0125
2025-03-26,East,Atlas,Hardware,2446.51,1322.62,1123.89,18,C-01044,Online,119,0.1637
2025-03-26,East,Nova,Software,2608.11,1796.52,811.6,5,C-01008,Direct,148,0.1195
2025-03-26,East,Pulse,Services,2431.97,1444.13,987.84,21,C-01775,Direct,137,0.1208
2025-03-26,West,Atlas,Hardware,2659.97,1772.72,887.25,24,C-00457,Online,90,0.3079
2025-03-26,West,Nova,Software,2741.25,1811.92,929.34,20,C-01643,Partner,77,0.0556
2025-03-26,West,Pulse,Services,2730.53,1964.52,766.02,18,C-01008,Direct,130,0.0
2025-03-27,North,Atlas,Hardware,1786.56,1229.61,556.95,21,C-00828,Direct,137,0.0437
2025-03-27,North,Nova,Software,1906.54,1273.33,633.21,13,C-01591,Direct,144,0.1625
2025-03-27,North,Pulse,Services,1820.36,1226.07,594.29,18,C-01517,Partner,157,0.1798
2025-03-27,South,Atlas,Hardware,2301.65,1326.63,975.01,11,C-00315,Online,126,0.1779
2025-03-27,South,Nova,Software,2479.92,1755.91,724.01,26,C-00220,Partner,87,0.0818
2025-03-27,South,Pulse,Services,2555.84,1777.9,777.94,15,C-01121,Partner,141,0.0827
2025-03-27,East,Atlas,Hardware,2509.29,1506.48,1002.81,23,C-00305,Direct,120,0.0883
2025-03-27,East,Nova,Software,2684.84,2008.19,676.65,20,C-00362,Partner,158,0.0697
2025-03-27,East,Pulse,Services,2544.95,1767.19,777.76,20,C-01345,Online,163,0.1745
2025-03-27,West,Atlas,Hardware,2614.9,1710.76,904.14,12,C-01964,Partner,119,0.3037
2025-03-27,West,Nova,Software,2866.89,1984.17,882.72,9,C-01443,Online,134,0.0728
2025-03-27,West,Pulse,Services,2782.66,1934.46,848.2,14,C-01055,Partner,120,0.1215
2025-03-28,North,Atlas,Hardware,1648.35,1170.67,477.67,21,C-01664,Online,100,0.2261
2025-03-28,North,Nova,Software,1853.76,1153.52,700.24,14,C-01710,Online,92,0.0497
2025-03-28,North,Pulse,Services,1758.91,1173.24,585.67,17,C-00120,Partner,109,0.1952
2025-03-28,South,Atlas,Hardware,2658.9,1685.96,972.94,11,C-01432,Partner,64,0.0921
2025-03-28,South,Nova,Software,2453.34,1507.49,945.85,19,C-01954,Online,109,0.0831
2025-03-28,South,Pulse,Services,2194.31,1320.16,874.15,26,C-02216,Online,120,0.1144
2025-03-28,East,Atlas,Hardware,2460.49,1770.56,689.92,16,C-01184,Partner,154,0.0448
2025-03-28,East,Nova,Software,2456.38,1464.01,992.37,20,C-01810,Partner,122,0.1684
2025-03-28,East,Pulse,Services,2594.53,1621.04,973.49,24,C-02223,Online,87,0.1099
2025-03-28,West,Atlas,Hardware,2506.46,1935.89,570.57,21,C-02429,Direct,152,0.2222
2025-03-28,West,Nova,Software,2802.7,1835.91,966.79,15,C-00314,Online,116,0.1794
2025-03-28,West,Pulse,Services,2780.94,2041.26,739.68,28,C-02456,Online,124,0.0492
2025-03-29,North,Atlas,Hardware,1757.11,1289.46,467.65,23,C-00753,Online,108,0.163
2025-03-29,North,Nova,Software,1780.36,1213.28,567.08,11,C-00686,Online,125,0.1786
2025-03-29,North,Pulse,Services,1752.85,1025.62,727.23,16,C-00554,Direct,111,0.1158
2025-03-29,South,Atlas,Hardware,2700.31,1431.83,1268.47,17,C-00054,Direct,125,0.0681
2025-03-29,South,Nova,Software,2396.28,1444.52,951.76,24,C-02206,Direct,139,0.0545
2025-03-29,South,Pulse,Services,2681.29,1710.86,970.43,13,C-01596,Partner,116,0.1523
2025-03-29,East,Atlas,Hardware,2705.69,1725.63,980.07,18,C-02237,Partner,98,0.1118
2025-03-29,East,Nova,Software,2765.57,1684.44,1081.12,9,C-01197,Direct,140,0.0634
2025-03-29,East,Pulse,Services,2318.98,1580.04,738.95,21,C-01996,Direct,103,0.1439
2025-03-29,West,Atlas,Hardware,2556.49,1571.15,985.34,20,C-00565,Partner,153,0.2559
2025-03-29,West,Nova,Software,2715.81,1784.21,931.6,25,C-02067,Partner,106,0.1336
2025-03-29,West,Pulse,Services,2728.49,2003.92,724.58,14,C-01278,Direct,137,0.1762
2025-03-30,North,Atlas,Hardware,1697.1,914.53,782.57,12,C-02004,Direct,101,0.0602
2025-03-30,North,Nova,Software,1541.58,938.51,603.07,15,C-00133,Partner,141,0.0468
2025-03-30,North,Pulse,Services,1680.37,1183.54,496.83,15,C-02241,Partner,105,0.1045
2025-03-30,South,Atlas,Hardware,2308.55,1201.98,1106.56,16,C-02476,Partner,122,0.0386
2025-03-30,South,Nova,Software,2574.98,1884.75,690.23,22,C-00472,Partner,133,0.0982
2025-03-30,South,Pulse,Services,2273.71,1440.7,833.02,17,C-02113,Partner,108,0.0537
2025-03-30,East,Atlas,Hardware,2539.54,1728.85,810.69,22,C-00077,Direct,100,0.1289
2025-03-30,East,Nova,Software,2531.51,1309.14,1222.37,25,C-01852,Partner,106,0.205
2025-03-30,East,Pulse,Services,2682.28,1706.54,975.73,18,C-01436,Online,168,0.1125
2025-03-30,West,Atlas,Hardware,2492.22,1666.96,825.26,28,C-00342,Online,119,0.2458
2025-03-30,West,Nova,Software,2672.3,1709.91,962.39,14,C-01036,Online,108,0.1138
2025-03-30,West,Pulse,Services,2876.5,1927.39,949.12,14,C-01198,Partner,111,0.1028
2025-03-31,North,Atlas,Hardware,1683.73,1048.95,634.78,8,C-00385,Online,131,0.1787
2025-03-31,North,Nova,Software,1870.26,1227.19,643.07,10,C-00057,Online,168,0.1485
2025-03-31,North,Pulse,Services,1787.08,1238.52,548.56,17,C-01729,Online,127,0.0187
2025-03-31,South,Atlas,Hardware,2396.73,1710.08,686.66,13,C-02233,Partner,134,0.0798
2025-03-31,South,Nova,Software,2260.88,1488.6,772.27,17,C-00643,Partner,138,0.1728
2025-03-31,South,Pulse,Services,2125.66,1313.22,812.44,12,C-00577,Online,146,0.0842
2025-03-31,East,Atlas,Hardware,2552.96,1508.96,1044.0,19,C-02054,Online,106,0.0525
2025-03-31,East,Nova,Software,2502.71,1632.63,870.09,32,C-01653,Online,120,0.0862
2025-03-31,East,Pulse,Services,2414.15,1316.47,1097.68,23,C-00754,Direct,149,0.0366
2025-03-31,West,Atlas,Hardware,2469.74,1530.4,939.34,17,C-01709,Direct,170,0.3191
2025-03-31,West,Nova,Software,2715.85,1956.36,759.49,14,C-00184,Partner,131,0.1401
2025-03-31,West,Pulse,Services,2516.27,1757.39,758.88,20,C-01920,Partner,119,0.0592
2025-04-01,North,Atlas,Hardware,1827.93,979.86,848.07,15,C-01573,Direct,117,0.1344
2025-04-01,North,Nova,Software,1893.68,1237.14,656.54,15,C-00495,Online,117,0.1655
2025-04-01,North,Pulse,Services,1643.03,1006.74,636.29,15,C-01317,Partner,165,0.0909
2025-04-01,South,Atlas,Hardware,2438.06,1410.53,1027.53,16,C-01669,Direct,129,0.1343
2025-04-01,South,Nova,Software,2494.3,1750.4,743.9,19,C-01733,Direct,108,0.0294
2025-04-01,South,Pulse,Services,2365.26,1696.96,668.31,23,C-01130,Partner,76,0.1456
2025-04-01,East,Atlas,Hardware,2633.02,1819.84,813.18,18,C-00136,Direct,87,0.0934
2025-04-01,East,Nova,Software,2636.87,2060.16,576.71,27,C-00538,Partner,143,0.1985
2025-04-01,East,Pulse,Services,2212.63,1327.18,885.44,19,C-00456,Online,133,0.0755
2025-04-01,West,Atlas,Hardware,2573.2,1532.05,1041.15,16,C-01868,Partner,105,0.3114
2025-04-01,West,Nova,Software,2406.72,1430.46,976.26,21,C-00219,Online,98,0.1206
2025-04-01,West,Pulse,Services,2799.85,1989.36,810.49,13,C-00708,Direct,167,0.07
2025-04-02,North,Atlas,Hardware,1808.56,1153.28,655.28,25,C-02444,Online,72,0.1621
2025-04-02,North,Nova,Software,1881.26,1210.19,671.07,20,C-00753,Direct,130,0.1115
2025-04-02,North,Pulse,Services,1752.28,1015.57,736.71,26,C-01856,Online,113,0.1412
2025-04-02,South,Atlas,Hardware,2606.09,1978.11,627.98,15,C-01321,Online,125,0.0463
2025-04-02,South,Nova,Software,2578.87,1830.38,748.49,20,C-02120,Online,109,0.0506
2025-04-02,South,Pulse,Services,2456.23,1459.54,996.68,14,C-00065,Partner,79,0.1054
2025-04-02,East,Atlas,Hardware,2432.75,1591.19,841.56,25,C-00884,Direct,136,0.1373
2025-04-02,East,Nova,Software,2519.18,1544.17,975.02,16,C-02319,Partner,96,0.0658
2025-04-02,East,Pulse,Services,2525.12,1517.18,1007.94,20,C-00322,Online,65,0.0936
2025-04-02,West,Atlas,Hardware,2475.91,1668.65,807.26,19,C-02300,Online,139,0.2797
2025-04-02,West,Nova,Software,2666.53,1754.97,911.56,17,C-00594,Online,106,0.1064
2025-04-02,West,Pulse,Services,2783.92,1442.34,1341.58,19,C-01363,Direct,120,0.1219
2025-04-03,North,Atlas,Hardware,1571.98,1021.28,550.7,26,C-00317,Direct,150,0.0826
2025-04-03,North,Nova,Software,1724.45,1283.72,440.73,9,C-00479,Online,128,0.1143
2025-04-03,North,Pulse,Services,1760.91,1084.86,676.05,17,C-01506,Direct,98,0.1294
2025-04-03,South,Atlas,Hardware,2400.2,1513.61,886.59,23,C-01459,Direct,134,0.0948
2025-04-03,South,Nova,Software,2721.15,1939.7,781.45,21,C-01648,Partner,114,0.1458
2025-04-03,South,Pulse,Services,2459.62,1347.4,1112.22,8,C-00481,Online,131,0.1303
2025-04-03,East,Atlas,Hardware,2730.74,1666.84,1063.9,15,C-02253,Partner,118,0.1308
2025-04-03,East,Nova,Software,2614.84,1667.72,947.12,16,C-02221,Online,109,0.107
2025-04-03,East,Pulse,Services,2622.84,1567.21,1055.63,25,C-00516,Partner,114,0.0375
2025-04-03,West,Atlas,Hardware,2626.15,1536.49,1089.66,17,C-00670,Direct,67,0.3497
2025-04-03,West,Nova,Software,2812.18,1989.82,822.36,13,C-01058,Online,137,0.0869
2025-04-03,West,Pulse,Services,2807.29,1791.17,1016.12,28,C-01538,Partner,115,0.0951
2025-04-04,North,Atlas,Hardware,1815.55,1248.28,567.26,16,C-00520,Partner,172,0.1143
2025-04-04,North,Nova,Software,1639.72,1204.61,435.11,18,C-00275,Partner,109,0.2033
2025-04-04,North,Pulse,Services,1841.98,1211.43,630.55,22,C-02237,Partner,107,0.1399
2025-04-04,South,Atlas,Hardware,2551.61,1583.78,967.84,20,C-00314,Direct,85,0.0867
2025-04-04,South,Nova,Software,2599.18,1639.23,959.96,17,C-00666,Online,101,0.082
2025-04-04,South,Pulse,Services,2267.64,1170.3,1097.34,20,C-01600,Partner,168,0.1216
2025-04-04,East,Atlas,Hardware,2643.56,1771.47,872.08,10,C-02287,Online,156,0.0967
2025-04-04,East,Nova,Software,2384.05,1606.36,777.69,20,C-01164,Online,96,0.0626
2025-04-04,East,Pulse,Services,2556.39,1527.23,1029.16,16,C-02263,Online,160,0.1425
2025-04-04,West,Atlas,Hardware,2518.73,1277.08,1241.65,26,C-00906,Online,121,0.3071
2025-04-04,West,Nova,Software,2684.33,1587.97,1096.37,20,C-01696,Direct,135,0.0709
2025-04-04,West,Pulse,Services,2450.51,1539.31,911.19,13,C-02080,Partner,187,0.0725
2025-04-05,North,Atlas,Hardware,1715.52,1100.78,614.74,22,C-00964,Direct,141,0.1726
2025-04-05,North,Nova,Software,1724.2,1009.59,714.61,20,C-01743,Online,106,0.0812
2025-04-05,North,Pulse,Services,2029.69,1540.69,489.0,19,C-01627,Online,104,0.0993
2025-04-05,South,Atlas,Hardware,2572.38,1484.82,1087.56,25,C-01260,Online,92,0.1817
2025-04-05,South,Nova,Software,2315.0,1430.52,884.48,21,C-00935,Direct,141,0.1202
2025-04-05,South,Pulse,Services,2302.58,1667.43,635.15,19,C-01097,Direct,151,0.1746
2025-04-05,East,Atlas,Hardware,2599.91,1821.88,778.04,18,C-01277,Online,133,0.0389
2025-04-05,East,Nova,Software,2523.27,1851.52,671.76,19,C-00434,Direct,109,0.1118
2025-04-05,East,Pulse,Services,2423.31,1537.55,885.76,20,C-00244,Online,140,0.0613
2025-04-05,West,Atlas,Hardware,2682.32,1522.0,1160.32,29,C-02228,Online,109,0.2982
2025-04-05,West,Nova,Software,2864.49,1808.54,1055.95,14,C-01498,Direct,127,0.0005
2025-04-05,West,Pulse,Services,2783.96,1758.87,1025.1,19,C-01366,Direct,106,0.1375
2025-04-06,North,Atlas,Hardware,1915.3,924.52,990.79,21,C-02063,Partner,115,0.189
2025-04-06,North,Nova,Software,1774.98,946.65,828.33,20,C-02422,Partner,121,0.1663
2025-04-06,North,Pulse,Services,1818.72,824.93,993.79,13,C-01016,Partner,152,0.0552
2025-04-06,South,Atlas,Hardware,2663.35,1622.38,1040.96,21,C-01259,Online,137,0.0382
2025-04-06,South,Nova,Software,2575.49,1673.96,901.53,23,C-02164,Partner,109,0.073
2025-04-06,South,Pulse,Services,2210.33,1175.8,1034.53,13,C-01687,Direct,101,0.0605
2025-04-06,East,Atlas,Hardware,2650.53,2009.7,640.82,18,C-02263,Partner,123,0.0958
2025-04-06,East,Nova,Software,2511.75,1580.67,931.08,18,C-01958,Partner,97,0.0914
2025-04-06,East,Pulse,Services,2214.45,1294.71,919.74,11,C-01205,Online,94,0.0799
2025-04-06,West,Atlas,Hardware,2668.33,1721.18,947.15,17,C-00920,Online,156,0.2843
2025-04-06,West,Nova,Software,2293.6,1486.04,807.56,17,C-00059,Online,125,0.1261
2025-04-06,West,Pulse,Services,2718.49,1721.2,997.29,20,C-00530,Direct,97,0.1192
2025-04-07,North,Atlas,Hardware,1913.46,1209.25,704.21,22,C-00033,Online,141,0.1059
2025-04-07,North,Nova,Software,1783.73,1252.7,531.03,18,C-00057,Partner,35,0.1523
2025-04-07,North,Pulse,Services,1850.41,1181.06,669.35,15,C-00582,Direct,139,0.13
2025-04-07,South,Atlas,Hardware,2340.04,1443.07,896.96,18,C-00354,Partner,93,0.0993
2025-04-07,South,Nova,Software,2329.4,1247.65,1081.75,14,C-00802,Partner,99,0.1919
2025-04-07,South,Pulse,Services,2273.15,1214.28,1058.87,17,C-00332,Partner,142,0.1072
2025-04-07,East,Atlas,Hardware,2536.33,1408.33,1128.0,25,C-01596,Direct,145,0.0355
2025-04-07,East,Nova,Software,2576.0,1637.91,938.09,17,C-00146,Partner,139,0.1155
2025-04-07,East,Pulse,Services,2625.76,1880.52,745.25,16,C-01631,Partner,99,0.1757
2025-04-07,West,Atlas,Hardware,2552.08,1968.17,583.91,19,C-00293,Online,113,0.293
2025-04-07,West,Nova,Software,2421.5,1568.55,852.95,24,C-00366,Online,149,0.2023
2025-04-07,West,Pulse,Services,2566.07,1717.88,848.18,15,C-00724,Online,118,0.1056
2025-04-08,North,Atlas,Hardware,1746.64,1284.0,462.64,20,C-00189,Online,107,0.116
2025-04-08,North,Nova,Software,1668.67,1211.37,457.3,19,C-01074,Direct,99,0.1005
2025-04-08,North,Pulse,Services,1855.19,1189.52,665.67,16,C-02410,Direct,108,0.0833
2025-04-08,South,Atlas,Hardware,2538.0,1900.59,637.42,12,C-02175,Online,125,0.1078
2025-04-08,South,Nova,Software,2485.08,1381.93,1103.16,25,C-01514,Partner,97,0.0891
2025-04-08,South,Pulse,Services,2527.32,1474.58,1052.74,21,C-02478,Partner,126,0.1364
2025-04-08,East,Atlas,Hardware,2756.95,1813.47,943.48,24,C-00379,Direct,166,0.1066
2025-04-08,East,Nova,Software,2626.66,1658.76,967.9,20,C-01015,Online,123,0.1354
2025-04-08,East,Pulse,Services,2645.02,1616.31,1028.7,19,C-01651,Partner,131,0.1129
2025-04-08,West,Atlas,Hardware,2738.56,1707.62,1030.94,11,C-01934,Partner,105,0.3018
2025-04-08,West,Nova,Software,2735.99,1841.41,894.59,17,C-00743,Partner,75,0.1098
2025-04-08,West,Pulse,Services,2755.48,1761.89,993.59,18,C-02474,Direct,120,0.0313
2025-04-09,North,Atlas,Hardware,1814.78,1245.08,569.7,23,C-01161,Partner,90,0.1051
2025-04-09,North,Nova,Software,1625.59,1088.4,537.19,14,C-00706,Partner,102,0.1306
2025-04-09,North,Pulse,Services,1841.17,1083.62,757.54,8,C-00687,Online,130,0.0959
2025-04-09,South,Atlas,Hardware,2520.18,2021.56,498.63,19,C-01736,Direct,86,0.1193
2025-04-09,South,Nova,Software,2543.81,1585.14,958.68,16,C-01679,Direct,76,0.0623
2025-04-09,South,Pulse,Services,2594.81,1760.15,834.66,14,C-00001,Partner,106,0.0093
2025-04-09,East,Atlas,Hardware,2314.3,1586.65,727.65,11,C-00679,Direct,133,0.0957
2025-04-09,East,Nova,Software,2536.49,1724.66,811.83,12,C-00734,Direct,112,0.1423
2025-04-09,East,Pulse,Services,2710.13,1900.07,810.06,18,C-02218,Partner,113,0.1538
2025-04-09,West,Atlas,Hardware,2556.22,1660.58,895.64,22,C-02366,Partner,148,0.3057
2025-04-09,West,Nova,Software,2440.98,1503.14,937.85,19,C-01565,Direct,89,0.08
2025-04-09,West,Pulse,Services,2586.71,1510.82,1075.88,18,C-01012,Direct,81,0.1419
2025-04-10,North,Atlas,Hardware,1911.52,1307.37,604.15,22,C-02285,Direct,120,0.0546
2025-04-10,North,Nova,Software,1822.59,931.83,890.76,16,C-02010,Partner,76,0.1476
2025-04-10,North,Pulse,Services,1643.15,1123.67,519.48,15,C-01624,Online,107,0.0503
2025-04-10,South,Atlas,Hardware,2737.56,1696.61,1040.95,24,C-00266,Direct,115,0.1368
2025-04-10,South,Nova,Software,2467.64,1587.64,880.01,16,C-01921,Partner,93,0.0358
2025-04-10,South,Pulse,Services,2280.51,1326.57,953.94,12,C-02262,Partner,112,0.1022
2025-04-10,East,Atlas,Hardware,2404.92,1293.19,1111.74,19,C-01040,Partner,150,0.1137
2025-04-10,East,Nova,Software,2763.71,1989.56,774.15,17,C-00045,Online,97,0.1081
2025-04-10,East,Pulse,Services,2190.58,1365.44,825.14,23,C-01444,Online,101,0.1092
2025-04-10,West,Atlas,Hardware,2685.72,1481.26,1204.47,14,C-00198,Partner,124,0.1993
2025-04-10,West,Nova,Software,2672.7,1834.12,838.58,18,C-00558,Online,111,0.139
2025-04-10,West,Pulse,Services,2532.51,1531.82,1000.69,22,C-02134,Direct,108,0.1414
2025-04-11,North,Atlas,Hardware,1923.3,1402.43,520.87,21,C-00889,Direct,97,0.1685
2025-04-11,North,Nova,Software,1783.62,1188.06,595.56,15,C-02040,Online,93,0.0763
2025-04-11,North,Pulse,Services,1688.48,1172.6,515.88,19,C-00418,Direct,59,0.1028
2025-04-11,South,Atlas,Hardware,2361.63,1546.82,814.8,12,C-00032,Online,122,0.1674
2025-04-11,South,Nova,Software,2389.63,1448.38,941.25,14,C-01007,Direct,118,0.1078
2025-04-11,South,Pulse,Services,2355.33,1279.27,1076.06,26,C-00528,Online,122,0.1316
2025-04-11,East,Atlas,Hardware,2387.94,1574.57,813.37,19,C-02213,Online,105,0.0759
2025-04-11,East,Nova,Software,2634.89,1761.97,872.93,22,C-00675,Partner,109,0.0958
2025-04-11,East,Pulse,Services,2318.37,1867.43,450.94,16,C-02129,Partner,99,0.1076
2025-04-11,West,Atlas,Hardware,2964.56,1871.92,1092.64,23,C-01774,Online,127,0.3091
2025-04-11,West,Nova,Software,2485.97,1479.98,1005.99,19,C-00989,Partner,77,0.1342
2025-04-11,West,Pulse,Services,2773.68,1869.61,904.07,18,C-00705,Online,109,0.1254
2025-04-12,North,Atlas,Hardware,1783.42,1123.53,659.89,17,C-00302,Partner,83,0.1874
2025-04-12,North,Nova,Software,1582.91,900.5,682.41,14,C-00656,Direct,106,0.1253
2025-04-12,North,Pulse,Services,1707.63,1094.39,613.24,17,C-00792,Direct,129,0.0689
2025-04-12,South,Atlas,Hardware,2403.79,1331.2,1072.59,17,C-01775,Direct,118,0.0
2025-04-12,South,Nova,Software,2326.28,1495.89,830.39,24,C-01296,Partner,68,0.1337
2025-04-12,South,Pulse,Services,2635.8,1523.31,1112.49,14,C-00065,Partner,140,0.0823
2025-04-12,East,Atlas,Hardware,2580.52,1763.61,816.91,21,C-01636,Partner,126,0.0237
2025-04-12,East,Nova,Software,2459.48,1532.14,927.34,19,C-02488,Online,102,0.1344
2025-04-12,East,Pulse,Services,2684.1,1457.49,1226.61,20,C-02116,Direct,121,0.0775
2025-04-12,West,Atlas,Hardware,2461.73,1670.94,790.79,21,C-01676,Online,165,0.299
2025-04-12,West,Nova,Software,2538.18,1808.56,729.62,19,C-00733,Partner,110,0.1928
2025-04-12,West,Pulse,Services,2647.67,1832.33,815.34,17,C-01888,Online,110,0.1219
2025-04-13,North,Atlas,Hardware,1744.87,1072.58,672.29,12,C-01155,Direct,140,0.1396
2025-04-13,North,Nova,Software,1755.39,1005.57,749.82,11,C-00307,Direct,117,0.0874
2025-04-13,North,Pulse,Services,1651.21,1131.95,519.26,17,C-01977,Partner,104,0.0525
2025-04-13,South,Atlas,Hardware,2640.8,1586.38,1054.42,17,C-02022,Online,143,0.1322
2025-04-13,South,Nova,Software,2394.53,1335.89,1058.64,21,C-00058,Partner,137,0.1482
2025-04-13,South,Pulse,Services,2290.4,1438.22,852.17,18,C-02439,Partner,171,0.0511
2025-04-13,East,Atlas,Hardware,2491.04,1621.63,869.4,14,C-02412,Direct,118,0.1364
2025-04-13,East,Nova,Software,2685.85,1560.59,1125.27,16,C-00444,Direct,114,0.0256
2025-04-13,East,Pulse,Services,2392.8,1613.51,779.29,23,C-01984,Partner,107,0.1261
2025-04-13,West,Atlas,Hardware,2678.81,1729.66,949.16,27,C-01706,Online,149,0.2865
2025-04-13,West,Nova,Software,2389.41,1395.19,994.22,17,C-00280,Partner,94,0.1384
2025-04-13,West,Pulse,Services,2726.3,1674.47,1051.83,24,C-02481,Direct,155,0.1228
2025-04-14,North,Atlas,Hardware,1992.63,1253.0,739.64,24,C-00688,Direct,101,0.1337
2025-04-14,North,Nova,Software,1708.25,1173.87,534.38,6,C-00525,Direct,131,0.1071
2025-04-14,North,Pulse,Services,1790.24,1040.64,749.6,18,C-02309,Partner,141,0.0
2025-04-14,South,Atlas,Hardware,2410.03,1648.2,761.84,20,C-01054,Online,102,0.0834
2025-04-14,South,Nova,Software,2301.73,1410.68,891.06,17,C-01368,Partner,130,0.0
2025-04-14,South,Pulse,Services,2412.26,1449.24,963.02,15,C-02401,Online,92,0.0339
2025-04-14,East,Atlas,Hardware,2590.48,1884.79,705.69,11,C-02015,Direct,34,0.0801
2025-04-14,East,Nova,Software,2460.85,1506.85,954.0,15,C-01817,Partner,120,0.1506
2025-04-14,East,Pulse,Services,2464.88,1595.46,869.42,18,C-02123,Partner,142,0.1357
2025-04-14,West,Atlas,Hardware,2594.43,1504.42,1090.01,22,C-00028,Online,85,0.3067
2025-04-14,West,Nova,Software,2889.7,1698.51,1191.19,21,C-01675,Partner,113,0.0656
2025-04-14,West,Pulse,Services,2733.08,1611.81,1121.27,21,C-01562,Partner,81,0.0749
2025-04-15,North,Atlas,Hardware,1792.66,1242.95,549.71,16,C-00112,Online,61,0.0948
2025-04-15,North,Nova,Software,1697.12,999.76,697.36,13,C-01412,Partner,100,0.0483
2025-04-15,North,Pulse,Services,1956.84,1016.62,940.23,22,C-01500,Partner,76,0.0065
2025-04-15,South,Atlas,Hardware,2382.41,1496.68,885.73,19,C-02471,Online,139,0.1065
2025-04-15,South,Nova,Software,2523.87,1551.86,972.01,18,C-02431,Online,120,0.1975
2025-04-15,South,Pulse,Services,2434.16,1649.85,784.31,14,C-01838,Online,134,0.1343
2025-04-15,East,Atlas,Hardware,2547.41,1630.59,916.82,19,C-02331,Online,87,0.1222
2025-04-15,East,Nova,Software,2666.37,1822.03,844.34,26,C-00817,Direct,82,0.0748
2025-04-15,East,Pulse,Services,2435.85,1530.34,905.52,13,C-01862,Online,114,0.1203
2025-04-15,West,Atlas,Hardware,2748.04,1485.52,1262.52,18,C-01362,Direct,132,0.3478
2025-04-15,West,Nova,Software,2492.4,1703.67,788.72,15,C-00050,Direct,141,0.1549
2025-04-15,West,Pulse,Services,2648.14,1921.89,726.25,19,C-01125,Online,129,0.1252
2025-04-16,North,Atlas,Hardware,1625.94,962.14,663.8,22,C-00038,Direct,148,0.0961
2025-04-16,North,Nova,Software,1903.56,1267.19,636.36,23,C-00059,Online,99,0.0833
2025-04-16,North,Pulse,Services,1830.0,1175.42,654.58,18,C-00171,Direct,139,0.1129
2025-04-16,South,Atlas,Hardware,2389.44,1472.37,917.07,19,C-01660,Partner,103,0.1051
2025-04-16,South,Nova,Software,2299.27,1602.29,696.98,23,C-00951,Partner,115,0.1441
2025-04-16,South,Pulse,Services,2398.55,1555.33,843.22,17,C-00783,Partner,106,0.1271
2025-04-16,East,Atlas,Hardware,2534.57,1552.68,981.89,23,C-01134,Direct,145,0.0668
2025-04-16,East,Nova,Software,2820.47,1965.86,854.61,16,C-00229,Online,130,0.0984
2025-04-16,East,Pulse,Services,2690.07,1681.17,1008.9,19,C-01712,Partner,107,0.079
2025-04-16,West,Atlas,Hardware,2567.26,1403.08,1164.18,16,C-00094,Online,167,0.2579
2025-04-16,West,Nova,Software,2777.01,1689.96,1087.05,18,C-00793,Direct,120,0.1799
2025-04-16,West,Pulse,Services,2638.46,1466.13,1172.33,20,C-00534,Partner,122,0.1366
2025-04-17,North,Atlas,Hardware,1898.59,1187.8,710.78,21,C-00574,Direct,107,0.1796
2025-04-17,North,Nova,Software,1950.95,1373.12,577.84,21,C-00719,Partner,123,0.0815
2025-04-17,North,Pulse,Services,1526.55,777.42,749.13,17,C-00200,Partner,143,0.1358
2025-04-17,South,Atlas,Hardware,2369.13,1709.8,659.33,18,C-00904,Direct,118,0.1123
2025-04-17,South,Nova,Software,2486.39,1581.78,904.61,21,C-01776,Direct,121,0.1522
2025-04-17,South,Pulse,Services,2544.9,1725.05,819.85,17,C-01745,Partner,95,0.1344
2025-04-17,East,Atlas,Hardware,2637.96,1685.82,952.14,18,C-01606,Online,96,0.0943
2025-04-17,East,Nova,Software,2769.96,1910.95,859.01,18,C-00177,Direct,114,0.0405
2025-04-17,East,Pulse,Services,2642.16,1653.88,988.29,18,C-00202,Partner,87,0.1528
2025-04-17,West,Atlas,Hardware,2567.79,1522.85,1044.93,18,C-02499,Direct,102,0.2632
2025-04-17,West,Nova,Software,2652.38,1869.21,783.17,22,C-00856,Direct,124,0.1311
2025-04-17,West,Pulse,Services,2505.0,1620.63,884.37,16,C-01791,Partner,125,0.054
2025-04-18,North,Atlas,Hardware,1769.32,1391.68,377.64,13,C-00586,Partner,121,0.1533
2025-04-18,North,Nova,Software,1762.75,1088.74,674.01,21,C-00386,Online,91,0.0906
2025-04-18,North,Pulse,Services,1715.97,1083.5,632.47,22,C-01813,Partner,99,0.0381
2025-04-18,South,Atlas,Hardware,2347.16,1720.64,626.53,20,C-00753,Partner,109,0.0433
2025-04-18,South,Nova,Software,2347.12,1163.55,1183.57,12,C-00257,Partner,118,0.0292
2025-04-18,South,Pulse,Services,2579.78,1324.92,1254.87,13,C-00334,Partner,129,0.0777
2025-04-18,East,Atlas,Hardware,2743.88,1761.7,982.18,11,C-00814,Online,138,0.1535
2025-04-18,East,Nova,Software,2789.76,1530.13,1259.63,16,C-00544,Partner,122,0.0904
2025-04-18,East,Pulse,Services,2438.91,1413.29,1025.62,21,C-00944,Online,61,0.0632
2025-04-18,West,Atlas,Hardware,2686.37,1704.73,981.64,20,C-01776,Online,133,0.2463
2025-04-18,West,Nova,Software,2583.24,1574.6,1008.64,20,C-01202,Partner,180,0.0423
2025-04-18,West,Pulse,Services,2769.68,1874.59,895.09,24,C-00634,Partner,140,0.1705
2025-04-19,North,Atlas,Hardware,1785.35,1309.92,475.43,19,C-02464,Direct,149,0.0511
2025-04-19,North,Nova,Software,1807.34,1035.42,771.92,15,C-00855,Partner,102,0.1112
2025-04-19,North,Pulse,Services,2014.57,1203.04,811.52,20,C-01855,Direct,99,0.0428
2025-04-19,South,Atlas,Hardware,2381.62,1194.97,1186.66,16,C-00006,Online,123,0.1073
2025-04-19,South,Nova,Software,2566.23,1475.41,1090.82,16,C-01601,Direct,133,0.0815
2025-04-19,South,Pulse,Services,2430.98,1106.28,1324.69,21,C-01252,Direct,114,0.181
2025-04-19,East,Atlas,Hardware,2493.91,1790.45,703.46,24,C-00597,Direct,127,0.091
2025-04-19,East,Nova,Software,2672.54,1607.53,1065.0,24,C-00327,Online,103,0.1437
2025-04-19,East,Pulse,Services,2421.13,1740.28,680.86,10,C-02138,Online,95,0.0594
2025-04-19,West,Atlas,Hardware,2519.95,2090.34,429.61,13,C-00840,Direct,121,0.3123
2025-04-19,West,Nova,Software,2571.11,1748.3,822.81,20,C-01195,Partner,102,0.0738
2025-04-19,West,Pulse,Services,2756.01,1563.45,1192.56,17,C-01289,Online,140,0.1237
2025-04-20,North,Atlas,Hardware,1710.85,922.64,788.22,11,C-00242,Online,103,0.1374
2025-04-20,North,Nova,Software,1729.84,1189.35,540.5,15,C-02127,Direct,150,0.1084
2025-04-20,North,Pulse,Services,1882.59,1300.11,582.47,26,C-00961,Direct,103,0.149
2025-04-20,South,Atlas,Hardware,2343.59,1442.2,901.39,20,C-01565,Partner,144,0.0789
2025-04-20,South,Nova,Software,2411.13,1380.19,1030.95,14,C-01945,Partner,128,0.1515
2025-04-20,South,Pulse,Services,2458.49,1663.14,795.35,29,C-00372,Partner,148,0.0777
2025-04-20,East,Atlas,Hardware,2541.06,1527.81,1013.25,16,C-00744,Online,129,0.1371
2025-04-20,East,Nova,Software,2652.25,1316.58,1335.67,14,C-00103,Online,114,0.0733
2025-04-20,East,Pulse,Services,2391.2,1401.74,989.45,17,C-01867,Direct,92,0.0565
2025-04-20,West,Atlas,Hardware,2633.31,1473.36,1159.95,17,C-02017,Direct,130,0.3546
2025-04-20,West,Nova,Software,2952.86,1817.0,1135.86,21,C-00918,Direct,125,0.158
2025-04-20,West,Pulse,Services,2679.84,1789.56,890.27,19,C-01445,Partner,80,0.0604
2025-04-21,North,Atlas,Hardware,1746.57,1218.66,527.91,19,C-01919,Direct,127,0.0902
2025-04-21,North,Nova,Software,1566.79,1226.83,339.95,20,C-02330,Direct,114,0.1977
2025-04-21,North,Pulse,Services,1736.04,1038.52,697.52,13,C-01691,Partner,103,0.1564
2025-04-21,South,Atlas,Hardware,2707.98,1628.59,1079.39,18,C-00076,Direct,162,0.1553
2025-04-21,South,Nova,Software,2493.16,1804.23,688.93,17,C-02067,Online,106,0.1436
2025-04-21,South,Pulse,Services,2568.89,1586.08,982.81,15,C-00467,Direct,104,0.0786
2025-04-21,East,Atlas,Hardware,2642.07,1646.25,995.82,19,C-01850,Online,117,0.1093
2025-04-21,East,Nova,Software,2499.85,1481.75,1018.1,18,C-02410,Direct,167,0.1532
2025-04-21,East,Pulse,Services,2053.81,1390.2,663.61,18,C-02128,Partner,113,0.1078
2025-04-21,West,Atlas,Hardware,2576.35,1637.62,938.73,16,C-00454,Online,143,0.2973
2025-04-21,West,Nova,Software,2663.29,1925.98,737.31,19,C-01352,Partner,116,0.1237
2025-04-21,West,Pulse,Services,2782.26,2038.74,743.53,16,C-00037,Partner,135,0.0625
2025-04-22,North,Atlas,Hardware,1846.78,1443.5,403.28,18,C-00467,Partner,116,0.1027
2025-04-22,North,Nova,Software,1757.71,1000.4,757.31,11,C-01983,Online,139,0.1185
2025-04-22,North,Pulse,Services,1782.15,1147.15,635.0,21,C-01122,Online,93,0.0766
2025-04-22,South,Atlas,Hardware,2242.11,1554.92,687.19,30,C-00725,Direct,139,0.0695
2025-04-22,South,Nova,Software,2369.14,1735.94,633.2,15,C-01995,Online,84,0.1195
2025-04-22,South,Pulse,Services,2659.96,1990.54,669.42,20,C-00068,Partner,129,0.0834
2025-04-22,East,Atlas,Hardware,2684.86,1605.94,1078.92,20,C-01836,Partner,163,0.1555
2025-04-22,East,Nova,Software,2410.66,1622.84,787.81,17,C-00796,Direct,133,0.086
2025-04-22,East,Pulse,Services,2500.7,1505.7,995.0,23,C-00293,Direct,119,0.0912
2025-04-22,West,Atlas,Hardware,2597.89,1450.55,1147.34,18,C-00112,Partner,114,0.3193
2025-04-22,West,Nova,Software,2538.82,1436.92,1101.89,19,C-01491,Partner,136,0.0829
2025-04-22,West,Pulse,Services,2611.79,1420.39,1191.4,18,C-00708,Partner,69,0.1349
2025-04-23,North,Atlas,Hardware,1881.3,979.39,901.91,21,C-02446,Online,128,0.1085
2025-04-23,North,Nova,Software,1862.67,1211.57,651.11,15,C-00504,Online,240,0.074
2025-04-23,North,Pulse,Services,1846.01,1298.44,547.58,26,C-00902,Direct,103,0.1699
2025-04-23,South,Atlas,Hardware,2592.23,1437.2,1155.03,17,C-02034,Online,79,0.1002
2025-04-23,South,Nova,Software,2457.84,1693.96,763.89,14,C-02410,Online,142,0.1402
2025-04-23,South,Pulse,Services,2534.27,1265.69,1268.58,21,C-01847,Partner,118,0.1143
2025-04-23,East,Atlas,Hardware,2638.63,1399.55,1239.08,23,C-00514,Partner,106,0.0
2025-04-23,East,Nova,Software,2599.82,1475.21,1124.61,20,C-00530,Direct,114,0.0531
2025-04-23,East,Pulse,Services,2527.98,1728.9,799.07,14,C-01366,Direct,130,0.0981
2025-04-23,West,Atlas,Hardware,2630.02,1377.5,1252.52,11,C-02017,Direct,69,0.2444
2025-04-23,West,Nova,Software,2707.18,1364.64,1342.54,23,C-01964,Direct,97,0.1164
2025-04-23,West,Pulse,Services,2480.08,1369.81,1110.27,20,C-00141,Direct,109,0.1711
2025-04-24,North,Atlas,Hardware,1913.39,1345.16,568.23,16,C-00643,Online,148,0.1683
2025-04-24,North,Nova,Software,1736.94,1120.96,615.98,13,C-02013,Partner,66,0.1138
2025-04-24,North,Pulse,Services,1720.79,1044.79,676.0,9,C-00246,Partner,132,0.1013
2025-04-24,South,Atlas,Hardware,2481.86,1492.75,989.11,18,C-02369,Partner,125,0.1466
2025-04-24,South,Nova,Software,2546.95,1595.69,951.26,15,C-00750,Partner,79,0.1287
2025-04-24,South,Pulse,Services,2360.04,1739.69,620.34,15,C-01932,Online,99,0.1816
2025-04-24,East,Atlas,Hardware,2735.03,1881.17,853.85,16,C-01657,Direct,89,0.097
2025-04-24,East,Nova,Software,2491.6,1884.95,606.65,18,C-00019,Direct,78,0.0823
2025-04-24,East,Pulse,Services,2571.63,1612.59,959.04,20,C-00257,Partner,94,0.1082
2025-04-24,West,Atlas,Hardware,2786.93,1850.33,936.59,16,C-00543,Online,82,0.2625
2025-04-24,West,Nova,Software,2894.51,1636.83,1257.68,24,C-02353,Online,76,0.1194
2025-04-24,West,Pulse,Services,2594.28,1585.79,1008.5,21,C-01789,Direct,133,0.1153
2025-04-25,North,Atlas,Hardware,1779.95,1118.45,661.49,11,C-00783,Online,159,0.0993
2025-04-25,North,Nova,Software,1790.04,1219.67,570.38,18,C-01629,Direct,143,0.2042
2025-04-25,North,Pulse,Services,1937.85,1165.75,772.1,14,C-01216,Partner,136,0.1595
2025-04-25,South,Atlas,Hardware,2361.69,1530.81,830.88,18,C-01324,Partner,116,0.0879
2025-04-25,South,Nova,Software,2400.03,1547.38,852.65,18,C-01672,Direct,138,0.0576
2025-04-25,South,Pulse,Services,2401.67,1751.22,650.45,16,C-00507,Online,117,0.0647
2025-04-25,East,Atlas,Hardware,2498.74,1490.62,1008.12,15,C-00048,Partner,158,0.1159
2025-04-25,East,Nova,Software,2598.46,1985.39,613.07,12,C-00375,Partner,153,0.0744
2025-04-25,East,Pulse,Services,2577.42,1810.07,767.35,17,C-01086,Online,143,0.1121
2025-04-25,West,Atlas,Hardware,2880.19,1715.08,1165.11,12,C-01970,Direct,117,0.3223
2025-04-25,West,Nova,Software,2974.41,1701.27,1273.14,17,C-02437,Direct,128,0.1095
2025-04-25,West,Pulse,Services,2464.77,1389.39,1075.38,24,C-00014,Partner,156,0.08
2025-04-26,North,Atlas,Hardware,1786.69,1252.34,534.36,18,C-00821,Direct,143,0.0884
2025-04-26,North,Nova,Software,1702.99,1118.65,584.34,25,C-01622,Direct,182,0.151
2025-04-26,North,Pulse,Services,1871.67,937.44,934.22,26,C-02245,Online,106,0.1187
2025-04-26,South,Atlas,Hardware,2293.79,1712.48,581.3,21,C-01009,Partner,113,0.0966
2025-04-26,South,Nova,Software,2682.86,1496.85,1186.02,17,C-00161,Direct,147,0.0967
2025-04-26,South,Pulse,Services,2638.52,1714.77,923.75,13,C-01674,Online,116,0.1397
2025-04-26,East,Atlas,Hardware,2522.54,1714.75,807.79,17,C-01666,Partner,93,0.1347
2025-04-26,East,Nova,Software,2539.54,1846.33,693.21,18,C-01714,Direct,81,0.0863
2025-04-26,East,Pulse,Services,2368.4,1702.88,665.53,24,C-01440,Direct,91,0.1642
2025-04-26,West,Atlas,Hardware,2507.7,1565.13,942.57,19,C-01042,Partner,71,0.351
2025-04-26,West,Nova,Software,2674.61,2073.08,601.53,23,C-02216,Online,153,0.1363
2025-04-26,West,Pulse,Services,2675.01,1818.02,856.99,12,C-01777,Direct,83,0.1255
2025-04-27,North,Atlas,Hardware,1953.67,1437.49,516.18,23,C-01591,Partner,103,0.1283
2025-04-27,North,Nova,Software,1723.16,1107.92,615.24,29,C-02049,Direct,88,0.0907
2025-04-27,North,Pulse,Services,1869.45,1370.74,498.71,17,C-00484,Partner,108,0.0916
2025-04-27,South,Atlas,Hardware,2656.7,1712.56,944.14,24,C-01054,Online,121,0.1617
2025-04-27,South,Nova,Software,2446.74,1617.18,829.56,21,C-00772,Online,137,0.071
2025-04-27,South,Pulse,Services,2524.5,1648.03,876.48,15,C-01060,Online,73,0.0964
2025-04-27,East,Atlas,Hardware,2236.05,1403.32,832.72,22,C-01502,Partner,138,0.0994
2025-04-27,East,Nova,Software,2542.59,1532.24,1010.35,14,C-00049,Partner,102,0.1364
2025-04-27,East,Pulse,Services,2655.48,1575.44,1080.03,17,C-01740,Direct,57,0.0638
2025-04-27,West,Atlas,Hardware,2792.8,2003.18,789.63,27,C-00059,Partner,152,0.2469
2025-04-27,West,Nova,Software,2863.14,1523.24,1339.91,11,C-00506,Direct,127,0.0831
2025-04-27,West,Pulse,Services,2577.61,1767.88,809.73,18,C-00848,Online,102,0.1166
2025-04-28,North,Atlas,Hardware,1617.12,800.57,816.55,14,C-01367,Online,132,0.106
2025-04-28,North,Nova,Software,1598.9,1032.84,566.06,22,C-02467,Partner,133,0.1014
2025-04-28,North,Pulse,Services,1657.69,1103.38,554.31,26,C-01266,Partner,130,0.0702
2025-04-28,South,Atlas,Hardware,2090.09,1182.21,907.88,18,C-00369,Direct,117,0.1618
2025-04-28,South,Nova,Software,2471.44,1482.36,989.07,19,C-01613,Direct,135,0.0563
2025-04-28,South,Pulse,Services,2446.05,1746.17,699.87,11,C-01439,Direct,123,0.0856
2025-04-28,East,Atlas,Hardware,2896.44,1926.06,970.37,20,C-02279,Online,144,0.1309
2025-04-28,East,Nova,Software,2376.56,1464.38,912.18,23,C-01517,Partner,150,0.0777
2025-04-28,East,Pulse,Services,2842.42,1407.91,1434.51,22,C-02485,Partner,125,0.1146
2025-04-28,West,Atlas,Hardware,2786.7,1802.75,983.95,15,C-01052,Direct,172,0.2567
2025-04-28,West,Nova,Software,2632.45,1812.06,820.39,12,C-02226,Partner,134,0.0692
2025-04-28,West,Pulse,Services,2683.09,1704.42,978.67,15,C-01883,Partner,116,0.0302
2025-04-29,North,Atlas,Hardware,1882.41,960.03,922.37,16,C-01128,Direct,101,0.1284
2025-04-29,North,Nova,Software,1729.09,1245.04,484.05,21,C-01416,Partner,128,0.107
2025-04-29,North,Pulse,Services,1815.25,1156.26,658.99,11,C-00903,Direct,143,0.0532
2025-04-29,South,Atlas,Hardware,2483.64,1340.27,1143.36,21,C-01071,Online,93,0.1282
2025-04-29,South,Nova,Software,2665.26,1529.57,1135.69,22,C-01826,Partner,142,0.1529
2025-04-29,South,Pulse,Services,2314.49,1783.5,531.0,15,C-00245,Direct,106,0.0503
2025-04-29,East,Atlas,Hardware,2415.57,1385.15,1030.41,16,C-01193,Partner,110,0.1252
2025-04-29,East,Nova,Software,2606.57,1711.51,895.06,23,C-01609,Online,86,0.0888
2025-04-29,East,Pulse,Services,2488.52,1697.17,791.35,15,C-01652,Direct,130,0.0632
2025-04-29,West,Atlas,Hardware,2515.69,1296.97,1218.72,18,C-01381,Online,110,0.275
2025-04-29,West,Nova,Software,2941.78,2206.24,735.54,22,C-00853,Online,129,0.1275
2025-04-29,West,Pulse,Services,2635.91,1590.04,1045.87,20,C-00034,Partner,145,0.0997
2025-04-30,North,Atlas,Hardware,1846.4,1095.29,751.12,19,C-02318,Online,104,0.0999
2025-04-30,North,Nova,Software,1752.42,1003.94,748.48,13,C-00537,Partner,133,0.1316
2025-04-30,North,Pulse,Services,1673.26,1101.58,571.68,20,C-02441,Partner,140,0.168
2025-04-30,South,Atlas,Hardware,2665.99,1638.78,1027.21,18,C-01672,Direct,142,0.0902
2025-04-30,South,Nova,Software,2402.64,1375.22,1027.43,24,C-02053,Online,69,0.1843
2025-04-30,South,Pulse,Services,2558.01,1518.55,1039.46,9,C-01729,Direct,134,0.0729
2025-04-30,East,Atlas,Hardware,2469.74,1519.82,949.92,19,C-01999,Direct,87,0.0951
2025-04-30,East,Nova,Software,2597.3,1821.94,775.36,19,C-01091,Online,131,0.1466
2025-04-30,East,Pulse,Services,2446.43,1258.53,1187.9,25,C-01871,Online,135,0.1031
2025-04-30,West,Atlas,Hardware,2675.54,1871.55,803.99,19,C-00514,Direct,95,0.3389
2025-04-30,West,Nova,Software,2828.38,1886.25,942.13,13,C-01473,Online,141,0.1233
2025-04-30,West,Pulse,Services,2686.08,1837.54,848.55,15,C-00373,Partner,121,0.0978
2025-05-01,North,Atlas,Hardware,1962.13,1181.17,780.96,17,C-01785,Online,165,0.1437
2025-05-01,North,Nova,Software,1850.6,1334.68,515.92,18,C-01309,Direct,124,0.1829
2025-05-01,North,Pulse,Services,1892.18,1195.84,696.34,18,C-00679,Online,132,0.1353
2025-05-01,South,Atlas,Hardware,2449.34,1659.75,789.59,26,C-02224,Online,135,0.1429
2025-05-01,South,Nova,Software,2327.43,1593.0,734.43,13,C-01845,Direct,95,0.1319
2025-05-01,South,Pulse,Services,2588.59,1610.57,978.02,17,C-00173,Direct,54,0.1589
2025-05-01,East,Atlas,Hardware,2769.74,1914.58,855.16,13,C-01153,Direct,96,0.0599
2025-05-01,East,Nova,Software,2396.93,1616.62,780.31,13,C-01940,Partner,112,0.1674
2025-05-01,East,Pulse,Services,2517.03,1927.06,589.97,11,C-02419,Online,120,0.1542
2025-05-01,West,Atlas,Hardware,2742.64,1700.9,1041.73,20,C-02477,Online,114,0.2042
2025-05-01,West,Nova,Software,2735.46,1779.92,955.54,14,C-02284,Direct,80,0.1046
2025-05-01,West,Pulse,Services,2531.95,1888.15,643.8,12,C-00626,Direct,124,0.1501
2025-05-02,North,Atlas,Hardware,1622.48,831.0,791.48,14,C-00301,Partner,162,0.1399
2025-05-02,North,Nova,Software,1787.16,1112.62,674.54,16,C-00401,Partner,113,0.1757
2025-05-02,North,Pulse,Services,1864.08,976.09,887.99,22,C-01271,Partner,102,0.1301
2025-05-02,South,Atlas,Hardware,2492.33,1662.71,829.61,19,C-02407,Partner,107,0.0733
2025-05-02,South,Nova,Software,2391.89,1504.41,887.48,13,C-01397,Online,146,0.1376
2025-05-02,South,Pulse,Services,2404.76,1569.89,834.87,21,C-01178,Online,156,0.0745
2025-05-02,East,Atlas,Hardware,2614.52,1470.43,1144.09,18,C-01454,Direct,165,0.1199
2025-05-02,East,Nova,Software,2434.84,1408.14,1026.7,23,C-00671,Online,153,0.1532
2025-05-02,East,Pulse,Services,2609.56,1492.26,1117.3,13,C-02224,Direct,121,0.0764
2025-05-02,West,Atlas,Hardware,2495.6,1813.77,681.83,13,C-01088,Partner,122,0.2983
2025-05-02,West,Nova,Software,2933.05,1995.64,937.41,15,C-01842,Direct,136,0.1306
2025-05-02,West,Pulse,Services,2510.93,1265.03,1245.9,25,C-01455,Online,133,0.1155
2025-05-03,North,Atlas,Hardware,1855.58,1132.25,723.33,19,C-00725,Online,139,0.1086
2025-05-03,North,Nova,Software,1898.92,1298.58,600.34,19,C-01592,Partner,128,0.1557
2025-05-03,North,Pulse,Services,1763.66,1039.43,724.23,13,C-01715,Partner,118,0.0904
2025-05-03,South,Atlas,Hardware,2531.81,1531.33,1000.48,11,C-01975,Direct,149,0.0972
2025-05-03,South,Nova,Software,2356.61,1685.37,671.24,18,C-02043,Online,113,0.0764
2025-05-03,South,Pulse,Services,2254.94,1688.21,566.73,20,C-02202,Online,144,0.1162
2025-05-03,East,Atlas,Hardware,2494.36,1654.64,839.72,20,C-00875,Online,117,0.1289
2025-05-03,East,Nova,Software,2688.76,1861.06,827.7,15,C-00646,Partner,134,0.1567
2025-05-03,East,Pulse,Services,2710.09,1761.15,948.94,22,C-01805,Partner,136,0.1365
2025-05-03,West,Atlas,Hardware,2526.37,1839.16,687.2,22,C-02184,Partner,121,0.311
2025-05-03,West,Nova,Software,2456.73,1745.82,710.91,17,C-01023,Direct,122,0.1141
2025-05-03,West,Pulse,Services,2669.58,1495.8,1173.78,18,C-01020,Partner,115,0.0765
2025-05-04,North,Atlas,Hardware,1795.54,1202.63,592.91,20,C-01219,Online,108,0.13
2025-05-04,North,Nova,Software,1669.42,1149.5,519.92,24,C-00632,Partner,165,0.0899
2025-05-04,North,Pulse,Services,1773.87,1175.16,598.71,21,C-02094,Partner,120,0.1736
2025-05-04,South,Atlas,Hardware,2572.36,1426.42,1145.94,21,C-01419,Partner,128,0.0745
2025-05-04,South,Nova,Software,2443.07,1514.77,928.3,14,C-00880,Online,168,0.0549
2025-05-04,South,Pulse,Services,2670.26,2147.66,522.6,18,C-01847,Direct,119,0.0992
2025-05-04,East,Atlas,Hardware,2785.61,1800.58,985.03,21,C-01287,Direct,100,0.1626
2025-05-04,East,Nova,Software,2541.7,1324.24,1217.46,15,C-02232,Online,97,0.0951
2025-05-04,East,Pulse,Services,2371.45,1307.01,1064.44,15,C-00209,Direct,88,0.1631
2025-05-04,West,Atlas,Hardware,2633.98,1698.76,935.22,15,C-01127,Partner,69,0.2907
2025-05-04,West,Nova,Software,2716.31,1887.73,828.58,18,C-00514,Direct,126,0.057
2025-05-04,West,Pulse,Services,2723.49,1473.45,1250.04,17,C-00189,Partner,122,0.0033
2025-05-05,North,Atlas,Hardware,1929.56,1246.58,682.99,19,C-00480,Online,136,0.0914
2025-05-05,North,Nova,Software,1786.81,1148.97,637.83,11,C-01366,Online,121,0.1136
2025-05-05,North,Pulse,Services,1574.16,900.06,674.1,19,C-01671,Direct,126,0.1123
2025-05-05,South,Atlas,Hardware,2650.38,1672.56,977.83,27,C-00365,Direct,86,0.1791
2025-05-05,South,Nova,Software,2514.57,1687.57,827.01,16,C-01715,Partner,112,0.1282
2025-05-05,South,Pulse,Services,2496.43,1616.42,880.0,18,C-02006,Direct,135,0.0828
2025-05-05,East,Atlas,Hardware,2722.36,1572.18,1150.18,15,C-00558,Direct,111,0.1404
2025-05-05,East,Nova,Software,2477.67,1448.98,1028.69,17,C-01292,Online,121,0.1647
2025-05-05,East,Pulse,Services,2618.78,1635.99,982.8,17,C-00676,Online,132,0.1132
2025-05-05,West,Atlas,Hardware,2682.43,1409.18,1273.25,22,C-00360,Partner,92,0.2531
2025-05-05,West,Nova,Software,2888.71,1797.51,1091.2,11,C-00410,Partner,127,0.0922
2025-05-05,West,Pulse,Services,2658.94,1389.91,1269.03,13,C-01631,Partner,148,0.0918
2025-05-06,North,Atlas,Hardware,1898.38,1227.73,670.64,17,C-01197,Online,142,0.0685
2025-05-06,North,Nova,Software,1779.26,1104.01,675.25,20,C-02068,Online,119,0.0703
2025-05-06,North,Pulse,Services,1583.6,802.82,780.78,12,C-00351,Direct,135,0.1436
2025-05-06,South,Atlas,Hardware,2361.19,1300.23,1060.96,18,C-00199,Partner,133,0.0456
2025-05-06,South,Nova,Software,2473.46,1517.58,955.88,12,C-01814,Online,102,0.1182
2025-05-06,South,Pulse,Services,2405.55,1276.74,1128.81,14,C-01176,Direct,135,0.1511
2025-05-06,East,Atlas,Hardware,2746.7,1811.05,935.65,18,C-02185,Direct,124,0.0665
2025-05-06,East,Nova,Software,2382.38,1251.96,1130.42,16,C-02398,Partner,88,0.0365
2025-05-06,East,Pulse,Services,2515.15,1427.26,1087.88,28,C-02423,Partner,147,0.0252
2025-05-06,West,Atlas,Hardware,2707.81,1879.09,828.72,20,C-02231,Online,134,0.292
2025-05-06,West,Nova,Software,2667.82,1726.7,941.12,19,C-00205,Online,132,0.0746
2025-05-06,West,Pulse,Services,2717.81,1830.69,887.12,24,C-00733,Online,89,0.0952
2025-05-07,North,Atlas,Hardware,1900.57,984.28,916.28,23,C-00825,Online,93,0.0637
2025-05-07,North,Nova,Software,1696.76,1179.82,516.95,22,C-00596,Online,145,0.2101
2025-05-07,North,Pulse,Services,1817.96,1162.36,655.6,22,C-02024,Partner,107,0.1439
2025-05-07,South,Atlas,Hardware,2742.2,1753.7,988.51,20,C-00516,Direct,136,0.1252
2025-05-07,South,Nova,Software,2445.8,1490.96,954.85,22,C-02096,Partner,85,0.1975
2025-05-07,South,Pulse,Services,2461.11,1414.79,1046.32,16,C-00839,Direct,160,0.1241
2025-05-07,East,Atlas,Hardware,2503.15,1791.51,711.64,17,C-01978,Direct,56,0.1165
2025-05-07,East,Nova,Software,2552.75,1479.63,1073.12,16,C-02259,Online,162,0.1128
2025-05-07,East,Pulse,Services,2551.44,1454.21,1097.23,27,C-01116,Direct,82,0.1394
2025-05-07,West,Atlas,Hardware,2721.53,1764.08,957.45,19,C-00045,Direct,104,0.2897
2025-05-07,West,Nova,Software,2605.97,1320.12,1285.85,22,C-02203,Online,103,0.0626
2025-05-07,West,Pulse,Services,2664.1,1746.2,917.9,19,C-00543,Direct,114,0.2174
2025-05-08,North,Atlas,Hardware,1934.91,1121.64,813.27,20,C-00445,Online,118,0.1408
2025-05-08,North,Nova,Software,1826.4,1176.01,650.39,14,C-00214,Direct,114,0.1542
2025-05-08,North,Pulse,Services,1690.08,1063.94,626.14,25,C-00482,Partner,143,0.0907
2025-05-08,South,Atlas,Hardware,2156.58,1163.91,992.67,12,C-00371,Partner,108,0.1569
2025-05-08,South,Nova,Software,2493.46,1609.46,883.99,21,C-00100,Direct,124,0.2037
2025-05-08,South,Pulse,Services,2453.4,1707.22,746.18,13,C-00490,Direct,113,0.1176
2025-05-08,East,Atlas,Hardware,2633.48,1748.93,884.56,26,C-01522,Partner,125,0.0658
2025-05-08,East,Nova,Software,2913.97,2010.07,903.9,16,C-02107,Online,136,0.0795
2025-05-08,East,Pulse,Services,2438.15,1500.08,938.08,19,C-02215,Online,134,0.1304
2025-05-08,West,Atlas,Hardware,2659.49,1714.9,944.59,16,C-00579,Online,123,0.3058
2025-05-08,West,Nova,Software,2741.1,1558.67,1182.43,15,C-01692,Partner,82,0.1074
2025-05-08,West,Pulse,Services,2731.89,1802.27,929.62,24,C-00548,Partner,120,0.0973
2025-05-09,North,Atlas,Hardware,1796.39,1206.37,590.02,13,C-00975,Partner,78,0.1698
2025-05-09,North,Nova,Software,1899.33,1240.91,658.42,16,C-01155,Direct,144,0.1467
2025-05-09,North,Pulse,Services,1641.67,1001.15,640.53,14,C-01829,Direct,118,0.0941
2025-05-09,South,Atlas,Hardware,2235.92,1554.27,681.65,24,C-02229,Partner,128,0.0536
2025-05-09,South,Nova,Software,2499.99,1541.13,958.85,18,C-00779,Partner,111,0.1819
2025-05-09,South,Pulse,Services,2331.37,1430.11,901.26,22,C-01107,Partner,98,0.1052
2025-05-09,East,Atlas,Hardware,2506.36,1671.16,835.2,12,C-01835,Online,119,0.2254
2025-05-09,East,Nova,Software,2576.2,1651.67,924.52,17,C-00434,Partner,130,0.1454
2025-05-09,East,Pulse,Services,2568.39,1433.5,1134.89,21,C-02165,Partner,94,0.206
2025-05-09,West,Atlas,Hardware,2599.82,1626.24,973.59,17,C-02399,Partner,149,0.2686
2025-05-09,West,Nova,Software,2724.71,1450.0,1274.71,18,C-01827,Partner,142,0.0855
2025-05-09,West,Pulse,Services,2581.56,1807.96,773.6,17,C-01822,Direct,123,0.1715
2025-05-10,North,Atlas,Hardware,1748.59,892.58,856.02,18,C-00251,Direct,125,0.1052
2025-05-10,North,Nova,Software,1808.64,1091.51,717.13,21,C-00721,Online,146,0.1029
2025-05-10,North,Pulse,Services,1711.38,1286.35,425.02,22,C-01606,Online,103,0.1779
2025-05-10,South,Atlas,Hardware,2544.72,1582.29,962.43,20,C-01818,Online,140,0.1569
2025-05-10,South,Nova,Software,2386.74,1507.73,879.0,21,C-01131,Direct,78,0.0807
2025-05-10,South,Pulse,Services,2587.68,1747.63,840.05,23,C-02296,Partner,141,0.065
2025-05-10,East,Atlas,Hardware,2505.64,1576.9,928.74,21,C-00793,Direct,83,0.0621
2025-05-10,East,Nova,Software,2559.9,1486.32,1073.58,18,C-00998,Partner,123,0.0537
2025-05-10,East,Pulse,Services,2657.26,1790.74,866.52,11,C-01860,Partner,137,0.0853
2025-05-10,West,Atlas,Hardware,2959.58,1733.16,1226.41,21,C-01368,Direct,44,0.2794
2025-05-10,West,Nova,Software,2866.41,1580.98,1285.42,14,C-02441,Direct,135,0.184
2025-05-10,West,Pulse,Services,2849.06,1669.66,1179.4,14,C-02082,Partner,142,0.1175
2025-05-11,North,Atlas,Hardware,1665.34,1111.35,553.99,15,C-01160,Online,141,0.1463
2025-05-11,North,Nova,Software,1680.9,1062.59,618.31,21,C-02169,Partner,120,0.1355
2025-05-11,North,Pulse,Services,1745.63,887.91,857.73,18,C-00285,Direct,92,0.1742
2025-05-11,South,Atlas,Hardware,2308.6,1344.51,964.09,15,C-00656,Online,107,0.0987
2025-05-11,South,Nova,Software,2307.9,1267.88,1040.02,29,C-00898,Direct,91,0.2065
2025-05-11,South,Pulse,Services,2712.06,1702.39,1009.67,17,C-00355,Direct,143,0.1474
2025-05-11,East,Atlas,Hardware,2557.8,1519.25,1038.55,21,C-02207,Online,174,0.0999
2025-05-11,East,Nova,Software,2381.72,1524.5,857.21,15,C-00580,Direct,110,0.111
2025-05-11,East,Pulse,Services,2633.66,1448.3,1185.36,17,C-01033,Online,147,0.1286
2025-05-11,West,Atlas,Hardware,2725.81,1666.5,1059.32,13,C-01357,Online,142,0.224
2025-05-11,West,Nova,Software,2577.36,1884.96,692.4,23,C-00094,Partner,141,0.1139
2025-05-11,West,Pulse,Services,2803.52,1535.27,1268.25,19,C-01121,Direct,131,0.1707
2025-05-12,North,Atlas,Hardware,1590.78,1218.15,372.63,18,C-00238,Direct,93,0.0757
2025-05-12,North,Nova,Software,2200.11,1249.06,951.05,16,C-01259,Online,132,0.1093
2025-05-12,North,Pulse,Services,1480.01,1042.07,437.93,17,C-00649,Partner,99,0.1542
2025-05-12,South,Atlas,Hardware,2523.77,1848.19,675.58,13,C-01049,Partner,130,0.1006
2025-05-12,South,Nova,Software,2392.54,1690.4,702.14,16,C-00041,Partner,100,0.1335
2025-05-12,South,Pulse,Services,2309.77,1639.82,669.94,18,C-02258,Online,160,0.1348
2025-05-12,East,Atlas,Hardware,2562.55,1630.45,932.1,16,C-00487,Partner,163,0.1496
2025-05-12,East,Nova,Software,2359.48,1328.85,1030.63,20,C-00066,Direct,105,0.1098
2025-05-12,East,Pulse,Services,2227.55,1378.81,848.74,16,C-01712,Direct,145,0.1623
2025-05-12,West,Atlas,Hardware,2584.07,1907.96,676.1,18,C-01817,Direct,112,0.2401
2025-05-12,West,Nova,Software,2895.84,1848.76,1047.09,24,C-00979,Partner,111,0.1515
2025-05-12,West,Pulse,Services,2743.42,1668.58,1074.83,17,C-00725,Partner,126,0.1321
2025-05-13,North,Atlas,Hardware,1793.17,1331.35,461.82,32,C-00759,Online,94,0.0776
2025-05-13,North,Nova,Software,1719.25,1118.0,601.25,17,C-01434,Partner,159,0.0912
2025-05-13,North,Pulse,Services,1724.97,1185.33,539.63,18,C-00265,Partner,127,0.1434
2025-05-13,South,Atlas,Hardware,2372.38,1688.99,683.4,10,C-00991,Direct,178,0.1766
2025-05-13,South,Nova,Software,2443.53,1501.93,941.6,22,C-00299,Online,131,0.1617
2025-05-13,South,Pulse,Services,2317.37,1496.18,821.19,21,C-02152,Online,94,0.0841
2025-05-13,East,Atlas,Hardware,2799.14,1860.33,938.81,16,C-01026,Online,138,0.1598
2025-05-13,East,Nova,Software,2599.91,1547.33,1052.58,19,C-00360,Partner,114,0.1333
2025-05-13,East,Pulse,Services,2589.97,1766.77,823.2,15,C-00101,Direct,127,0.0639
2025-05-13,West,Atlas,Hardware,2720.53,1774.88,945.64,16,C-00063,Direct,142,0.2621
2025-05-13,West,Nova,Software,2482.65,1570.41,912.25,19,C-00951,Direct,112,0.1125
2025-05-13,West,Pulse,Services,2714.55,2056.98,657.57,17,C-02428,Online,147,0.0894
2025-05-14,North,Atlas,Hardware,1725.06,1184.3,540.76,20,C-01302,Online,106,0.0854
2025-05-14,North,Nova,Software,1688.28,1214.55,473.73,18,C-00131,Online,86,0.1987
2025-05-14,North,Pulse,Services,1714.17,988.63,725.54,15,C-00330,Online,121,0.0607
2025-05-14,South,Atlas,Hardware,2617.74,1417.43,1200.3,12,C-00111,Direct,129,0.1624
2025-05-14,South,Nova,Software,2580.75,1910.84,669.91,17,C-01333,Partner,84,0.0962
2025-05-14,South,Pulse,Services,2535.85,1843.13,692.71,19,C-01140,Partner,142,0.0892
2025-05-14,East,Atlas,Hardware,2716.91,1580.92,1135.99,17,C-00526,Direct,66,0.1467
2025-05-14,East,Nova,Software,2550.18,1615.71,934.47,13,C-01918,Direct,108,0.098
2025-05-14,East,Pulse,Services,2593.83,1668.93,924.9,19,C-02257,Direct,96,0.0951
2025-05-14,West,Atlas,Hardware,2691.19,1476.84,1214.36,19,C-00349,Online,106,0.2671
2025-05-14,West,Nova,Software,2766.32,2071.94,694.38,13,C-01695,Partner,88,0.1318
2025-05-14,West,Pulse,Services,2574.63,1546.57,1028.06,25,C-00795,Online,127,0.0883
2025-05-15,North,Atlas,Hardware,1841.89,870.45,971.45,20,C-00972,Partner,127,0.0555
2025-05-15,North,Nova,Software,1790.95,1005.38,785.57,11,C-02352,Direct,105,0.1814
2025-05-15,North,Pulse,Services,1836.18,1123.22,712.96,17,C-00486,Partner,130,0.1233
2025-05-15,South,Atlas,Hardware,2219.64,1664.4,555.24,13,C-01356,Direct,127,0.0
2025-05-15,South,Nova,Software,2396.26,1611.38,784.88,22,C-01798,Direct,122,0.0735
2025-05-15,South,Pulse,Services,2311.08,1569.03,742.05,21,C-00671,Partner,108,0.1622
2025-05-15,East,Atlas,Hardware,2513.8,1756.83,756.97,18,C-00455,Partner,143,0.0691
2025-05-15,East,Nova,Software,2498.55,1717.25,781.29,18,C-01775,Online,144,0.0572
2025-05-15,East,Pulse,Services,2259.35,1291.42,967.93,16,C-02114,Direct,109,0.0741
2025-05-15,West,Atlas,Hardware,2553.41,1645.42,907.99,22,C-02024,Partner,87,0.2816
2025-05-15,West,Nova,Software,2836.79,1642.67,1194.13,13,C-02152,Partner,75,0.1032
2025-05-15,West,Pulse,Services,2319.73,1403.85,915.89,22,C-01803,Partner,118,0.0663
2025-05-16,North,Atlas,Hardware,1838.92,1032.7,806.22,20,C-00554,Direct,85,0.187
2025-05-16,North,Nova,Software,1709.04,1140.62,568.41,19,C-00148,Online,151,0.1268
2025-05-16,North,Pulse,Services,1768.94,1100.39,668.56,13,C-01586,Online,140,0.1218
2025-05-16,South,Atlas,Hardware,2656.38,1673.43,982.95,17,C-00557,Direct,114,0.1083
2025-05-16,South,Nova,Software,2360.9,1510.42,850.49,19,C-00554,Online,146,0.1335
2025-05-16,South,Pulse,Services,2334.07,1422.96,911.12,17,C-00494,Online,150,0.0762
2025-05-16,East,Atlas,Hardware,2679.53,2029.71,649.82,23,C-00257,Partner,116,0.0229
2025-05-16,East,Nova,Software,2563.58,1652.64,910.94,18,C-02083,Direct,79,0.068
2025-05-16,East,Pulse,Services,2310.63,1013.89,1296.74,10,C-01744,Online,94,0.1357
2025-05-16,West,Atlas,Hardware,2753.87,1589.99,1163.89,25,C-00088,Direct,115,0.283
2025-05-16,West,Nova,Software,2544.57,1225.12,1319.46,18,C-00262,Online,100,0.0607
2025-05-16,West,Pulse,Services,2654.13,1850.26,803.87,19,C-01347,Online,87,0.0979
2025-05-17,North,Atlas,Hardware,1791.19,1045.39,745.8,26,C-01818,Online,127,0.0759
2025-05-17,North,Nova,Software,1712.1,1303.61,408.49,16,C-02413,Partner,96,0.1733
2025-05-17,North,Pulse,Services,1755.15,1188.49,566.66,13,C-01504,Online,99,0.1491
2025-05-17,South,Atlas,Hardware,2410.11,1606.93,803.17,16,C-01711,Partner,122,0.1099
2025-05-17,South,Nova,Software,2593.17,1684.93,908.24,19,C-00916,Partner,152,0.0604
2025-05-17,South,Pulse,Services,2268.91,1551.28,717.63,11,C-00010,Online,131,0.1268
2025-05-17,East,Atlas,Hardware,2518.27,1558.44,959.83,17,C-00713,Direct,94,0.191
2025-05-17,East,Nova,Software,2721.02,1641.68,1079.35,17,C-02110,Direct,161,0.0987
2025-05-17,East,Pulse,Services,2506.82,1326.19,1180.63,15,C-00490,Partner,115,0.2486
2025-05-17,West,Atlas,Hardware,2778.9,1934.91,843.99,18,C-02004,Partner,151,0.3034
2025-05-17,West,Nova,Software,2652.95,1656.17,996.77,22,C-02250,Direct,133,0.1794
2025-05-17,West,Pulse,Services,2801.25,1762.35,1038.9,13,C-01466,Online,132,0.0849
2025-05-18,North,Atlas,Hardware,1806.65,1180.72,625.93,23,C-02021,Direct,106,0.1107
2025-05-18,North,Nova,Software,1878.99,1067.54,811.45,17,C-00571,Direct,94,0.0688
2025-05-18,North,Pulse,Services,1969.98,885.18,1084.8,19,C-00406,Partner,153,0.0826
2025-05-18,South,Atlas,Hardware,2300.07,1386.31,913.76,18,C-00979,Direct,154,0.0983
2025-05-18,South,Nova,Software,2284.66,1467.48,817.18,22,C-00584,Partner,82,0.0882
2025-05-18,South,Pulse,Services,2274.31,1401.1,873.21,12,C-00960,Partner,176,0.1187
2025-05-18,East,Atlas,Hardware,2476.47,1438.03,1038.43,16,C-02183,Online,110,0.1724
2025-05-18,East,Nova,Software,2840.69,1747.95,1092.74,18,C-00378,Partner,136,0.1285
2025-05-18,East,Pulse,Services,2598.97,1865.95,733.02,21,C-00173,Direct,152,0.1052
2025-05-18,West,Atlas,Hardware,2810.31,1637.74,1172.57,21,C-00639,Direct,126,0.2768
2025-05-18,West,Nova,Software,2761.14,1788.7,972.44,17,C-02417,Partner,108,0.1797
2025-05-18,West,Pulse,Services,2796.24,1800.21,996.03,20,C-00387,Online,124,0.0941
2025-05-19,North,Atlas,Hardware,1909.7,1111.71,797.99,19,C-01532,Partner,137,0.1405
2025-05-19,North,Nova,Software,1827.51,1140.81,686.7,17,C-01943,Online,123,0.0762
2025-05-19,North,Pulse,Services,1778.09,1245.09,533.0,23,C-02295,Online,109,0.0629
2025-05-19,South,Atlas,Hardware,2456.25,1553.43,902.82,18,C-01224,Online,139,0.1041
2025-05-19,South,Nova,Software,2495.15,1471.95,1023.2,27,C-01444,Online,108,0.1167
2025-05-19,South,Pulse,Services,2266.21,1445.03,821.17,12,C-01389,Direct,158,0.2068
2025-05-19,East,Atlas,Hardware,2440.27,1533.51,906.76,20,C-00861,Direct,125,0.1211
2025-05-19,East,Nova,Software,2578.93,1456.45,1122.48,9,C-02007,Online,145,0.1747
2025-05-19,East,Pulse,Services,2630.06,1574.31,1055.76,17,C-00651,Direct,143,0.0958
2025-05-19,West,Atlas,Hardware,2601.29,1350.05,1251.25,17,C-01609,Direct,117,0.3526
2025-05-19,West,Nova,Software,2562.18,1750.89,811.29,20,C-02106,Partner,106,0.1382
2025-05-19,West,Pulse,Services,2934.01,1956.26,977.75,26,C-02388,Direct,176,0.0961
2025-05-20,North,Atlas,Hardware,1791.27,1104.93,686.35,13,C-01357,Partner,103,0.1557
2025-05-20,North,Nova,Software,1650.93,985.33,665.61,22,C-02229,Direct,81,0.1445
2025-05-20,North,Pulse,Services,1715.25,932.93,782.32,18,C-02122,Direct,134,0.0783
2025-05-20,South,Atlas,Hardware,2455.48,1715.75,739.73,21,C-01183,Online,141,0.0765
2025-05-20,South,Nova,Software,2101.89,1155.35,946.54,22,C-01183,Partner,124,0.1207
2025-05-20,South,Pulse,Services,2448.16,1414.66,1033.5,21,C-00147,Partner,83,0.0807
2025-05-20,East,Atlas,Hardware,2418.63,1307.69,1110.94,16,C-02419,Direct,69,0.1578
2025-05-20,East,Nova,Software,2469.78,1499.7,970.08,16,C-01803,Online,128,0.1209
2025-05-20,East,Pulse,Services,2543.28,1383.09,1160.19,19,C-01552,Direct,117,0.1384
2025-05-20,West,Atlas,Hardware,2506.64,1364.32,1142.31,13,C-00346,Direct,130,0.2389
2025-05-20,West,Nova,Software,2566.42,1455.32,1111.1,15,C-01077,Direct,82,0.1634
2025-05-20,West,Pulse,Services,2958.51,1889.14,1069.38,20,C-01266,Direct,115,0.0728
2025-05-21,North,Atlas,Hardware,1820.16,927.53,892.63,15,C-00020,Online,140,0.0632
2025-05-21,North,Nova,Software,1737.22,1142.77,594.45,27,C-00166,Partner,111,0.1414
2025-05-21,North,Pulse,Services,1847.96,1427.38,420.58,9,C-02290,Direct,103,0.1044
2025-05-21,South,Atlas,Hardware,2503.14,1438.43,1064.71,12,C-02467,Direct,138,0.1226
2025-05-21,South,Nova,Software,2570.99,1599.65,971.34,26,C-02398,Online,117,0.13
2025-05-21,South,Pulse,Services,2484.85,1589.68,895.17,24,C-02399,Partner,144,0.1136
2025-05-21,East,Atlas,Hardware,2595.8,1568.98,1026.82,17,C-02418,Online,154,0.0825
2025-05-21,East,Nova,Software,2585.94,1726.22,859.72,20,C-00522,Partner,168,0.0751
2025-05-21,East,Pulse,Services,2349.27,1341.84,1007.43,17,C-02488,Partner,123,0.2183
2025-05-21,West,Atlas,Hardware,2783.47,1680.91,1102.55,17,C-00410,Direct,107,0.2925
2025-05-21,West,Nova,Software,2637.15,1681.69,955.46,15,C-00102,Online,119,0.0452
2025-05-21,West,Pulse,Services,2785.81,1961.01,824.8,21,C-00310,Direct,108,0.0832
2025-05-22,North,Atlas,Hardware,1697.0,969.29,727.71,15,C-01604,Partner,124,0.0951
2025-05-22,North,Nova,Software,1901.61,1345.69,555.92,20,C-01328,Partner,143,0.1557
2025-05-22,North,Pulse,Services,1764.9,1044.83,720.07,15,C-01147,Direct,116,0.1164
2025-05-22,South,Atlas,Hardware,2367.68,1362.56,1005.12,16,C-00625,Partner,101,0.1456
2025-05-22,South,Nova,Software,2502.47,1431.64,1070.84,19,C-02425,Online,90,0.0084
2025-05-22,South,Pulse,Services,2427.85,1595.71,832.14,18,C-00673,Online,113,0.0537
2025-05-22,East,Atlas,Hardware,2510.24,1666.7,843.54,17,C-00608,Partner,128,0.1209
2025-05-22,East,Nova,Software,2451.7,1879.05,572.65,21,C-00136,Direct,177,0.0621
2025-05-22,East,Pulse,Services,2555.74,1615.07,940.68,21,C-01039,Online,143,0.1616
2025-05-22,West,Atlas,Hardware,2652.92,1693.19,959.73,16,C-00021,Direct,151,0.3116
2025-05-22,West,Nova,Software,2818.95,1751.31,1067.65,24,C-00762,Partner,82,0.1035
2025-05-22,West,Pulse,Services,2483.09,1606.54,876.55,14,C-00794,Partner,71,0.1556
2025-05-23,North,Atlas,Hardware,1960.79,974.69,986.1,16,C-02034,Direct,150,0.1574
2025-05-23,North,Nova,Software,1764.72,1097.58,667.13,18,C-00334,Online,79,0.1434
2025-05-23,North,Pulse,Services,1819.53,1397.88,421.65,17,C-00117,Partner,153,0.1437
2025-05-23,South,Atlas,Hardware,2623.39,1531.27,1092.12,13,C-00751,Online,123,0.148
2025-05-23,South,Nova,Software,2304.89,1738.9,565.99,16,C-01077,Partner,95,0.0995
2025-05-23,South,Pulse,Services,2308.63,1433.46,875.17,17,C-00161,Online,135,0.1078
2025-05-23,East,Atlas,Hardware,2303.21,1487.57,815.64,20,C-02214,Direct,173,0.1176
2025-05-23,East,Nova,Software,2429.79,1421.27,1008.52,16,C-01164,Direct,137,0.128
2025-05-23,East,Pulse,Services,2710.69,2043.32,667.37,20,C-01694,Direct,115,0.1126
2025-05-23,West,Atlas,Hardware,2677.49,1200.76,1476.73,14,C-01374,Partner,151,0.2653
2025-05-23,West,Nova,Software,2621.42,1773.93,847.49,18,C-02264,Direct,115,0.011
2025-05-23,West,Pulse,Services,2963.38,2072.01,891.37,23,C-00761,Online,146,0.024
2025-05-24,North,Atlas,Hardware,1852.24,1277.36,574.88,12,C-02321,Partner,140,0.123
2025-05-24,North,Nova,Software,1940.91,1337.1,603.8,16,C-02297,Online,105,0.1007
2025-05-24,North,Pulse,Services,1698.91,1090.36,608.55,16,C-01420,Online,87,0.1751
2025-05-24,South,Atlas,Hardware,2169.71,1426.09,743.62,15,C-02396,Partner,158,0.0993
2025-05-24,South,Nova,Software,2444.09,1684.59,759.51,20,C-01648,Direct,123,0.1154
2025-05-24,South,Pulse,Services,2345.94,1169.68,1176.26,16,C-00657,Direct,97,0.1284
2025-05-24,East,Atlas,Hardware,2733.92,1593.39,1140.53,18,C-02288,Online,137,0.1161
2025-05-24,East,Nova,Software,2468.8,1392.57,1076.22,13,C-00292,Direct,105,0.0645
2025-05-24,East,Pulse,Services,2512.47,1678.69,833.78,15,C-01306,Direct,115,0.1013
2025-05-24,West,Atlas,Hardware,2750.93,1936.91,814.03,17,C-00580,Direct,133,0.2674
2025-05-24,West,Nova,Software,2756.97,1857.03,899.94,17,C-02309,Direct,100,0.0477
2025-05-24,West,Pulse,Services,2403.78,1569.71,834.07,21,C-00773,Partner,129,0.1059
2025-05-25,North,Atlas,Hardware,1605.91,1073.37,532.54,17,C-00345,Partner,109,0.1038
2025-05-25,North,Nova,Software,1721.22,929.65,791.57,17,C-00162,Online,87,0.0803
2025-05-25,North,Pulse,Services,1638.88,973.66,665.22,21,C-01764,Direct,118,0.0485
2025-05-25,South,Atlas,Hardware,2345.87,1488.41,857.47,30,C-01911,Partner,125,0.1022
2025-05-25,South,Nova,Software,2423.36,1533.97,889.39,23,C-00508,Partner,105,0.1756
2025-05-25,South,Pulse,Services,2485.04,1849.37,635.67,14,C-02459,Direct,129,0.1672
2025-05-25,East,Atlas,Hardware,2308.41,1371.45,936.96,20,C-02304,Online,95,0.1416
2025-05-25,East,Nova,Software,2370.86,1323.95,1046.91,20,C-01109,Online,124,0.1461
2025-05-25,East,Pulse,Services,2371.73,1394.52,977.21,20,C-00165,Partner,135,0.1678
2025-05-25,West,Atlas,Hardware,2407.26,1440.01,967.24,14,C-00741,Partner,131,0.2745
2025-05-25,West,Nova,Software,2634.89,1599.75,1035.14,13,C-02385,Direct,120,0.144
2025-05-25,West,Pulse,Services,2670.66,1804.44,866.21,17,C-02152,Online,52,0.118
2025-05-26,North,Atlas,Hardware,1980.0,1204.21,775.79,13,C-02038,Direct,125,0.0678
2025-05-26,North,Nova,Software,1629.64,1057.6,572.04,15,C-01121,Online,117,0.09
2025-05-26,North,Pulse,Services,1916.06,1006.43,909.63,11,C-01112,Direct,104,0.0968
2025-05-26,South,Atlas,Hardware,2282.97,1465.4,817.57,20,C-00840,Online,144,0.0909
2025-05-26,South,Nova,Software,2337.39,1461.48,875.91,17,C-01206,Partner,130,0.1635
2025-05-26,South,Pulse,Services,2222.91,1289.13,933.78,10,C-00328,Partner,86,0.0515
2025-05-26,East,Atlas,Hardware,2629.11,1630.25,998.86,21,C-01348,Direct,169,0.0742
2025-05-26,East,Nova,Software,2449.65,1185.78,1263.87,21,C-01577,Online,113,0.1316
2025-05-26,East,Pulse,Services,2585.47,1599.47,986.0,25,C-00227,Direct,113,0.2065
2025-05-26,West,Atlas,Hardware,2542.75,1602.3,940.45,27,C-01712,Direct,93,0.2627
2025-05-26,West,Nova,Software,2580.32,1566.72,1013.59,9,C-02166,Partner,111,0.0712
2025-05-26,West,Pulse,Services,2665.9,1873.96,791.94,17,C-00137,Online,121,0.1139
2025-05-27,North,Atlas,Hardware,1628.85,1146.1,482.75,21,C-01545,Direct,108,0.1046
2025-05-27,North,Nova,Software,1775.96,1165.35,610.6,21,C-01546,Direct,99,0.1483
2025-05-27,North,Pulse,Services,1719.24,944.83,774.41,22,C-02128,Direct,137,0.1058
2025-05-27,South,Atlas,Hardware,2564.83,1859.99,704.83,15,C-00489,Online,133,0.0196
2025-05-27,South,Nova,Software,2366.27,1516.21,850.07,23,C-02232,Online,83,0.0791
2025-05-27,South,Pulse,Services,2140.43,1371.69,768.74,15,C-01244,Online,125,0.0877
2025-05-27,East,Atlas,Hardware,2765.39,1926.92,838.47,13,C-01052,Online,140,0.0699
2025-05-27,East,Nova,Software,2519.86,1775.45,744.4,21,C-02088,Partner,109,0.043
2025-05-27,East,Pulse,Services,2853.16,1606.26,1246.9,19,C-00409,Online,155,0.146
2025-05-27,West,Atlas,Hardware,2461.39,1511.83,949.56,18,C-02230,Direct,73,0.248
2025-05-27,West,Nova,Software,2509.57,1541.98,967.59,20,C-00785,Direct,120,0.1778
2025-05-27,West,Pulse,Services,2694.95,1898.35,796.6,20,C-01569,Online,138,0.1719
2025-05-28,North,Atlas,Hardware,1785.98,1160.65,625.33,18,C-01676,Partner,116,0.1934
2025-05-28,North,Nova,Software,1852.36,1251.62,600.74,20,C-01204,Direct,136,0.0609
2025-05-28,North,Pulse,Services,1889.97,1268.83,621.14,16,C-01593,Direct,113,0.1506
2025-05-28,South,Atlas,Hardware,2415.1,1014.34,1400.76,17,C-00779,Direct,147,0.0546
2025-05-28,South,Nova,Software,2422.65,1548.9,873.75,19,C-00810,Partner,106,0.1734
2025-05-28,South,Pulse,Services,2400.42,1606.26,794.16,15,C-00664,Online,90,0.0744
2025-05-28,East,Atlas,Hardware,2380.9,1559.49,821.41,17,C-01952,Partner,118,0.1193
2025-05-28,East,Nova,Software,2602.65,1912.04,690.61,17,C-00903,Online,145,0.1298
2025-05-28,East,Pulse,Services,2377.09,1419.09,958.0,14,C-00064,Direct,166,0.0918
2025-05-28,West,Atlas,Hardware,2743.2,1325.44,1417.76,19,C-00170,Partner,100,0.2379
2025-05-28,West,Nova,Software,2512.44,1652.82,859.62,23,C-00474,Online,78,0.0902
2025-05-28,West,Pulse,Services,2674.94,1600.16,1074.78,16,C-00371,Direct,128,0.1344
2025-05-29,North,Atlas,Hardware,1550.81,902.7,648.1,17,C-00122,Partner,96,0.1001
2025-05-29,North,Nova,Software,1623.28,1147.19,476.09,17,C-01361,Direct,66,0.1377
2025-05-29,North,Pulse,Services,1601.43,1015.79,585.63,26,C-02207,Online,124,0.1374
2025-05-29,South,Atlas,Hardware,2652.65,1829.98,822.67,24,C-01980,Direct,109,0.0733
2025-05-29,South,Nova,Software,2519.67,1784.63,735.05,16,C-01325,Online,122,0.0683
2025-05-29,South,Pulse,Services,2413.68,1609.22,804.46,16,C-02220,Online,99,0.1347
2025-05-29,East,Atlas,Hardware,2488.22,1613.31,874.91,26,C-02241,Online,114,0.151
2025-05-29,East,Nova,Software,2448.7,1382.52,1066.18,15,C-01678,Partner,202,0.0662
2025-05-29,East,Pulse,Services,2505.99,1771.32,734.67,12,C-01572,Direct,104,0.1844
2025-05-29,West,Atlas,Hardware,2641.38,1647.42,993.95,15,C-01876,Online,99,0.355
2025-05-29,West,Nova,Software,2622.72,1755.82,866.9,9,C-02125,Online,123,0.0977
2025-05-29,West,Pulse,Services,2505.35,1513.42,991.93,14,C-01020,Online,118,0.0851
2025-05-30,North,Atlas,Hardware,1648.59,859.77,788.82,21,C-01624,Partner,120,0.1025
2025-05-30,North,Nova,Software,1549.3,813.64,735.66,18,C-00898,Online,74,0.0736
2025-05-30,North,Pulse,Services,1912.5,1095.14,817.35,19,C-00624,Online,117,0.0993
2025-05-30,South,Atlas,Hardware,1871.35,1241.09,630.26,14,C-00337,Direct,98,0.0735
2025-05-30,South,Nova,Software,2529.31,1676.72,852.59,19,C-01496,Online,112,0.1435
2025-05-30,South,Pulse,Services,2273.29,1467.47,805.81,22,C-00963,Online,112,0.1384
2025-05-30,East,Atlas,Hardware,2689.94,1652.21,1037.73,18,C-00138,Online,103,0.1373
2025-05-30,East,Nova,Software,2437.3,1600.3,836.99,13,C-01175,Partner,75,0.0662
2025-05-30,East,Pulse,Services,2423.56,1690.68,732.89,18,C-00115,Partner,129,0.106
2025-05-30,West,Atlas,Hardware,2941.24,1541.85,1399.38,13,C-01934,Online,133,0.2831
2025-05-30,West,Nova,Software,2411.25,1764.28,646.96,17,C-02460,Online,149,0.1173
2025-05-30,West,Pulse,Services,2590.84,1673.13,917.71,13,C-02099,Direct,115,0.1217
2025-05-31,North,Atlas,Hardware,1750.87,963.72,787.15,19,C-00597,Online,140,0.1127
2025-05-31,North,Nova,Software,1796.84,1015.61,781.24,24,C-00212,Partner,116,0.0588
2025-05-31,North,Pulse,Services,1887.76,1120.12,767.64,15,C-01754,Partner,137,0.1201
2025-05-31,South,Atlas,Hardware,2143.97,1247.41,896.55,21,C-00296,Online,126,0.1692
2025-05-31,South,Nova,Software,2346.1,1648.57,697.53,26,C-00676,Online,130,0.0663
2025-05-31,South,Pulse,Services,2373.97,1883.17,490.8,20,C-01343,Partner,137,0.1485
2025-05-31,East,Atlas,Hardware,2575.41,1371.4,1204.0,13,C-00417,Online,83,0.1124
2025-05-31,East,Nova,Software,2626.82,1414.71,1212.11,16,C-02456,Direct,106,0.0961
2025-05-31,East,Pulse,Services,2554.05,2298.65,255.41,12,C-00343,Partner,190,0.0824
2025-05-31,West,Atlas,Hardware,2800.86,1648.05,1152.81,17,C-00254,Partner,124,0.2879
2025-05-31,West,Nova,Software,2498.89,1524.47,974.41,25,C-00887,Online,146,0.1292
2025-05-31,West,Pulse,Services,2621.74,1490.88,1130.86,24,C-02162,Direct,141,0.1519
2025-06-01,North,Atlas,Hardware,1735.19,1025.33,709.86,20,C-01186,Partner,105,0.1328
2025-06-01,North,Nova,Software,1642.45,1051.54,590.92,22,C-02456,Direct,103,0.1355
2025-06-01,North,Pulse,Services,1603.96,1285.29,318.67,17,C-01689,Online,112,0.051
2025-06-01,South,Atlas,Hardware,2689.57,1914.65,774.92,17,C-02195,Direct,156,0.0824
2025-06-01,South,Nova,Software,2483.83,1322.1,1161.74,18,C-00637,Direct,115,0.1509
2025-06-01,South,Pulse,Services,2510.13,1597.89,912.24,11,C-02028,Partner,125,0.0878
2025-06-01,East,Atlas,Hardware,2615.73,1602.24,1013.49,16,C-02284,Partner,173,0.0957
2025-06-01,East,Nova,Software,2544.91,1482.51,1062.4,19,C-00545,Online,146,0.0866
2025-06-01,East,Pulse,Services,2518.1,1663.77,854.33,16,C-00390,Online,141,0.1545
2025-06-01,West,Atlas,Hardware,2940.67,1730.41,1210.26,15,C-01440,Online,148,0.2925
2025-06-01,West,Nova,Software,2415.56,1496.56,919.0,18,C-01792,Direct,99,0.0494
2025-06-01,West,Pulse,Services,2688.91,1900.56,788.35,18,C-01197,Partner,99,0.0666
2025-06-02,North,Atlas,Hardware,1840.87,1103.65,737.22,18,C-02255,Partner,152,0.0455
2025-06-02,North,Nova,Software,1520.3,965.38,554.93,30,C-00881,Online,137,0.1562
2025-06-02,North,Pulse,Services,1674.74,1385.48,289.26,15,C-01795,Direct,121,0.1093
2025-06-02,South,Atlas,Hardware,2309.1,1669.01,640.08,14,C-02344,Direct,122,0.088
2025-06-02,South,Nova,Software,2292.69,1520.88,771.81,23,C-00780,Online,101,0.1066
2025-06-02,South,Pulse,Services,2348.03,1621.65,726.38,17,C-02280,Direct,124,0.1467
2025-06-02,East,Atlas,Hardware,2768.03,1941.55,826.48,24,C-01335,Partner,104,0.1111
2025-06-02,East,Nova,Software,2670.51,1400.91,1269.59,13,C-02403,Direct,120,0.1515
2025-06-02,East,Pulse,Services,2707.68,1576.58,1131.1,18,C-01335,Direct,111,0.1576
2025-06-02,West,Atlas,Hardware,2663.61,1533.36,1130.25,16,C-00056,Partner,139,0.3073
2025-06-02,West,Nova,Software,2779.2,1489.82,1289.38,16,C-01663,Partner,132,0.0931
2025-06-02,West,Pulse,Services,2596.4,1545.81,1050.59,22,C-01297,Online,164,0.1092
2025-06-03,North,Atlas,Hardware,1705.48,1095.78,609.7,23,C-01162,Partner,99,0.1191
2025-06-03,North,Nova,Software,1584.68,1028.69,555.99,11,C-02113,Online,152,0.0771
2025-06-03,North,Pulse,Services,1720.82,1154.51,566.31,18,C-00955,Online,50,0.0895
2025-06-03,South,Atlas,Hardware,2614.08,1941.09,672.99,15,C-02439,Online,83,0.0787
2025-06-03,South,Nova,Software,2388.3,1266.15,1122.14,13,C-02358,Partner,130,0.0726
2025-06-03,South,Pulse,Services,2405.94,1587.4,818.54,14,C-02199,Online,114,0.1074
2025-06-03,East,Atlas,Hardware,2636.04,1653.36,982.68,16,C-02069,Partner,104,0.0228
2025-06-03,East,Nova,Software,2462.43,1465.14,997.3,25,C-00337,Partner,107,0.0389
2025-06-03,East,Pulse,Services,2742.48,1782.91,959.57,16,C-00151,Direct,109,0.0979
2025-06-03,West,Atlas,Hardware,2631.86,1461.5,1170.36,15,C-00450,Direct,116,0.261
2025-06-03,West,Nova,Software,2713.7,1539.42,1174.27,16,C-02397,Partner,117,0.1467
2025-06-03,West,Pulse,Services,2640.7,1811.69,829.01,12,C-00961,Online,106,0.094
2025-06-04,North,Atlas,Hardware,1775.13,1364.93,410.2,16,C-00817,Partner,94,0.1856
2025-06-04,North,Nova,Software,1707.48,779.45,928.03,17,C-00186,Direct,162,0.1502
2025-06-04,North,Pulse,Services,1838.11,1249.69,588.42,18,C-02024,Online,103,0.1259
2025-06-04,South,Atlas,Hardware,2470.79,1745.57,725.21,12,C-01061,Online,159,0.1365
2025-06-04,South,Nova,Software,2585.49,1751.31,834.18,16,C-01417,Direct,158,0.1193
2025-06-04,South,Pulse,Services,2111.17,1454.54,656.64,22,C-02461,Direct,113,0.0801
2025-06-04,East,Atlas,Hardware,2693.16,1792.12,901.04,15,C-02417,Direct,122,0.0428
2025-06-04,East,Nova,Software,2484.33,1843.34,640.99,17,C-01685,Partner,128,0.1128
2025-06-04,East,Pulse,Services,2389.75,1490.64,899.1,12,C-02120,Online,104,0.198
2025-06-04,West,Atlas,Hardware,2725.64,1898.67,826.97,18,C-00904,Direct,105,0.3178
2025-06-04,West,Nova,Software,2855.22,1690.69,1164.53,19,C-01686,Online,101,0.0609
2025-06-04,West,Pulse,Services,2698.13,1521.59,1176.55,17,C-02113,Online,154,0.1652
2025-06-05,North,Atlas,Hardware,1732.4,1268.68,463.72,11,C-02336,Online,135,0.0784
2025-06-05,North,Nova,Software,1629.08,1037.41,591.67,18,C-00152,Online,97,0.0871
2025-06-05,North,Pulse,Services,1849.86,1035.38,814.49,24,C-00457,Partner,156,0.1572
2025-06-05,South,Atlas,Hardware,2302.85,1564.29,738.56,10,C-00471,Partner,120,0.0
2025-06-05,South,Nova,Software,2327.16,1256.51,1070.65,19,C-01734,Direct,144,0.1042
2025-06-05,South,Pulse,Services,2705.86,1558.88,1146.98,26,C-01321,Online,111,0.0952
2025-06-05,East,Atlas,Hardware,2420.29,1587.32,832.96,12,C-00035,Partner,103,0.0871
2025-06-05,East,Nova,Software,2570.0,1694.29,875.71,18,C-01040,Direct,141,0.1498
2025-06-05,East,Pulse,Services,2451.14,1530.59,920.56,15,C-02324,Direct,132,0.0537
2025-06-05,West,Atlas,Hardware,2618.11,1647.28,970.83,18,C-00961,Partner,102,0.2828
2025-06-05,West,Nova,Software,2674.96,1537.88,1137.08,16,C-01112,Online,126,0.1185
2025-06-05,West,Pulse,Services,2697.19,1819.23,877.96,15,C-02322,Partner,132,0.107
2025-06-06,North,Atlas,Hardware,1766.19,1091.92,674.27,25,C-01289,Partner,163,0.1233
2025-06-06,North,Nova,Software,1851.6,1042.68,808.92,12,C-00203,Online,109,0.0
2025-06-06,North,Pulse,Services,1788.49,1039.01,749.48,10,C-01061,Partner,130,0.1378
2025-06-06,South,Atlas,Hardware,2544.72,1613.51,931.21,11,C-01363,Partner,168,0.1158
2025-06-06,South,Nova,Software,2326.04,1464.65,861.39,24,C-01245,Partner,70,0.1045
2025-06-06,South,Pulse,Services,2372.24,1444.0,928.24,17,C-00461,Partner,125,0.0986
2025-06-06,East,Atlas,Hardware,2644.78,1510.11,1134.67,18,C-02132,Direct,101,0.1038
2025-06-06,East,Nova,Software,2453.82,1830.71,623.11,26,C-01879,Direct,113,0.0714
2025-06-06,East,Pulse,Services,2391.29,1506.93,884.36,20,C-00340,Partner,173,0.105
2025-06-06,West,Atlas,Hardware,2604.04,1635.52,968.52,13,C-00115,Partner,140,0.2424
2025-06-06,West,Nova,Software,2766.27,1624.98,1141.28,20,C-01911,Partner,114,0.1397
2025-06-06,West,Pulse,Services,2571.63,1640.11,931.52,22,C-01574,Partner,87,0.0862
2025-06-07,North,Atlas,Hardware,1799.15,1196.99,602.16,17,C-01903,Partner,130,0.1219
2025-06-07,North,Nova,Software,1875.34,1127.49,747.85,18,C-01650,Direct,130,0.0877
2025-06-07,North,Pulse,Services,1701.77,1088.56,613.21,17,C-01954,Online,127,0.165
2025-06-07,South,Atlas,Hardware,2489.73,1471.93,1017.8,19,C-01958,Partner,96,0.0851
2025-06-07,South,Nova,Software,2381.41,1447.27,934.14,8,C-02284,Online,146,0.1308
2025-06-07,South,Pulse,Services,2342.26,1680.77,661.5,13,C-00646,Partner,158,0.1329
2025-06-07,East,Atlas,Hardware,2387.64,1400.59,987.05,19,C-01956,Partner,86,0.1244
2025-06-07,East,Nova,Software,2736.61,2241.28,495.34,9,C-01441,Partner,121,0.059
2025-06-07,East,Pulse,Services,2697.34,1799.59,897.75,10,C-02406,Direct,109,0.0784
2025-06-07,West,Atlas,Hardware,2848.64,1776.82,1071.83,26,C-01355,Online,142,0.3482
2025-06-07,West,Nova,Software,2620.59,1846.62,773.98,16,C-02152,Partner,116,0.0584
2025-06-07,West,Pulse,Services,2578.62,1805.11,773.51,11,C-01964,Direct,160,0.0993
2025-06-08,North,Atlas,Hardware,1613.61,1111.48,502.13,14,C-00572,Online,97,0.1463
2025-06-08,North,Nova,Software,1823.47,1056.72,766.75,18,C-01106,Online,105,0.1396
2025-06-08,North,Pulse,Services,1670.84,896.69,774.14,14,C-00316,Partner,104,0.0893
2025-06-08,South,Atlas,Hardware,2414.36,1482.51,931.85,16,C-01837,Direct,137,0.1025
2025-06-08,South,Nova,Software,2370.43,1598.81,771.63,21,C-02173,Direct,106,0.0534
2025-06-08,South,Pulse,Services,2661.07,1459.86,1201.21,13,C-00909,Online,109,0.0709
2025-06-08,East,Atlas,Hardware,2644.93,1550.75,1094.18,14,C-01016,Partner,100,0.0903
2025-06-08,East,Nova,Software,2303.89,1432.06,871.83,21,C-00851,Online,136,0.1446
2025-06-08,East,Pulse,Services,2376.89,1622.41,754.48,19,C-00933,Partner,101,0.0718
2025-06-08,West,Atlas,Hardware,2697.22,2047.44,649.78,17,C-02298,Online,118,0.2268
2025-06-08,West,Nova,Software,2926.18,1955.04,971.15,21,C-01566,Online,138,0.0608
2025-06-08,West,Pulse,Services,2651.98,1427.99,1223.99,20,C-01741,Online,100,0.0672
2025-06-09,North,Atlas,Hardware,1743.23,1139.83,603.4,19,C-00626,Online,132,0.1604
2025-06-09,North,Nova,Software,2025.77,1121.95,903.82,18,C-01494,Partner,118,0.0904
2025-06-09,North,Pulse,Services,1794.46,1060.36,734.11,21,C-00671,Online,104,0.0453
2025-06-09,South,Atlas,Hardware,2469.85,1445.28,1024.57,24,C-00843,Direct,141,0.0533
2025-06-09,South,Nova,Software,2357.49,1696.95,660.54,20,C-00680,Direct,125,0.1017
2025-06-09,South,Pulse,Services,2276.4,1309.84,966.56,20,C-01330,Partner,129,0.1006
2025-06-09,East,Atlas,Hardware,2695.17,1679.51,1015.66,19,C-00114,Partner,106,0.0336
2025-06-09,East,Nova,Software,2666.95,1844.0,822.96,25,C-00903,Partner,114,0.1112
2025-06-09,East,Pulse,Services,2504.49,1494.27,1010.22,13,C-00746,Online,131,0.081
2025-06-09,West,Atlas,Hardware,2531.49,1659.47,872.03,23,C-01845,Partner,141,0.2787
2025-06-09,West,Nova,Software,2813.88,2082.24,731.64,24,C-00895,Direct,116,0.0516
2025-06-09,West,Pulse,Services,2296.49,1452.04,844.45,15,C-01243,Partner,147,0.0579
2025-06-10,North,Atlas,Hardware,1659.61,1000.48,659.13,16,C-01463,Direct,138,0.1366
2025-06-10,North,Nova,Software,1747.66,1033.44,714.22,14,C-01401,Online,122,0.0988
2025-06-10,North,Pulse,Services,1840.93,1162.94,677.99,18,C-01810,Partner,124,0.0911
2025-06-10,South,Atlas,Hardware,2302.06,1363.54,938.52,19,C-02045,Partner,125,0.0558
2025-06-10,South,Nova,Software,2276.48,1444.53,831.95,13,C-02335,Direct,121,0.1272
2025-06-10,South,Pulse,Services,2309.92,1499.23,810.69,16,C-00863,Online,144,0.0625
2025-06-10,East,Atlas,Hardware,2730.78,1404.37,1326.41,17,C-01488,Partner,142,0.0268
2025-06-10,East,Nova,Software,2448.87,1489.36,959.52,19,C-01620,Online,157,0.0718
2025-06-10,East,Pulse,Services,2507.69,1440.31,1067.38,24,C-01612,Direct,73,0.0888
2025-06-10,West,Atlas,Hardware,2551.95,1443.29,1108.66,8,C-00670,Direct,151,0.2106
2025-06-10,West,Nova,Software,2843.84,2045.99,797.85,14,C-00784,Online,100,0.1228
2025-06-10,West,Pulse,Services,2883.12,1665.04,1218.08,20,C-00576,Online,104,0.1101
2025-06-11,North,Atlas,Hardware,1780.75,1136.27,644.48,18,C-00060,Online,152,0.1265
2025-06-11,North,Nova,Software,1647.73,1027.16,620.57,18,C-01311,Online,163,0.0866
2025-06-11,North,Pulse,Services,1843.02,1391.57,451.45,17,C-00800,Direct,143,0.1632
2025-06-11,South,Atlas,Hardware,2331.1,1725.03,606.07,25,C-00263,Direct,121,0.0898
2025-06-11,South,Nova,Software,2518.25,1426.16,1092.09,19,C-02353,Online,89,0.1714
2025-06-11,South,Pulse,Services,2143.05,1249.46,893.6,15,C-02314,Partner,129,0.0506
2025-06-11,East,Atlas,Hardware,2556.52,1516.17,1040.35,17,C-02390,Online,98,0.1866
2025-06-11,East,Nova,Software,2467.9,1608.34,859.56,21,C-02074,Online,108,0.033
2025-06-11,East,Pulse,Services,2763.65,2048.27,715.38,13,C-02004,Direct,86,0.0804
2025-06-11,West,Atlas,Hardware,2464.9,1782.49,682.41,13,C-01778,Partner,100,0.3497
2025-06-11,West,Nova,Software,2576.87,1556.16,1020.71,21,C-00808,Direct,134,0.0838
2025-06-11,West,Pulse,Services,2486.51,1512.55,973.96,15,C-02364,Partner,113,0.0685
2025-06-12,North,Atlas,Hardware,1695.55,1159.88,535.67,18,C-00827,Direct,131,0.0046
2025-06-12,North,Nova,Software,1811.98,1120.05,691.93,17,C-02209,Direct,70,0.0721
2025-06-12,North,Pulse,Services,1613.27,777.73,835.54,13,C-00519,Online,90,0.1389
2025-06-12,South,Atlas,Hardware,2463.96,1751.31,712.65,21,C-01824,Partner,118,0.1071
2025-06-12,South,Nova,Software,2431.17,1664.83,766.34,27,C-02213,Direct,128,0.1855
2025-06-12,South,Pulse,Services,2254.56,1318.99,935.57,18,C-01250,Direct,132,0.1383
2025-06-12,East,Atlas,Hardware,2374.66,1534.2,840.46,17,C-01801,Partner,108,0.0602
2025-06-12,East,Nova,Software,2488.22,1741.05,747.17,20,C-01868,Partner,98,0.111
2025-06-12,East,Pulse,Services,2481.1,1561.97,919.13,18,C-00102,Online,85,0.0816
2025-06-12,West,Atlas,Hardware,2696.34,1721.92,974.42,11,C-01049,Partner,134,0.3656
2025-06-12,West,Nova,Software,2487.21,1635.35,851.86,19,C-02069,Direct,135,0.1453
2025-06-12,West,Pulse,Services,2509.8,1696.34,813.46,23,C-01188,Partner,121,0.1438
2025-06-13,North,Atlas,Hardware,1815.78,995.11,820.67,18,C-02170,Direct,104,0.1959
2025-06-13,North,Nova,Software,1574.42,1078.97,495.45,21,C-02184,Partner,93,0.0648
2025-06-13,North,Pulse,Services,1544.58,1025.8,518.78,22,C-00901,Partner,129,0.0724
2025-06-13,South,Atlas,Hardware,2544.01,1763.64,780.37,23,C-01548,Direct,81,0.065
2025-06-13,South,Nova,Software,2607.92,1916.5,691.42,14,C-02311,Online,109,0.1183
2025-06-13,South,Pulse,Services,2322.51,1438.9,883.61,16,C-01536,Direct,114,0.1382
2025-06-13,East,Atlas,Hardware,2196.9,1228.25,968.66,17,C-00983,Online,156,0.1333
2025-06-13,East,Nova,Software,2878.43,1431.98,1446.44,22,C-02276,Direct,154,0.1316
2025-06-13,East,Pulse,Services,2614.81,2067.88,546.93,16,C-01821,Online,140,0.1418
2025-06-13,West,Atlas,Hardware,2625.53,1793.49,832.03,19,C-01663,Online,157,0.3178
2025-06-13,West,Nova,Software,2430.1,1521.74,908.35,19,C-00817,Online,118,0.113
2025-06-13,West,Pulse,Services,2834.11,1896.88,937.23,19,C-00036,Partner,127,0.147
2025-06-14,North,Atlas,Hardware,1802.44,1121.49,680.95,22,C-01277,Partner,113,0.1289
2025-06-14,North,Nova,Software,1861.74,1174.19,687.56,18,C-00353,Direct,128,0.0668
2025-06-14,North,Pulse,Services,1655.63,1011.96,643.67,18,C-00141,Direct,106,0.1021
2025-06-14,South,Atlas,Hardware,2452.96,1644.28,808.68,17,C-00823,Partner,103,0.0303
2025-06-14,South,Nova,Software,2242.82,1338.62,904.21,18,C-01510,Partner,151,0.0785
2025-06-14,South,Pulse,Services,2213.58,1689.01,524.57,16,C-00406,Partner,156,0.2073
2025-06-14,East,Atlas,Hardware,2413.33,1432.95,980.38,13,C-01720,Partner,135,0.0968
2025-06-14,East,Nova,Software,2441.39,1291.99,1149.4,21,C-00113,Online,134,0.1714
2025-06-14,East,Pulse,Services,2543.88,1456.28,1087.61,20,C-01687,Online,62,0.1467
2025-06-14,West,Atlas,Hardware,2544.36,1510.15,1034.22,16,C-01465,Direct,96,0.2916
2025-06-14,West,Nova,Software,2496.37,1566.75,929.62,20,C-00040,Online,112,0.1552
2025-06-14,West,Pulse,Services,2661.94,1873.03,788.9,16,C-00963,Direct,104,0.1882
2025-06-15,North,Atlas,Hardware,1721.7,1243.06,478.63,15,C-00476,Partner,123,0.1601
2025-06-15,North,Nova,Software,1664.92,949.7,715.22,15,C-01291,Partner,101,0.099
2025-06-15,North,Pulse,Services,1707.49,1023.9,683.59,28,C-02368,Online,101,0.1689
2025-06-15,South,Atlas,Hardware,1999.51,1329.13,670.38,17,C-01042,Direct,144,0.1507
2025-06-15,South,Nova,Software,2296.27,1339.1,957.17,20,C-01848,Online,109,0.0503
2025-06-15,South,Pulse,Services,2457.71,1673.9,783.81,16,C-00432,Partner,119,0.1035
2025-06-15,East,Atlas,Hardware,2752.57,1794.96,957.61,12,C-01679,Partner,121,0.0932
2025-06-15,East,Nova,Software,2321.58,1238.61,1082.97,18,C-00463,Online,147,0.2012
2025-06-15,East,Pulse,Services,2522.89,1542.42,980.47,23,C-01815,Direct,108,0.1639
2025-06-15,West,Atlas,Hardware,2531.29,1315.15,1216.14,22,C-00148,Partner,131,0.2745
2025-06-15,West,Nova,Software,2651.56,1487.49,1164.07,19,C-00989,Partner,128,0.1412
2025-06-15,West,Pulse,Services,2571.61,1456.26,1115.35,9,C-01643,Online,108,0.0815
2025-06-16,North,Atlas,Hardware,1663.3,865.78,797.53,10,C-00327,Online,101,0.1371
2025-06-16,North,Nova,Software,1709.9,1068.6,641.3,22,C-02031,Partner,85,0.0731
2025-06-16,North,Pulse,Services,1762.68,853.57,909.11,11,C-00569,Partner,92,0.0124
2025-06-16,South,Atlas,Hardware,2310.59,1429.4,881.19,22,C-00484,Partner,140,0.1733
2025-06-16,South,Nova,Software,2475.09,1276.75,1198.34,12,C-01247,Online,100,0.1169
2025-06-16,South,Pulse,Services,2315.61,1738.11,577.5,13,C-01810,Partner,124,0.0702
2025-06-16,East,Atlas,Hardware,2613.66,1699.58,914.09,18,C-01810,Online,121,0.156
2025-06-16,East,Nova,Software,2754.57,1706.97,1047.6,16,C-00859,Partner,109,0.0699
2025-06-16,East,Pulse,Services,2652.12,2001.28,650.84,21,C-00990,Online,139,0.1098
2025-06-16,West,Atlas,Hardware,2534.62,1960.44,574.18,17,C-02489,Online,110,0.3192
2025-06-16,West,Nova,Software,2639.64,1878.52,761.12,11,C-00533,Online,67,0.1517
2025-06-16,West,Pulse,Services,2664.51,1926.34,738.18,22,C-02003,Partner,87,0.059
2025-06-17,North,Atlas,Hardware,1675.09,1023.96,651.12,20,C-02429,Partner,130,0.1586
2025-06-17,North,Nova,Software,1708.79,1038.17,670.62,14,C-01693,Online,85,0.1412
2025-06-17,North,Pulse,Services,1732.33,1033.44,698.89,22,C-00239,Partner,143,0.1243
2025-06-17,South,Atlas,Hardware,2294.61,1299.7,994.91,18,C-00061,Online,132,0.0128
2025-06-17,South,Nova,Software,2226.74,1396.85,829.88,22,C-02385,Direct,140,0.0783
2025-06-17,South,Pulse,Services,2170.34,1362.45,807.89,14,C-01360,Direct,140,0.0461
2025-06-17,East,Atlas,Hardware,2325.57,1499.15,826.42,17,C-00965,Partner,96,0.01
2025-06-17,East,Nova,Software,2807.0,1900.6,906.41,27,C-00893,Online,175,0.1108
2025-06-17,East,Pulse,Services,2283.63,1537.13,746.5,16,C-01455,Direct,131,0.0446
2025-06-17,West,Atlas,Hardware,2680.61,1622.05,1058.56,8,C-01960,Direct,149,0.295
2025-06-17,West,Nova,Software,2439.68,1635.12,804.56,18,C-01552,Online,97,0.0884
2025-06-17,West,Pulse,Services,2757.25,1824.12,933.13,19,C-00464,Direct,87,0.0959
2025-06-18,North,Atlas,Hardware,1495.91,927.67,568.23,17,C-01049,Partner,107,0.082
2025-06-18,North,Nova,Software,1819.51,1260.87,558.64,26,C-02376,Online,156,0.139
2025-06-18,North,Pulse,Services,1535.69,878.02,657.68,15,C-00834,Partner,139,0.124
2025-06-18,South,Atlas,Hardware,2377.66,1514.68,862.98,14,C-01635,Direct,179,0.097
2025-06-18,South,Nova,Software,2270.81,1404.17,866.64,14,C-01118,Online,113,0.1474
2025-06-18,South,Pulse,Services,2378.19,1645.97,732.22,12,C-02119,Online,97,0.079
2025-06-18,East,Atlas,Hardware,2449.39,2188.91,260.48,24,C-00231,Direct,128,0.1099
2025-06-18,East,Nova,Software,2630.81,1843.88,786.94,16,C-01772,Direct,100,0.0327
2025-06-18,East,Pulse,Services,2759.62,1530.36,1229.26,11,C-01352,Partner,119,0.1055
2025-06-18,West,Atlas,Hardware,2427.9,1604.65,823.25,23,C-02005,Partner,115,0.2982
2025-06-18,West,Nova,Software,2720.63,1546.47,1174.15,22,C-01817,Online,117,0.1356
2025-06-18,West,Pulse,Services,2488.23,1616.53,871.7,27,C-01921,Partner,151,0.1029
2025-06-19,North,Atlas,Hardware,1916.09,1070.62,845.46,22,C-01796,Direct,78,0.0889
2025-06-19,North,Nova,Software,1736.66,1151.41,585.25,13,C-00182,Online,77,0.1037
2025-06-19,North,Pulse,Services,1386.45,851.38,535.07,18,C-01135,Direct,115,0.1081
2025-06-19,South,Atlas,Hardware,2166.62,1220.18,946.45,20,C-01217,Online,114,0.1114
2025-06-19,South,Nova,Software,2333.95,1415.09,918.86,21,C-00847,Partner,125,0.1228
2025-06-19,South,Pulse,Services,2413.45,1766.63,646.82,15,C-00942,Partner,121,0.0654
2025-06-19,East,Atlas,Hardware,2315.06,1349.71,965.34,16,C-01365,Direct,148,0.0834
2025-06-19,East,Nova,Software,2226.58,1609.89,616.69,12,C-00165,Online,133,0.063
2025-06-19,East,Pulse,Services,2351.14,1587.42,763.72,19,C-01989,Online,139,0.1266
2025-06-19,West,Atlas,Hardware,2587.07,1568.71,1018.35,17,C-01472,Partner,145,0.3462
2025-06-19,West,Nova,Software,2605.5,1773.37,832.13,13,C-00727,Direct,71,0.0413
2025-06-19,West,Pulse,Services,2737.15,1656.09,1081.06,14,C-01111,Partner,107,0.1742
2025-06-20,North,Atlas,Hardware,1691.93,1138.31,553.62,10,C-02130,Partner,129,0.1199
2025-06-20,North,Nova,Software,1882.02,1237.78,644.24,23,C-00252,Direct,104,0.1289
2025-06-20,North,Pulse,Services,1646.48,1263.68,382.8,13,C-00321,Partner,109,0.0695
2025-06-20,South,Atlas,Hardware,2077.66,1246.85,830.81,14,C-01108,Partner,138,0.0653
2025-06-20,South,Nova,Software,2283.43,1391.14,892.29,22,C-01751,Partner,130,0.1747
2025-06-20,South,Pulse,Services,2601.76,1882.93,718.83,25,C-00926,Online,106,0.1394
2025-06-20,East,Atlas,Hardware,2539.75,1692.76,846.99,14,C-02058,Partner,143,0.0581
2025-06-20,East,Nova,Software,2771.64,1600.07,1171.57,17,C-01679,Online,179,0.1222
2025-06-20,East,Pulse,Services,2469.51,1663.62,805.89,22,C-00215,Direct,116,0.1236
2025-06-20,West,Atlas,Hardware,2412.13,1922.62,489.51,18,C-00428,Partner,135,0.3146
2025-06-20,West,Nova,Software,2532.36,1495.27,1037.1,18,C-00831,Direct,166,0.0982
2025-06-20,West,Pulse,Services,2613.87,1711.32,902.55,19,C-00812,Direct,122,0.1291
2025-06-21,North,Atlas,Hardware,1792.09,1143.76,648.33,22,C-02310,Online,136,0.1269
2025-06-21,North,Nova,Software,1875.24,1245.24,629.99,13,C-01923,Partner,139,0.1738
2025-06-21,North,Pulse,Services,1876.48,1154.19,722.29,20,C-00206,Partner,102,0.1569
2025-06-21,South,Atlas,Hardware,2426.94,1560.26,866.69,19,C-01815,Direct,161,0.0
2025-06-21,South,Nova,Software,2269.18,1443.27,825.91,15,C-01578,Partner,144,0.2015
2025-06-21,South,Pulse,Services,2579.75,1611.12,968.63,16,C-02041,Online,117,0.1017
2025-06-21,East,Atlas,Hardware,2422.81,1373.57,1049.24,20,C-00261,Direct,125,0.0782
2025-06-21,East,Nova,Software,2412.15,1137.67,1274.48,19,C-01015,Partner,118,0.0742
2025-06-21,East,Pulse,Services,2337.92,1383.19,954.74,10,C-00390,Direct,151,0.1211
2025-06-21,West,Atlas,Hardware,2542.12,1511.5,1030.62,12,C-01633,Partner,98,0.2963
2025-06-21,West,Nova,Software,2604.4,1500.94,1103.46,14,C-02400,Partner,115,0.0196
2025-06-21,West,Pulse,Services,2622.51,1477.78,1144.73,20,C-00825,Partner,79,0.0989
2025-06-22,North,Atlas,Hardware,1727.14,1060.55,666.59,12,C-01306,Partner,167,0.1071
2025-06-22,North,Nova,Software,1712.43,1134.85,577.58,16,C-02325,Direct,139,0.0186
2025-06-22,North,Pulse,Services,1672.07,1388.5,283.57,11,C-01195,Online,111,0.1491
2025-06-22,South,Atlas,Hardware,2219.42,1665.34,554.09,13,C-01581,Direct,97,0.0962
2025-06-22,South,Nova,Software,2503.69,1382.24,1121.45,20,C-01696,Partner,98,0.0884
2025-06-22,South,Pulse,Services,2572.05,1555.31,1016.74,16,C-00831,Online,134,0.1163
2025-06-22,East,Atlas,Hardware,2351.99,1557.01,794.99,28,C-01075,Partner,96,0.1102
2025-06-22,East,Nova,Software,2388.18,1435.13,953.04,16,C-01196,Online,123,0.1211
2025-06-22,East,Pulse,Services,2521.18,1947.58,573.6,22,C-00634,Online,159,0.1459
2025-06-22,West,Atlas,Hardware,2552.07,1689.02,863.05,19,C-01328,Partner,154,0.3395
2025-06-22,West,Nova,Software,2496.9,1457.51,1039.4,20,C-02048,Online,178,0.1324
2025-06-22,West,Pulse,Services,2396.23,1552.64,843.59,21,C-00876,Direct,159,0.0695
2025-06-23,North,Atlas,Hardware,1549.97,874.05,675.92,17,C-00599,Online,102,0.1657
2025-06-23,North,Nova,Software,1642.54,1078.23,564.31,14,C-00549,Online,56,0.0683
2025-06-23,North,Pulse,Services,1723.68,1193.05,530.63,15,C-01699,Direct,112,0.1437
2025-06-23,South,Atlas,Hardware,2380.24,1678.41,701.83,18,C-00624,Partner,157,0.1586
2025-06-23,South,Nova,Software,1938.98,1437.54,501.43,26,C-01497,Direct,128,0.1742
2025-06-23,South,Pulse,Services,2509.03,1571.07,937.96,20,C-01589,Partner,149,0.0434
2025-06-23,East,Atlas,Hardware,2660.37,1406.84,1253.53,19,C-01292,Direct,118,0.0686
2025-06-23,East,Nova,Software,2398.72,1626.8,771.92,18,C-02213,Online,141,0.1303
2025-06-23,East,Pulse,Services,2368.43,1637.02,731.41,14,C-01361,Direct,110,0.1285
2025-06-23,West,Atlas,Hardware,3077.46,1742.55,1334.91,15,C-01684,Direct,131,0.2548
2025-06-23,West,Nova,Software,2372.4,1683.71,688.7,8,C-00794,Direct,87,0.0874
2025-06-23,West,Pulse,Services,2731.03,1694.78,1036.25,13,C-00295,Partner,118,0.1663
2025-06-24,North,Atlas,Hardware,1805.27,1239.39,565.88,12,C-00280,Online,75,0.1089
2025-06-24,North,Nova,Software,1530.05,1060.95,469.1,13,C-01564,Online,155,0.0951
2025-06-24,North,Pulse,Services,1646.75,954.59,692.16,10,C-00888,Partner,152,0.0947
2025-06-24,South,Atlas,Hardware,2390.72,1402.46,988.26,25,C-02467,Direct,130,0.131
2025-06-24,South,Nova,Software,2324.69,1608.16,716.54,17,C-00290,Partner,144,0.1433
2025-06-24,South,Pulse,Services,2091.88,1306.42,785.46,13,C-00602,Partner,123,0.0844
2025-06-24,East,Atlas,Hardware,2275.63,1446.03,829.6,24,C-00157,Partner,87,0.0936
2025-06-24,East,Nova,Software,2600.7,1686.66,914.04,17,C-02301,Direct,121,0.1389
2025-06-24,East,Pulse,Services,2913.01,1790.49,1122.52,13,C-02459,Direct,83,0.1507
2025-06-24,West,Atlas,Hardware,2648.48,1959.44,689.04,21,C-02015,Direct,69,0.2215
2025-06-24,West,Nova,Software,2449.19,1626.67,822.53,12,C-00250,Direct,102,0.231
2025-06-24,West,Pulse,Services,2470.87,1709.27,761.6,20,C-01973,Online,172,0.1354
2025-06-25,North,Atlas,Hardware,1751.24,1252.15,499.1,18,C-00337,Partner,132,0.2015
2025-06-25,North,Nova,Software,1617.2,1013.68,603.52,19,C-01846,Online,135,0.0918
2025-06-25,North,Pulse,Services,1607.57,1086.22,521.35,25,C-00052,Online,130,0.0133
2025-06-25,South,Atlas,Hardware,2360.22,1530.46,829.76,24,C-00010,Online,132,0.1274
2025-06-25,South,Nova,Software,2407.92,1654.07,753.85,17,C-00432,Online,130,0.1119
2025-06-25,South,Pulse,Services,2461.73,1455.33,1006.4,24,C-00800,Partner,136,0.0701
2025-06-25,East,Atlas,Hardware,2664.85,1541.96,1122.88,17,C-02297,Online,73,0.0359
2025-06-25,East,Nova,Software,2436.37,1562.61,873.76,20,C-01023,Direct,80,0.1116
2025-06-25,East,Pulse,Services,2591.21,1741.05,850.15,9,C-01621,Partner,136,0.1426
2025-06-25,West,Atlas,Hardware,2449.89,1671.0,778.89,8,C-02374,Partner,120,0.3016
2025-06-25,West,Nova,Software,2608.74,1589.85,1018.9,13,C-02326,Partner,101,0.1021
2025-06-25,West,Pulse,Services,2466.51,1490.57,975.94,16,C-01105,Online,119,0.0968
2025-06-26,North,Atlas,Hardware,1749.32,1285.45,463.87,20,C-00308,Online,106,0.1364
2025-06-26,North,Nova,Software,1714.09,1033.56,680.53,13,C-00675,Online,124,0.1135
2025-06-26,North,Pulse,Services,1851.35,1372.08,479.27,24,C-01918,Online,124,0.0822
2025-06-26,South,Atlas,Hardware,2462.61,1548.32,914.29,14,C-01754,Partner,140,0.0911
2025-06-26,South,Nova,Software,2223.78,1245.12,978.66,17,C-02073,Direct,138,0.2153
2025-06-26,South,Pulse,Services,2301.39,1565.63,735.77,21,C-00684,Online,94,0.0722
2025-06-26,East,Atlas,Hardware,2555.22,1917.02,638.2,19,C-01636,Direct,149,0.0833
2025-06-26,East,Nova,Software,2562.87,1678.94,883.92,22,C-00128,Partner,69,0.136
2025-06-26,East,Pulse,Services,2508.08,1282.7,1225.39,20,C-00044,Direct,95,0.1779
2025-06-26,West,Atlas,Hardware,2679.29,1925.11,754.19,18,C-01314,Partner,133,0.2679
2025-06-26,West,Nova,Software,2798.46,1588.1,1210.36,14,C-00014,Online,154,0.0681
2025-06-26,West,Pulse,Services,2675.73,1748.87,926.86,17,C-00438,Partner,162,0.1002
2025-06-27,North,Atlas,Hardware,1771.62,1122.42,649.19,23,C-00757,Direct,114,0.1198
2025-06-27,North,Nova,Software,1788.65,1032.34,756.3,20,C-01360,Partner,121,0.1541
2025-06-27,North,Pulse,Services,1698.01,1055.68,642.33,17,C-00320,Online,162,0.1771
2025-06-27,South,Atlas,Hardware,2472.02,1556.31,915.72,21,C-00084,Online,120,0.1892
2025-06-27,South,Nova,Software,2274.48,1438.12,836.36,21,C-02311,Partner,128,0.1036
2025-06-27,South,Pulse,Services,2306.32,1444.26,862.06,23,C-01117,Partner,131,0.0752
2025-06-27,East,Atlas,Hardware,2471.83,1631.3,840.53,20,C-00979,Partner,103,0.0538
2025-06-27,East,Nova,Software,2509.17,1781.35,727.82,19,C-02179,Direct,45,0.1644
2025-06-27,East,Pulse,Services,2694.83,1781.8,913.04,24,C-00700,Online,113,0.1306
2025-06-27,West,Atlas,Hardware,2501.21,1772.35,728.85,16,C-01491,Online,105,0.2492
2025-06-27,West,Nova,Software,2350.01,1218.37,1131.64,14,C-02050,Online,113,0.0508
2025-06-27,West,Pulse,Services,2683.67,2008.7,674.97,18,C-00870,Direct,103,0.1625
2025-06-28,North,Atlas,Hardware,1503.62,968.75,534.87,22,C-02151,Online,157,0.1044
2025-06-28,North,Nova,Software,1773.26,1194.83,578.43,12,C-01349,Online,142,0.0732
2025-06-28,North,Pulse,Services,1580.94,1038.51,542.42,21,C-00384,Online,171,0.1042
2025-06-28,South,Atlas,Hardware,2415.38,1661.46,753.92,25,C-01498,Online,168,0.0534
2025-06-28,South,Nova,Software,2406.47,1452.53,953.94,13,C-01513,Direct,106,0.1122
2025-06-28,South,Pulse,Services,2442.97,1603.34,839.63,13,C-01552,Online,102,0.1048
2025-06-28,East,Atlas,Hardware,2490.91,1677.71,813.2,18,C-01602,Online,84,0.1318
2025-06-28,East,Nova,Software,2294.84,1590.4,704.43,20,C-00396,Partner,118,0.1027
2025-06-28,East,Pulse,Services,2600.06,1667.6,932.46,19,C-01784,Online,119,0.0509
2025-06-28,West,Atlas,Hardware,2771.36,1475.15,1296.2,23,C-02041,Online,95,0.2816
2025-06-28,West,Nova,Software,2530.99,1846.5,684.49,24,C-02306,Online,129,0.1578
2025-06-28,West,Pulse,Services,2639.68,2116.72,522.96,22,C-00143,Partner,142,0.1471
2025-06-29,North,Atlas,Hardware,1796.98,1199.81,597.17,20,C-02008,Online,162,0.0452
2025-06-29,North,Nova,Software,1819.54,1085.15,734.39,27,C-00259,Partner,105,0.1396
2025-06-29,North,Pulse,Services,1567.84,1074.54,493.3,18,C-01375,Direct,128,0.0658
2025-06-29,South,Atlas,Hardware,2188.71,1695.26,493.44,19,C-02150,Direct,126,0.0705
2025-06-29,South,Nova,Software,2295.04,1645.62,649.43,13,C-02383,Direct,122,0.1003
2025-06-29,South,Pulse,Services,2316.11,1650.65,665.46,24,C-01888,Online,75,0.1325
2025-06-29,East,Atlas,Hardware,2475.65,1740.33,735.32,18,C-02345,Online,99,0.1401
2025-06-29,East,Nova,Software,2377.0,1568.46,808.53,12,C-00989,Partner,105,0.1112
2025-06-29,East,Pulse,Services,2260.63,1464.01,796.62,18,C-02380,Online,77,0.1716
2025-06-29,West,Atlas,Hardware,2386.05,1535.92,850.12,22,C-01577,Online,123,0.2723
2025-06-29,West,Nova,Software,2487.03,1700.77,786.26,22,C-01538,Partner,168,0.1201
2025-06-29,West,Pulse,Services,2692.8,1998.87,693.93,14,C-00018,Direct,102,0.099
2025-06-30,North,Atlas,Hardware,1767.65,1163.97,603.69,19,C-00589,Partner,139,0.12
2025-06-30,North,Nova,Software,1564.53,1065.1,499.43,21,C-02054,Partner,62,0.114
2025-06-30,North,Pulse,Services,1695.97,1313.0,382.98,19,C-01716,Online,113,0.0925
2025-06-30,South,Atlas,Hardware,2309.5,1459.11,850.39,24,C-00499,Online,137,0.0813
2025-06-30,South,Nova,Software,2394.8,1585.19,809.61,20,C-02323,Online,141,0.0889
2025-06-30,South,Pulse,Services,2395.36,1357.7,1037.66,19,C-01871,Online,60,0.0898
2025-06-30,East,Atlas,Hardware,2638.21,1746.56,891.65,23,C-01115,Online,112,0.1027
2025-06-30,East,Nova,Software,2419.83,1664.02,755.81,13,C-01184,Online,121,0.0566
2025-06-30,East,Pulse,Services,2436.12,1763.28,672.84,19,C-01991,Direct,146,0.0307
2025-06-30,West,Atlas,Hardware,2416.13,1567.76,848.37,18,C-01648,Direct,85,0.2758
2025-06-30,West,Nova,Software,2608.53,1514.1,1094.43,15,C-02247,Online,155,0.1534
2025-06-30,West,Pulse,Services,2547.47,1441.37,1106.1,19,C-02098,Online,106,0.1631
